VNUM	NAME	RANK	TYPE	BATTLE_TYPE	LEVEL	SIZE	AI_FLAG	MOUNT_CAPACITY	RACE_FLAG	IMMUNE_FLAG	EMPIRE	FOLDER	ON_CLICK	ST	DX	HT	IQ	DAMAGE_MIN	DAMAGE_MAX	MAX_HP	REGEN_CYCLE	REGEN_PERCENT	GOLD_MIN	GOLD_MAX	EXP	DEF	ATTACK_SPEED	MOVE_SPEED	AGGRESSIVE_HP_PCT	AGGRESSIVE_SIGHT	ATTACK_RANGE	DROP_ITEM	RESURRECTION_VNUM	ENCHANT_CURSE	ENCHANT_SLOW	ENCHANT_POISON	ENCHANT_STUN	ENCHANT_CRITICAL	ENCHANT_PENETRATE	RESIST_SWORD	RESIST_TWOHAND	RESIST_DAGGER	RESIST_BELL	RESIST_FAN	RESIST_BOW	RESIST_FIRE	RESIST_ELECT	RESIST_MAGIC	RESIST_WIND	RESIST_POISON	DAM_MULTIPLY	SUMMON	DRAIN_SP	MOB_COLOR	POLYMORPH_ITEM	SKILL_LEVEL0	SKILL_VNUM0	SKILL_LEVEL1	SKILL_VNUM1	SKILL_LEVEL2	SKILL_VNUM2	SKILL_LEVEL3	SKILL_VNUM3	SKILL_LEVEL4	SKILL_VNUM4	SP_BERSERK	SP_STONESKIN	SP_GODSPEED	SP_DEATHBLOW	SP_REVIVE	
10	??	KING	NPC	MELEE	1			0	ANIMAL		0	aslan_buff_shaman	0	3	6	5	2	20	24	126	6	7	757	1385	15	4	100	100	0	2000	175	0	0	0	0	0	0	0	0	0	0	0	0	0	0	0	0	0	0	0	1	0	0	0	0	0	0	0	0	0	0	0	0	0	0	0	0	0	0	0	
11	??	KING	NPC	MELEE	1			0	ANIMAL		0	aslan_buff_shaman	0	3	6	5	2	20	24	126	6	7	757	1385	15	4	100	100	0	2000	175	0	0	0	0	0	0	0	0	0	0	0	0	0	0	0	0	0	0	0	1	0	0	0	0	0	0	0	0	0	0	0	0	0	0	0	0	0	0	0	
101	??	PAWN	MONSTER	MELEE	1			0	ANIMAL		0	stray_dog	0	3	6	5	2	20	24	126	6	7	757	1385	15	4	100	100	0	2000	175	0	0	0	0	0	0	0	0	0	0	0	0	0	0	0	0	0	0	0	1	0	0	0	0	0	0	0	0	0	0	0	0	0	0	0	0	0	0	0	
102	??	PAWN	MONSTER	MELEE	3			0	ANIMAL		0	wolf	0	4	9	7	2	23	28	162	6	7	757	1385	39	6	100	100	25	2000	175	30028	0	0	0	0	0	0	0	0	0	0	0	0	0	0	0	0	0	0	1	0	0	0	0	0	0	0	0	0	0	0	0	0	0	0	0	0	0	0	
103	????	PAWN	MONSTER	MELEE	4			0	ANIMAL		0	wolf	0	8	5	10	3	25	30	182	6	7	757	1385	51	7	100	130	25	2000	175	30069	0	0	0	0	0	0	0	0	0	0	0	0	0	0	0	0	0	0	1	0	0	0	0	0	0	0	0	0	0	0	0	0	0	0	0	0	0	0	
104	????	PAWN	MONSTER	MELEE	6			0	ANIMAL		0	wolf	0	9	12	6	3	25	38	225	6	7	757	1385	75	9	100	100	25	2000	175	0	0	0	0	0	0	0	0	0	0	0	0	0	0	0	0	0	0	0	1	0	0	0	0	0	0	0	0	0	0	0	0	0	0	0	0	0	0	0	
105	?? ????	PAWN	MONSTER	MELEE	9			0	ANIMAL		0	wolf	0	14	8	16	4	33	41	297	6	7	757	1385	111	13	80	100	25	2000	175	30027	0	0	0	0	0	0	0	0	0	0	0	0	0	0	0	0	0	0	1	0	0	0	0	0	0	0	0	0	0	0	0	0	0	0	0	0	0	0	
106	????	PAWN	MONSTER	MELEE	13			0	ANIMAL		0	wolf	0	21	21	10	5	40	49	412	6	7	757	1385	159	17	100	100	25	2000	175	30070	0	0	0	0	0	0	0	0	0	0	0	0	0	0	0	0	0	0	1	0	0	0	0	0	0	0	0	0	0	0	0	0	0	0	0	0	0	0	
107	?? ????	S_PAWN	MONSTER	MELEE	16			0	ANIMAL		0	wolf	0	23	24	12	6	45	55	614	6	12	757	1385	234	20	80	130	25	2000	175	0	0	0	0	0	0	5	0	0	0	0	0	0	0	0	0	0	0	0	1	0	0	0	0	0	0	0	0	0	0	0	0	0	0	0	0	0	0	0	
108	???	PAWN	MONSTER	MELEE	7			0	ANIMAL		0	wild_boar	0	14	7	10	3	30	37	248	6	7	757	1385	87	11	80	100	30	2000	175	30004	0	0	0	0	0	5	0	0	0	0	0	0	0	0	0	0	0	0	1	0	0	0	0	0	0	0	0	0	0	0	0	0	0	0	0	0	0	0	
109	?? ???	S_PAWN	MONSTER	MELEE	10			0	ANIMAL		0	wild_boar	0	22	9	13	4	35	43	389	3	7	757	1385	148	14	80	100	30	2000	175	30003	0	0	0	0	0	5	0	0	0	0	0	0	0	0	0	0	0	0	1	0	0	0	0	0	0	0	0	0	0	0	0	0	0	0	0	0	0	0	
110	?	PAWN	MONSTER	POWER	12			0	ANIMAL		0	bear	0	20	10	20	5	39	47	381	6	7	757	1385	147	16	100	70	40	2000	175	30010	0	0	0	0	0	0	0	0	0	0	0	0	0	0	0	0	0	0	1	0	0	0	0	0	0	0	0	0	0	0	0	0	0	0	0	0	0	0	
111	???	S_PAWN	MONSTER	TANKER	15			0	ANIMAL		0	bear	0	14	17	34	6	44	53	572	6	7	757	1385	220	19	100	100	40	2000	175	30071	0	0	0	0	0	0	0	0	0	0	0	0	0	0	0	0	0	0	1	0	0	0	0	0	0	0	0	0	0	0	0	0	0	0	0	0	0	0	
112	???	PAWN	MONSTER	POWER	19			0	ANIMAL		0	bear	0	36	14	21	7	50	62	624	6	7	757	1385	385	24	100	100	40	2000	175	30053	0	0	0	0	0	0	0	0	0	0	0	0	0	0	0	0	0	0	1	0	0	0	0	0	0	0	0	0	0	0	0	0	0	0	0	0	0	0	
113	??	S_PAWN	MONSTER	POWER	21			0	ANIMAL		0	bear	0	35	15	23	8	54	66	845	6	12	757	1385	510	26	100	100	40	2000	175	30072	0	0	0	0	0	0	0	0	0	0	0	0	0	0	0	0	0	0	1	0	0	0	0	0	0	0	0	0	0	0	0	0	0	0	0	0	0	0	
114	???	PAWN	MONSTER	POWER	18			0	ANIMAL		0	tiger	0	18	20	27	7	49	60	585	6	12	757	1385	365	22	100	100	50	2000	175	30038	0	0	0	0	0	0	0	0	0	0	0	0	0	0	0	0	0	0	1	0	0	0	0	0	0	0	0	0	0	0	0	0	0	0	0	0	0	0	
115	??	S_PAWN	MONSTER	POWER	24		AGGR	0	ANIMAL		0	tiger	0	25	17	45	9	59	72	1007	10	22	757	1385	582	29	100	130	50	2000	175	30023	0	0	0	0	0	0	0	0	0	0	0	0	0	0	0	0	0	0	1	0	0	0	0	0	0	0	0	0	0	0	0	0	0	0	0	0	0	0	
131	???? ??	KNIGHT	MONSTER	MELEE	8		AGGR	0	ANIMAL	CURSE	0	wolf	0	16	16	31	8	32	39	435	6	7	757	1385	198	12	100	120	100	2000	175	30028	0	10	0	0	0	0	0	0	0	0	0	0	0	0	0	0	0	0	1	0	0	16764159	0	0	0	0	0	0	0	0	0	0	0	0	0	0	0	0	
132	???? ????	S_KNIGHT	MONSTER	MELEE	9		AGGR	0	ANIMAL	CURSE	0	wolf	0	23	24	31	8	33	41	743	6	7	757	1385	444	13	100	120	100	2000	175	30069	0	10	0	0	0	0	0	0	0	0	0	0	0	0	0	0	0	0	2	0	0	16764159	0	0	0	0	0	0	0	0	0	0	0	0	0	0	0	0	
133	???? ????	KNIGHT	MONSTER	MELEE	11		AGGR	0	ANIMAL	CURSE	0	wolf	0	16	16	32	8	37	45	564	6	7	757	1385	270	15	100	120	100	2000	175	0	0	10	0	0	0	0	0	0	0	0	0	0	0	0	0	0	0	0	1	0	0	16764159	0	0	0	0	0	0	0	0	0	0	0	0	0	0	0	0	
134	???? ?? ????	S_KNIGHT	MONSTER	MELEE	14		AGGR	0	ANIMAL	CURSE	0	wolf	0	24	33	32	8	42	51	1110	6	7	757	1385	684	18	100	120	100	2000	175	30027	0	10	0	0	0	0	0	0	0	0	0	0	0	0	0	0	0	0	2	0	0	16764159	0	0	0	0	0	0	0	0	0	0	0	0	0	0	0	0	
135	???? ????	KNIGHT	MONSTER	MELEE	18		AGGR	0	ANIMAL	CURSE	0	wolf	0	17	25	25	8	49	60	936	6	7	757	1385	438	22	100	120	100	2000	175	30070	0	10	0	0	0	0	0	0	0	0	0	0	0	0	0	0	0	0	1	0	0	16764159	0	0	0	0	0	0	0	0	0	0	0	0	0	0	0	0	
136	???? ?? ????	S_KNIGHT	MONSTER	MELEE	21		AGGR	0	ANIMAL	CURSE	0	wolf	0	33	17	17	8	42	78	1761	6	12	757	1385	1020	26	100	120	100	2000	175	0	0	10	0	0	0	0	0	0	0	0	0	0	0	0	0	0	0	0	2	0	0	16764159	0	0	0	0	0	0	0	0	0	0	0	0	0	0	0	0	
137	???? ???	KNIGHT	MONSTER	MELEE	12		AGGR	0	ANIMAL	CURSE	0	wild_boar	0	35	17	26	9	30	56	610	6	7	757	1385	294	16	100	120	100	2000	175	30004	0	10	0	0	0	0	0	0	0	0	0	0	0	0	0	0	0	0	1	0	0	16764159	0	0	0	0	0	0	0	0	0	0	0	0	0	0	0	0	
138	???? ?? ???	S_KNIGHT	MONSTER	MELEE	15		AGGR	0	ANIMAL	CURSE	0	wild_boar	0	35	18	26	9	44	53	1192	6	7	757	1385	732	19	100	120	100	2000	175	30003	0	10	0	0	0	0	0	0	0	0	0	0	0	0	0	0	0	0	2	0	0	16764159	0	0	0	0	0	0	0	0	0	0	0	0	0	0	0	0	
139	???? ?	KNIGHT	MONSTER	MELEE	17		AGGR	0	ANIMAL	CURSE	0	bear	0	36	18	27	9	37	68	875	6	7	757	1385	414	21	100	120	100	2000	175	30010	0	10	0	0	0	0	0	0	0	0	0	0	0	0	0	0	0	0	1	0	0	16764159	0	0	0	0	0	0	0	0	0	0	0	0	0	0	0	0	
140	???? ???	S_KNIGHT	MONSTER	TANKER	20		AGGR	0	ANIMAL	CURSE	0	bear	0	36	19	27	9	52	64	1659	6	7	757	1385	972	25	100	120	100	2000	175	30071	0	10	0	0	0	0	0	0	0	0	0	0	0	0	0	0	0	0	2	0	0	16764159	0	0	0	0	0	0	0	0	0	0	0	0	0	0	0	0	
141	???? ???	KNIGHT	MONSTER	TANKER	24		AGGR	0	ANIMAL	CURSE	0	bear	0	37	19	28	9	46	85	1342	6	7	757	1385	582	29	100	120	100	2000	175	30053	0	10	0	0	0	0	0	0	0	0	0	0	0	0	0	0	0	0	1	0	0	16764159	0	0	0	0	0	0	0	0	0	0	0	0	0	0	0	0	
142	???? ??	S_KNIGHT	MONSTER	TANKER	26		AGGR	0	ANIMAL	CURSE	0	bear	0	37	19	28	9	62	76	2342	4	12	757	1385	1260	31	100	120	100	2000	175	30072	0	10	0	0	0	0	0	0	0	0	0	0	0	0	0	0	0	0	2	0	0	16764159	0	0	0	0	0	0	0	0	0	0	0	0	0	0	0	0	
143	???? ???	KNIGHT	MONSTER	POWER	24		AGGR	0	ANIMAL	CURSE	0	tiger	0	28	38	19	9	52	79	1342	6	12	757	1385	582	29	100	120	100	2000	175	30038	0	10	0	0	0	0	0	0	0	0	0	0	0	0	0	0	0	0	1	0	0	16764159	0	0	0	0	0	0	0	0	0	0	0	0	0	0	0	0	
144	???? ??	S_KNIGHT	MONSTER	POWER	29		AGGR	0	ANIMAL	CURSE	0	tiger	0	39	30	20	10	53	98	2685	9	22	757	1385	1404	34	100	120	100	2000	175	30023	0	10	0	0	0	0	0	0	0	0	0	0	0	0	0	0	0	0	2	0	0	16764159	0	0	0	0	0	0	0	0	0	0	0	0	0	0	0	0	
151	?? ???? ??	S_KNIGHT	MONSTER	MELEE	9			0	ANIMAL		0	wolf	0	14	8	16	4	33	41	450	6	5	757	1385	100	15	80	100	25	2000	175	0	0	0	0	0	0	20	20	0	0	0	0	0	0	0	0	0	0	0	2	0	0	13434828	0	0	0	0	0	0	0	0	0	0	0	0	0	0	0	0	
152	?? ???? ??	S_KNIGHT	MONSTER	MELEE	16			0	ANIMAL		0	wolf	0	23	24	12	6	45	55	800	8	10	757	1385	200	25	80	130	25	2000	175	0	0	0	0	0	0	20	20	0	0	0	0	0	0	0	0	0	0	0	2	0	0	13434828	0	0	0	0	0	0	0	0	0	0	0	0	0	0	0	0	
153	?? ??? ??	S_KNIGHT	MONSTER	MELEE	10			0	ANIMAL		0	wild_boar	0	22	9	13	4	35	43	600	6	5	757	1385	120	15	80	100	30	2000	175	0	0	0	0	0	0	20	20	0	0	0	0	0	0	0	0	0	0	0	2	0	0	13434828	0	0	0	0	0	0	0	0	0	0	0	0	0	0	0	0	
154	?? ??	S_KNIGHT	MONSTER	POWER	21			0	ANIMAL		0	bear	0	35	15	23	8	54	66	1000	8	10	757	1385	220	26	100	100	40	2000	175	0	0	0	0	0	0	20	20	0	0	0	0	0	0	0	0	0	0	0	2	0	0	13434828	0	0	0	0	0	0	0	0	0	0	0	0	0	0	0	0	
155	?? ??	S_KNIGHT	MONSTER	POWER	24		AGGR	0	ANIMAL		0	tiger	0	25	17	45	9	59	72	1200	15	20	757	1385	250	29	100	130	50	2000	175	0	0	0	0	0	0	20	20	0	0	0	0	0	0	0	0	0	0	0	2	0	0	13434828	0	0	0	0	0	0	0	0	0	0	0	0	0	0	0	0	
171	??? ??	PAWN	MONSTER	MELEE	1			0	ANIMAL		0	stray_dog	0	3	6	5	2	24	29	101	6	7	757	1385	11	4	100	100	0	2000	175	0	0	0	0	0	0	0	0	0	0	0	0	0	0	0	0	0	0	0	1	0	0	16764108	0	0	0	0	0	0	0	0	0	0	0	0	0	0	0	0	
172	??? ??	PAWN	MONSTER	MELEE	3			0	ANIMAL		0	wolf	0	4	9	7	2	28	34	129	6	7	757	1385	27	6	100	100	25	2000	175	30028	0	0	0	0	0	0	0	0	0	0	0	0	0	0	0	0	0	1	1	0	0	16764108	0	0	0	0	0	0	0	0	0	0	0	0	0	0	0	0	
173	??? ????	PAWN	MONSTER	MELEE	4			0	ANIMAL		0	wolf	0	8	5	10	3	30	36	145	6	7	757	1385	36	7	100	130	25	2000	175	30069	0	0	0	0	0	0	0	0	0	0	0	0	0	0	0	0	0	2	1	0	0	16764108	0	0	0	0	0	0	0	0	0	0	0	0	0	0	0	0	
174	??? ????	PAWN	MONSTER	MELEE	6			0	ANIMAL		0	wolf	0	9	12	6	3	30	46	180	6	7	757	1385	53	9	100	100	25	2000	175	0	0	0	0	0	0	0	0	0	0	0	0	0	0	0	0	0	0	3	1	0	0	16764108	0	0	0	0	0	0	0	0	0	0	0	0	0	0	0	0	
175	??? ?? ????	PAWN	MONSTER	MELEE	9			0	ANIMAL		0	wolf	0	14	8	16	4	40	49	238	6	7	757	1385	78	13	80	100	25	2000	175	30027	0	0	0	0	0	0	0	0	0	0	0	0	0	0	0	0	0	4	1	0	0	16764108	0	0	0	0	0	0	0	0	0	0	0	0	0	0	0	0	
176	??? ????	PAWN	MONSTER	MELEE	13			0	ANIMAL		0	wolf	0	21	21	10	5	48	59	329	6	7	757	1385	111	17	100	100	25	2000	175	30070	0	0	0	0	0	0	0	0	0	0	0	0	0	0	0	0	0	5	1	0	0	16764108	0	0	0	0	0	0	0	0	0	0	0	0	0	0	0	0	
177	??? ?? ????	S_PAWN	MONSTER	MELEE	16			0	ANIMAL		0	wolf	0	23	24	12	6	54	66	491	6	12	757	1385	164	20	80	130	25	2000	175	0	0	0	0	0	0	5	0	0	0	0	0	0	0	0	0	0	0	6	1	0	0	16764108	0	0	0	0	0	0	0	0	0	0	0	0	0	0	0	0	
178	??? ???	PAWN	MONSTER	MELEE	7			0	ANIMAL		0	wild_boar	0	14	7	10	3	36	44	198	6	7	757	1385	61	11	80	100	30	2000	175	30004	0	0	0	0	0	5	0	0	0	0	0	0	0	0	0	0	0	7	1	0	0	16764108	0	0	0	0	0	0	0	0	0	0	0	0	0	0	0	0	
179	??? ?? ???	S_PAWN	MONSTER	MELEE	10			0	ANIMAL		0	wild_boar	0	22	9	13	4	42	52	311	3	7	757	1385	103	14	80	100	30	2000	175	30003	0	0	0	0	0	5	0	0	0	0	0	0	0	0	0	0	0	8	1	0	0	16764108	0	0	0	0	0	0	0	0	0	0	0	0	0	0	0	0	
180	??? ?	PAWN	MONSTER	POWER	12			0	ANIMAL		0	bear	0	20	10	20	5	47	56	305	6	7	757	1385	103	16	100	70	40	2000	175	30010	0	0	0	0	0	0	0	0	0	0	0	0	0	0	0	0	0	9	1	0	0	16764108	0	0	0	0	0	0	0	0	0	0	0	0	0	0	0	0	
181	??? ???	S_PAWN	MONSTER	TANKER	15			0	ANIMAL		0	bear	0	14	17	34	6	53	64	458	6	7	757	1385	154	19	100	100	40	2000	175	30071	0	0	0	0	0	0	0	0	0	0	0	0	0	0	0	0	0	10	1	0	0	16764108	0	0	0	0	0	0	0	0	0	0	0	0	0	0	0	0	
182	??? ???	PAWN	MONSTER	POWER	19			0	ANIMAL		0	bear	0	36	14	21	7	60	74	499	6	7	757	1385	270	24	100	100	40	2000	175	30053	0	0	0	0	0	0	0	0	0	0	0	0	0	0	0	0	0	11	1	0	0	16764108	0	0	0	0	0	0	0	0	0	0	0	0	0	0	0	0	
183	??? ??	S_PAWN	MONSTER	POWER	21			0	ANIMAL		0	bear	0	35	15	23	8	65	79	676	6	12	757	1385	357	26	100	100	40	2000	175	30072	0	0	0	0	0	0	0	0	0	0	0	0	0	0	0	0	0	12	1	0	0	16764108	0	0	0	0	0	0	0	0	0	0	0	0	0	0	0	0	
184	??? ???	PAWN	MONSTER	POWER	18			0	ANIMAL		0	tiger	0	18	20	27	7	59	72	468	6	12	757	1385	256	22	100	100	50	2000	175	30038	0	0	0	0	0	0	0	0	0	0	0	0	0	0	0	0	0	13	1	0	0	16764108	0	0	0	0	0	0	0	0	0	0	0	0	0	0	0	0	
185	??? ??	S_PAWN	MONSTER	POWER	24		AGGR	0	ANIMAL		0	tiger	0	25	17	45	9	71	86	805	10	22	757	1385	407	29	100	130	50	2000	175	30023	0	0	0	0	0	0	0	0	0	0	0	0	0	0	0	0	0	14	1	0	0	16764108	0	0	0	0	0	0	0	0	0	0	0	0	0	0	0	0	
191	???	S_KNIGHT	MONSTER	MELEE	30			0	ANIMAL	STUN,SLOW,CURSE,TERROR	0	mountain_dog_god	0	39	20	30	10	52	96	2940	4	12	757	1385	2420	35	100	140	100	2000	175	0	0	0	0	0	3	5	20	0	0	0	0	0	0	0	0	0	0	0	2	0	0	0	0	0	0	0	0	0	0	0	0	0	0	0	0	0	0	0	
192	??	S_KNIGHT	MONSTER	MELEE	31			0	ANIMAL	STUN,SLOW,CURSE,TERROR	0	wild_boar_god	0	30	20	41	10	68	84	3069	14	17	757	1385	2500	37	100	140	100	2000	175	0	0	0	0	0	3	5	20	0	0	0	0	0	0	0	0	0	0	0	2	0	0	0	0	0	0	0	0	0	0	0	0	0	0	0	0	0	0	0	
193	??	S_KNIGHT	MONSTER	TANKER	33			0	ANIMAL	STUN,SLOW,CURSE,TERROR	0	bear	0	32	22	43	11	72	88	3385	19	22	757	1385	2660	39	100	140	100	2000	175	0	0	0	0	0	3	5	20	0	0	0	0	0	0	0	0	0	0	0	2	0	0	0	0	0	0	0	0	0	0	0	0	0	0	0	0	0	0	0	
194	??	S_KNIGHT	MONSTER	POWER	35			0	ANIMAL	STUN,SLOW,CURSE,TERROR	0	tiger	0	23	45	34	11	67	100	3616	24	27	757	1385	2820	41	100	140	100	2000	175	0	0	0	0	0	3	5	20	0	0	0	0	0	0	0	0	0	0	0	2	0	0	0	0	0	0	0	0	0	0	0	0	0	0	0	0	0	0	0	
301	???????	PAWN	MONSTER	MELEE	18			0	HUMAN	SLOW	0	bksoldier	0	27	20	13	7	49	60	613	6	5	757	1385	365	22	100	120	35	2000	175	30034	0	0	0	0	0	0	0	0	0	0	0	0	0	0	0	0	0	0	1	0	0	0	0	0	0	0	0	0	0	0	0	0	0	0	0	0	0	0	
302	?????ú?	PAWN	MONSTER	RANGE	20			0	HUMAN	SLOW	0	bkarcher	0	22	29	15	7	46	70	506	6	7	757	1385	405	25	60	130	35	2000	650	30031	0	0	0	0	0	1	0	0	0	0	0	0	0	0	0	0	0	0	1	0	0	0	0	0	0	0	0	0	0	0	0	0	0	0	0	0	0	0	
303	???????? ??	S_PAWN	MONSTER	MELEE	25			0	HUMAN	SLOW	0	bkknight	0	35	26	18	9	47	88	1115	8	12	1007	1435	848	30	100	120	35	2000	175	30011	0	0	0	0	0	0	0	0	0	0	0	0	0	0	0	0	0	0	1	0	0	0	0	0	0	0	0	0	0	0	0	0	0	0	0	0	0	0	
304	???????? ??	S_PAWN	MONSTER	MELEE	25		AGGR	0	HUMAN	SLOW	0	bkknight	0	35	26	18	9	61	74	1115	8	12	1007	1435	848	30	100	120	35	2000	175	30073	0	0	0	0	0	0	0	0	0	0	0	0	0	0	0	0	0	0	1	0	0	0	0	0	0	0	0	0	0	0	0	0	0	0	0	0	0	0	
331	???? ??	S_PAWN	MONSTER	MELEE	18		AGGR	0	HUMAN	SLOW	0	bksoldier	0	27	20	13	7	56	69	1450	12	7	1007	1435	558	22	110	120	35	2000	150	30034	0	0	0	0	0	10	10	0	-5	0	0	0	0	0	0	0	30	0	2	0	0	13434828	0	0	0	0	0	0	0	0	0	0	0	0	0	0	0	0	
332	???? ??	S_PAWN	MONSTER	RANGE	20		AGGR	0	HUMAN	SLOW	0	bkarcher	0	22	29	15	7	53	80	1622	12	7	1007	2735	606	25	70	130	35	2000	650	30031	0	0	0	0	0	10	10	0	-5	0	0	0	0	0	0	0	30	0	2	0	0	13434828	0	0	0	0	0	0	0	0	0	0	0	0	0	0	0	0	
333	???? ??	KNIGHT	MONSTER	MELEE	25		AGGR	0	HUMAN	SLOW	0	bkknight	0	35	26	18	9	53	99	3207	10	7	1007	2735	1452	30	110	120	35	2000	150	30011	0	0	0	0	0	10	10	0	-5	0	0	0	0	0	0	0	30	0	2	0	0	13434828	0	0	0	0	0	0	0	0	0	0	0	0	0	0	0	0	
334	???? ??	KNIGHT	MONSTER	MELEE	25		AGGR	0	HUMAN	SLOW	0	bkknight	0	35	26	18	9	53	99	3207	10	7	1007	2735	1452	30	110	120	35	2000	150	30073	0	0	0	0	0	10	10	0	-5	0	0	0	0	0	0	0	30	0	2	0	0	13434828	0	0	0	0	0	0	0	0	0	0	0	0	0	0	0	0	
351	????? ???????	S_PAWN	MONSTER	MELEE	18			0	HUMAN	SLOW	0	bksoldier	0	27	20	13	7	59	72	490	6	5	1007	2735	256	22	100	120	35	2000	175	30034	0	0	0	0	0	0	0	0	0	0	0	0	0	0	0	0	0	0	1	0	0	16764108	0	0	0	0	0	0	0	0	0	0	0	0	0	0	0	0	
352	????? ?????ú?	S_PAWN	MONSTER	RANGE	20			0	HUMAN	SLOW	0	bkarcher	0	22	29	15	7	55	84	404	6	7	1007	2735	284	25	60	130	35	2000	650	30031	0	0	0	0	0	1	0	0	0	0	0	0	0	0	0	0	0	0	1	0	0	16764108	0	0	0	0	0	0	0	0	0	0	0	0	0	0	0	0	
353	????? ???????? ??	KNIGHT	MONSTER	MELEE	25			0	HUMAN	SLOW	0	bkknight	0	35	26	18	9	56	106	892	8	12	1007	2735	594	30	100	120	35	2000	175	30011	0	0	0	0	0	0	0	0	0	0	0	0	0	0	0	0	0	0	1	0	0	16764108	0	0	0	0	0	0	0	0	0	0	0	0	0	0	0	0	
354	????? ???????? ??	KNIGHT	MONSTER	MELEE	25			0	HUMAN	SLOW	0	bkknight	0	35	26	18	9	73	89	892	8	12	1007	2735	594	30	100	120	35	2000	175	30073	0	0	0	0	0	0	0	0	0	0	0	0	0	0	0	0	0	0	1	0	0	16764108	0	0	0	0	0	0	0	0	0	0	0	0	0	0	0	0	
391	??	S_KNIGHT	MONSTER	MAGIC	23			0	HUMAN	SLOW	0	bksecond	0	32	16	24	8	44	82	2076	9	17	1007	2735	2604	28	100	150	100	2000	175	30018	0	0	0	0	0	1	1	0	0	0	0	0	0	0	0	0	0	0	2	0	0	0	0	0	0	0	0	0	0	0	0	0	0	0	0	0	0	0	
392	??	S_KNIGHT	MONSTER	MAGIC	26			0	HUMAN	SLOW	0	bkthird	0	36	18	27	9	48	89	2453	14	22	1007	2735	2940	31	100	150	100	2000	175	30017	0	0	0	0	0	1	1	0	0	0	0	0	0	0	0	0	0	0	2	0	0	0	0	0	0	0	0	0	0	0	0	0	0	0	0	0	0	0	
393	??	S_KNIGHT	MONSTER	MAGIC	28			0	HUMAN	SLOW	0	bkfourth	0	38	19	29	10	51	94	2692	19	27	1007	2735	3164	33	100	150	100	2000	175	30035	0	0	0	0	0	1	1	0	0	0	0	0	0	0	0	0	0	0	2	0	0	0	0	0	0	0	0	0	0	0	0	0	0	0	0	0	0	0	
394	??	S_KNIGHT	MONSTER	MAGIC	31			0	HUMAN	SLOW	0	bkboss	0	42	21	31	10	55	101	3069	19	32	1007	2735	3500	37	100	150	100	2000	175	30073	0	0	0	0	0	1	1	0	0	0	0	0	0	0	0	0	0	0	2	0	0	0	0	0	0	0	0	0	0	0	0	0	0	0	0	0	0	0	
395	??? ??	S_KNIGHT	MONSTER	MAGIC	23			0	HUMAN	SLOW	0	bksecond	0	32	16	24	8	71	86	392	9	17	1007	2735	1823	28	100	150	100	2000	175	30018	0	0	0	0	0	1	1	0	0	0	0	0	0	0	0	0	0	0	2	0	0	0	0	0	0	0	0	0	0	0	0	0	0	0	0	0	0	0	
396	??? ??	S_KNIGHT	MONSTER	MAGIC	26			0	HUMAN	SLOW	0	bkthird	0	36	18	27	9	66	101	324	14	22	1007	2735	2058	31	100	150	100	2000	175	30017	0	0	0	0	0	1	1	0	0	0	0	0	0	0	0	0	0	0	2	0	0	0	0	0	0	0	0	0	0	0	0	0	0	0	0	0	0	0	
397	??? ??	S_KNIGHT	MONSTER	MAGIC	28			0	HUMAN	SLOW	0	bkfourth	0	38	19	29	10	68	127	714	19	27	1007	2735	2215	33	100	150	100	2000	175	30035	0	0	0	0	0	1	1	0	0	0	0	0	0	0	0	0	0	0	2	0	0	0	0	0	0	0	0	0	0	0	0	0	0	0	0	0	0	0	
398	??? ??	S_KNIGHT	MONSTER	MAGIC	31			0	HUMAN	SLOW	0	bkboss	0	42	21	31	10	88	107	714	19	32	1007	2735	2450	37	100	150	100	2000	175	30073	0	0	0	0	0	1	1	0	0	0	0	0	0	0	0	0	0	0	2	0	0	0	0	0	0	0	0	0	0	0	0	0	0	0	0	0	0	0	
401	??????	PAWN	MONSTER	MELEE	26			0	HUMAN,ATT_WIND		0	thief1	0	36	18	27	9	62	75	981	6	5	1007	2735	735	31	100	110	50	2000	175	30032	0	0	0	0	0	0	0	0	0	0	0	0	0	0	0	0	0	0	1	0	0	0	0	0	0	0	0	0	0	0	0	0	0	0	0	0	0	0	
402	???????	PAWN	MONSTER	MELEE	27			0	HUMAN,ATT_WIND		0	thief2	0	37	19	28	9	70	100	1027	8	10	1007	2735	763	32	80	150	50	2000	175	30074	0	0	0	0	0	1	0	0	0	0	0	0	0	0	0	0	0	0	1	0	0	0	0	0	0	0	0	0	0	0	0	0	0	0	0	0	0	0	
403	????ü?	PAWN	MONSTER	RANGE	29			0	HUMAN,ATT_WIND		0	thief3	0	30	39	10	10	67	82	818	6	7	1007	2735	819	34	60	150	50	2000	850	0	0	0	0	0	0	5	0	0	0	0	0	0	0	0	0	0	0	0	1	0	0	0	0	0	0	0	0	0	0	0	0	0	0	0	0	0	0	0	
404	??????? ???	S_PAWN	MONSTER	POWER	30			0	HUMAN,ATT_WIND		0	thiefboss1	0	30	20	45	10	65	110	1411	8	12	1007	2735	1016	35	100	100	50	2000	175	30021	0	0	0	0	0	1	0	0	0	0	0	0	0	0	0	0	0	0	1	0	0	0	0	0	0	0	0	0	0	0	0	0	0	0	0	0	0	0	
405	??????? ????	S_PAWN	MONSTER	MELEE	33			0	HUMAN,ATT_WIND		0	thiefboss2	0	33	22	33	11	57	105	1625	6	7	1007	2735	1117	39	120	150	50	2000	175	30005	0	0	0	0	0	1	0	0	0	0	0	0	0	0	0	0	0	0	1	0	0	0	0	0	0	0	0	0	0	0	0	0	0	0	0	0	0	0	
406	??????? ???	S_PAWN	MONSTER	MELEE	35			0	HUMAN,ATT_WIND		0	thiefboss3	0	35	23	42	12	59	110	1736	8	12	1007	2735	1184	41	100	100	50	2000	175	30030	0	0	0	0	0	0	0	0	0	0	0	0	0	0	0	0	0	0	1	0	0	0	0	0	0	0	0	0	0	0	0	0	0	0	0	0	0	0	
431	?????? ???	KNIGHT	MONSTER	MELEE	31			0	HUMAN,ATT_WIND	SLOW	0	thief1	0	37	25	49	12	55	101	1571	12	9	1007	2735	750	37	110	100	100	2000	150	0	0	0	0	0	5	15	15	0	-5	0	0	0	0	0	0	0	0	0	2	0	0	0	0	0	0	0	0	0	0	0	0	0	0	0	0	0	0	0	
432	???????? ???	KNIGHT	MONSTER	MELEE	33			0	HUMAN,ATT_WIND	SLOW	0	thief2	0	37	49	25	12	73	89	1733	12	9	1007	2735	798	39	110	150	100	2000	150	0	0	0	0	5	0	15	15	0	-5	0	0	0	0	0	0	0	0	0	2	0	0	0	0	0	0	0	0	0	0	0	0	0	0	0	0	0	0	0	
433	????ü? ???	KNIGHT	MONSTER	RANGE	35			0	HUMAN,ATT_WIND	SLOW	0	thief3	0	38	25	50	13	59	110	1852	12	9	1007	2735	846	41	70	120	100	2000	850	0	0	0	0	5	5	15	15	0	-5	0	0	0	0	0	0	0	0	0	2	0	0	0	0	0	0	0	0	0	0	0	0	0	0	0	0	0	0	0	
434	??????? ???	S_KNIGHT	MONSTER	MELEE	36			0	HUMAN,ATT_WIND	SLOW	0	thiefboss1	0	38	50	25	13	78	95	3010	8	9	1007	2735	1740	42	110	120	100	2000	150	0	0	0	0	5	0	15	15	0	-5	0	0	0	0	0	0	0	0	0	2	0	0	0	0	0	0	0	0	0	0	0	0	0	0	0	0	0	0	0	
435	??????? ???	S_KNIGHT	MONSTER	MELEE	38			0	HUMAN,ATT_WIND	SLOW	0	thiefboss2	0	26	39	51	13	63	117	3249	8	9	1007	2735	1836	44	110	120	100	2000	150	0	0	0	0	0	5	15	15	0	-5	0	0	0	0	0	0	0	0	0	2	0	0	0	0	0	0	0	0	0	0	0	0	0	0	0	0	0	0	0	
436	??????? ????	S_KNIGHT	MONSTER	MELEE	40			0	HUMAN,ATT_WIND	SLOW	0	thiefboss3	0	51	26	39	13	66	122	3500	8	9	1007	2735	1932	46	110	120	100	2000	150	0	0	0	0	5	0	15	15	0	-5	0	0	0	0	0	0	0	0	0	2	0	0	0	0	0	0	0	0	0	0	0	0	0	0	0	0	0	0	0	
451	?????? ??????	PAWN	MONSTER	MELEE	26			0	HUMAN,ATT_WIND		0	thief1	0	36	18	27	9	74	90	785	6	5	1007	2735	515	31	100	110	50	2000	175	30032	0	0	0	0	0	0	0	0	0	0	0	0	0	0	0	0	0	0	1	0	0	16764108	0	0	0	0	0	0	0	0	0	0	0	0	0	0	0	0	
452	?????? ???????	PAWN	MONSTER	MELEE	27			0	HUMAN,ATT_WIND		0	thief2	0	37	19	28	9	84	120	822	8	10	1007	2735	534	32	80	150	50	2000	175	30074	0	0	0	0	0	1	0	0	0	0	0	0	0	0	0	0	0	0	1	0	0	16764108	0	0	0	0	0	0	0	0	0	0	0	0	0	0	0	0	
453	?????? ????ü?	PAWN	MONSTER	RANGE	29			0	HUMAN,ATT_WIND		0	thief3	0	30	39	10	10	80	98	655	6	7	1007	2735	573	34	60	150	50	2000	850	0	0	0	0	0	0	5	0	0	0	0	0	0	0	0	0	0	0	0	1	0	0	16764108	0	0	0	0	0	0	0	0	0	0	0	0	0	0	0	0	
454	?????? ??????? ???	S_PAWN	MONSTER	POWER	30			0	HUMAN,ATT_WIND		0	thiefboss1	0	30	20	45	10	78	132	1129	8	12	1007	2735	711	35	100	100	50	2000	175	30021	0	0	0	0	0	1	0	0	0	0	0	0	0	0	0	0	0	0	1	0	0	16764108	0	0	0	0	0	0	0	0	0	0	0	0	0	0	0	0	
455	?????? ??????? ????	S_PAWN	MONSTER	MELEE	33			0	HUMAN,ATT_WIND		0	thiefboss2	0	33	22	33	11	68	126	1300	6	7	1007	2735	782	39	120	150	50	2000	175	30005	0	0	0	0	0	1	0	0	0	0	0	0	0	0	0	0	0	0	1	0	0	16764108	0	0	0	0	0	0	0	0	0	0	0	0	0	0	0	0	
456	?????? ??????? ???	S_PAWN	MONSTER	MELEE	35			0	HUMAN,ATT_WIND		0	thiefboss3	0	35	23	42	12	71	132	1389	8	12	1007	2735	829	41	100	100	50	2000	175	30030	0	0	0	0	0	0	0	0	0	0	0	0	0	0	0	0	0	0	1	0	0	16764108	0	0	0	0	0	0	0	0	0	0	0	0	0	0	0	0	
491	???	S_KNIGHT	MONSTER	TANKER	32			0	HUMAN,ATT_WIND	STUN,SLOW,CURSE,TERROR	0	maenghwan	0	42	21	32	11	75	110	3201	9	22	1007	2735	3612	38	100	130	100	2000	175	0	0	0	0	0	0	5	20	0	0	0	0	0	0	0	0	0	0	0	2	0	0	0	0	0	0	0	0	0	0	0	0	0	0	0	0	0	0	0	
492	???	S_KNIGHT	MONSTER	MELEE	37			0	HUMAN,ATT_WIND	STUN,SLOW,CURSE,TERROR	0	bou	0	48	24	36	12	62	115	3911	14	17	1007	2735	4172	43	100	130	100	2000	175	0	0	0	0	0	0	5	20	0	0	0	0	0	0	0	0	0	0	0	2	0	0	0	0	0	0	0	0	0	0	0	0	0	0	0	0	0	0	0	
493	???	S_KNIGHT	MONSTER	POWER	39			0	HUMAN,ATT_WIND	STUN,SLOW,CURSE,TERROR	0	gupae	0	51	25	38	13	65	120	4219	4	12	1007	2735	4396	45	100	130	100	2000	175	0	0	0	0	0	0	5	20	0	0	0	0	0	0	0	0	0	0	0	2	0	0	0	0	0	0	0	0	0	0	0	0	0	0	0	0	0	0	0	
494	???	S_KNIGHT	MONSTER	MELEE	45			0	HUMAN,ATT_WIND	STUN,SLOW,CURSE,TERROR	0	chuhen	0	57	43	29	14	72	133	5220	19	27	1007	2735	5068	52	100	150	100	2000	300	0	0	0	0	0	0	5	30	0	0	0	0	0	0	0	0	0	0	0	2	0	0	0	0	0	0	0	0	0	0	0	0	0	0	0	0	0	0	0	
501	?????	PAWN	MONSTER	MELEE	29			0	HUMAN	STUN	0	barbarian_infantry	0	20	39	30	10	67	82	1404	6	5	1007	2735	819	36	108	150	50	2000	175	30033	0	0	0	0	0	1	2	0	0	0	0	0	0	0	0	0	0	0	1	0	0	0	0	0	0	0	0	0	0	0	0	0	0	0	0	0	0	0	
502	?????	PAWN	MONSTER	MELEE	32			0	HUMAN	STUN	0	barbarian_soldier	0	32	21	42	11	71	87	1625	8	12	1007	2735	903	40	108	110	50	2000	175	30041	0	0	0	0	0	1	2	0	0	0	0	0	0	0	0	0	0	0	1	0	0	0	0	0	0	0	0	0	0	0	0	0	0	0	0	0	0	0	
503	?????	S_PAWN	MONSTER	RANGE	35			0	HUMAN	STUN	0	barbarian_bow	0	23	46	17	12	68	102	1262	6	7	1007	2735	1184	43	60	120	50	2000	850	30052	0	0	0	0	0	1	2	0	0	0	0	0	0	0	0	0	0	0	1	0	0	0	0	0	0	0	0	0	0	0	0	0	0	0	0	0	0	0	
504	?????	KNIGHT	MONSTER	MELEE	36			0	HUMAN	STUN	0	barbarian_knight	0	47	24	35	12	78	95	2240	8	17	1007	2735	2030	44	108	130	50	2000	175	30092	0	0	0	0	0	3	2	0	0	0	0	0	0	0	0	0	0	0	1	0	0	0	0	0	0	0	0	0	0	0	0	0	0	0	0	0	0	0	
531	????? ??	KNIGHT	MONSTER	MELEE	35		AGGR	0	HUMAN	STUN	0	barbarian_infantry	0	41	55	28	14	76	93	1852	12	7	1007	2735	513	41	110	100	100	2000	150	30075	0	0	0	0	0	15	15	0	-5	0	0	0	0	0	0	0	0	0	2	0	0	0	0	0	0	0	0	0	0	0	0	0	0	0	0	0	0	0	
532	????? ??	KNIGHT	MONSTER	MELEE	37		AGGR	0	HUMAN	STUN	0	barbarian_soldier	0	42	56	28	14	71	106	2002	12	7	1007	2735	542	43	110	100	100	2000	150	0	0	0	5	0	0	15	15	0	-5	0	0	0	0	0	0	0	0	0	2	0	0	0	0	0	0	0	0	0	0	0	0	0	0	0	0	0	0	0	
533	????? ??	S_KNIGHT	MONSTER	RANGE	40		AGGR	0	HUMAN	STUN	0	barbarian_bow	0	43	57	15	14	75	113	3500	8	7	1007	2735	1172	46	70	100	100	2000	850	30075	0	0	0	0	5	15	15	0	-5	0	0	0	0	0	0	0	0	0	2	0	0	0	0	0	0	0	0	0	0	0	0	0	0	0	0	0	0	0	
534	?????? ??	S_KNIGHT	MONSTER	MELEE	42		AGGR	0	HUMAN	STUN	0	barbarian_knight	0	59	29	44	15	68	126	3762	8	7	1007	2735	1230	49	110	100	100	2000	150	0	0	0	0	0	0	15	15	0	-5	0	0	0	0	0	0	0	0	0	2	0	0	0	0	0	0	0	0	0	0	0	0	0	0	0	0	0	0	0	
551	??? ?????	PAWN	MONSTER	MELEE	29			0	HUMAN	STUN	0	barbarian_infantry	0	20	39	30	10	80	98	1123	6	5	1007	2735	819	36	108	150	50	2000	175	30033	0	0	0	0	0	1	2	0	0	0	0	0	0	0	0	0	0	0	1	0	0	16764108	0	0	0	0	0	0	0	0	0	0	0	0	0	0	0	0	
552	??? ?????	PAWN	MONSTER	MELEE	32			0	HUMAN	STUN	0	barbarian_soldier	0	20	21	42	11	85	104	1300	8	12	1007	2735	903	40	108	110	50	2000	175	30041	0	0	0	0	0	1	2	0	0	0	0	0	0	0	0	0	0	0	1	0	0	16764108	0	0	0	0	0	0	0	0	0	0	0	0	0	0	0	0	
553	??? ?????	S_PAWN	MONSTER	RANGE	35			0	HUMAN	STUN	0	barbarian_bow	0	32	46	17	12	82	122	1010	6	7	1007	2735	1184	43	60	120	50	2000	850	30052	0	0	0	0	0	1	2	0	0	0	0	0	0	0	0	0	0	0	1	0	0	16764108	0	0	0	0	0	0	0	0	0	0	0	0	0	0	0	0	
554	??? ?????	KNIGHT	MONSTER	MELEE	36			0	HUMAN	STUN	0	barbarian_knight	0	23	24	35	12	94	114	1792	8	17	1007	2735	2030	44	108	130	50	2000	175	30092	0	0	0	0	0	3	2	0	0	0	0	0	0	0	0	0	0	0	1	0	0	16764108	0	0	0	0	0	0	0	0	0	0	0	0	0	0	0	0	
591	?????	BOSS	MONSTER	MELEE	42		AGGR	0	HUMAN	STUN,SLOW,CURSE,TERROR	0	barbarian_boss	0	40	27	54	13	68	126	18810	29	32	1007	2735	20280	49	100	100	100	2000	175	30075	0	0	0	0	0	50	15	0	0	0	0	0	0	0	0	0	0	0	2	0	0	0	0	0	0	0	0	0	0	0	0	0	0	0	0	0	0	0	
595	????? ??	KNIGHT	MONSTER	RANGE	42		AGGR	0	HUMAN	STUN,SLOW,CURSE,TERROR	0	barbarian_bow	0	40	27	54	13	68	126	4703	30	30	1007	2735	6422	49	100	100	100	2000	175	30075	0	0	0	0	0	50	15	0	0	0	0	0	0	0	0	0	0	0	2	0	0	13421823	0	0	0	0	0	0	0	0	0	0	0	0	0	0	0	0	
601	???? ???	PAWN	MONSTER	MELEE	26			0	ORC		0	orc_soldier	0	42	28	56	14	91	111	2268	6	2	1007	3035	1038	50	110	100	35	2000	150	0	0	0	0	0	5	15	15	0	-5	0	0	0	0	0	0	0	0	0	2	0	0	13421823	0	0	0	0	0	0	0	0	0	0	0	0	0	0	0	0	
602	??? ??? ???	S_PAWN	MONSTER	MELEE	29			0	ORC		0	orc_scouter	0	43	29	57	14	92	113	2348	6	2	1007	3035	1062	51	110	100	35	2000	150	0	0	0	0	0	0	15	15	0	-5	0	0	0	0	0	0	0	0	0	2	0	0	13421823	0	0	0	0	0	0	0	0	0	0	0	0	0	0	0	0	
603	??? ?? ???	S_PAWN	MONSTER	MELEE	31			0	ORC		0	orc_knight	0	44	29	59	14	94	115	2429	6	2	1007	3035	1086	52	110	100	35	2000	150	0	0	0	0	0	5	15	15	0	-5	0	0	0	0	0	0	0	0	0	2	0	0	13421823	0	0	0	0	0	0	0	0	0	0	0	0	0	0	0	0	
604	??? ?? ???	KNIGHT	MONSTER	MAGIC	33			0	ORC		0	orc_magician	0	45	60	30	15	96	117	2514	6	2	1007	3035	1110	53	110	100	35	2000	150	0	0	0	0	0	0	15	15	0	-5	0	0	0	0	0	0	0	0	0	2	0	0	13421823	0	0	0	0	0	0	0	0	0	0	0	0	0	0	0	0	
631	????	PAWN	MONSTER	MELEE	34			0	ORC		0	orc_soldier	0	32	21	42	11	44	66	1390	6	5	1007	3035	959	40	120	150	100	2000	175	30007	0	0	0	0	1	0	1	0	0	0	0	0	0	0	0	0	0	0	1	0	0	0	0	0	0	0	0	0	0	0	0	0	0	0	0	0	0	0	
632	??? ???	S_PAWN	MONSTER	MELEE	36			0	ORC		0	orc_scouter	0	28	22	45	11	80	120	1806	8	10	1007	3035	1218	42	100	150	100	2000	175	30076	0	0	0	0	1	0	1	0	0	0	0	0	0	0	0	0	0	0	1	0	0	0	0	0	0	0	0	0	0	0	0	0	0	0	0	0	0	0	
633	??? ??	S_PAWN	MONSTER	MELEE	39			0	ORC		0	orc_knight	0	25	48	43	12	80	97	2025	6	7	1007	3035	1319	45	100	100	100	2000	175	0	0	0	0	0	1	5	0	0	0	0	0	0	0	0	0	0	0	0	1	0	0	0	0	0	0	0	0	0	0	0	0	0	0	0	0	0	0	0	
634	??? ??	KNIGHT	MONSTER	MAGIC	40			0	ORC		0	orc_magician	0	37	25	50	12	81	99	2800	8	12	1007	3035	2254	46	100	100	100	2000	175	0	0	0	0	0	1	0	1	0	0	0	0	0	0	0	0	0	0	0	1	0	0	0	0	0	0	0	0	0	0	0	0	0	0	0	0	0	0	0	
635	??? ??	KNIGHT	MONSTER	MELEE	44			0	ORC		0	orc_general	0	40	53	27	13	86	106	3228	8	12	1007	3135	2478	51	100	100	100	2000	175	30076	0	0	0	0	1	0	1	0	0	0	0	0	0	0	0	0	0	0	1	0	0	0	0	0	0	0	0	0	0	0	0	0	0	0	0	0	0	0	
636	???	S_KNIGHT	MONSTER	MELEE	46			0	ORC		0	orc_black	0	20	28	75	14	54	99	5401	9	17	1007	3135	5180	53	100	100	100	2000	175	30006	0	0	0	0	1	0	1	0	0	0	0	0	0	0	0	0	0	0	2	0	0	0	0	0	0	0	0	0	0	0	0	0	0	0	0	0	0	0	
637	?? ???	S_KNIGHT	MONSTER	MELEE	49			0	ORC		0	orc_bigblack	0	45	30	60	15	75	138	5959	8	12	1007	3135	5516	56	100	100	100	2000	175	30077	0	0	0	0	1	0	1	0	0	0	0	0	0	0	0	0	0	0	2	0	0	0	0	0	0	0	0	0	0	0	0	0	0	0	0	0	0	0	
651	??? ????	PAWN	MONSTER	MELEE	34			0	ORC		0	orc_soldier	0	32	21	42	11	53	79	1112	6	5	1007	3135	671	40	120	150	100	2000	175	30007	0	0	0	0	1	0	1	0	0	0	0	0	0	0	0	0	0	0	1	0	0	16764108	0	0	0	0	0	0	0	0	0	0	0	0	0	0	0	0	
652	??? ??? ???	S_PAWN	MONSTER	MELEE	36			0	ORC		0	orc_scouter	0	28	22	45	11	96	144	1445	8	10	1007	3135	853	42	100	150	100	2000	175	30076	0	0	0	0	1	0	1	0	0	0	0	0	0	0	0	0	0	0	1	0	0	16764108	0	0	0	0	0	0	0	0	0	0	0	0	0	0	0	0	
653	??? ??? ??	S_PAWN	MONSTER	MELEE	39			0	ORC		0	orc_knight	0	25	48	43	12	96	116	1620	6	7	1007	3135	923	45	100	100	100	2000	175	0	0	0	0	0	1	5	0	0	0	0	0	0	0	0	0	0	0	0	1	0	0	16764108	0	0	0	0	0	0	0	0	0	0	0	0	0	0	0	0	
654	??? ??? ??	KNIGHT	MONSTER	MAGIC	40			0	ORC		0	orc_magician	0	37	25	50	12	97	119	2240	8	12	1007	3135	1578	46	100	100	100	2000	175	0	0	0	0	0	1	0	1	0	0	0	0	0	0	0	0	0	0	0	1	0	0	16764108	0	0	0	0	0	0	0	0	0	0	0	0	0	0	0	0	
655	??? ??? ??	KNIGHT	MONSTER	MELEE	44			0	ORC		0	orc_general	0	40	53	27	13	103	127	2582	8	12	1007	3135	1735	51	100	100	100	2000	175	30076	0	0	0	0	1	0	1	0	0	0	0	0	0	0	0	0	0	0	1	0	0	16764108	0	0	0	0	0	0	0	0	0	0	0	0	0	0	0	0	
656	??? ???	S_KNIGHT	MONSTER	MELEE	46			0	ORC		0	orc_black	0	20	28	75	14	65	119	4321	9	17	1007	3135	3626	53	100	100	100	2000	175	30006	0	0	0	0	1	0	1	0	0	0	0	0	0	0	0	0	0	0	2	0	0	16764108	0	0	0	0	0	0	0	0	0	0	0	0	0	0	0	0	
657	??? ?? ???	S_KNIGHT	MONSTER	MELEE	49			0	ORC		0	orc_bigblack	0	45	30	60	15	90	166	4767	8	12	1007	3135	3861	56	100	100	100	2000	175	30077	0	0	0	0	1	0	1	0	0	0	0	0	0	0	0	0	0	0	2	0	0	16764108	0	0	0	0	0	0	0	0	0	0	0	0	0	0	0	0	
691	?? ??	BOSS	MONSTER	MELEE	50		AGGR	0	ORC	STUN,SLOW,CURSE,TERROR	0	orc_lord	0	48	32	63	16	79	146	24618	19	22	1007	3135	20422	57	100	100	100	2000	175	0	0	0	0	0	10	0	0	0	0	0	0	0	0	0	0	0	0	0	2	0	0	0	0	0	0	0	0	0	0	0	0	0	0	0	0	0	0	0	
692	??? ??	BOSS	MONSTER	MELEE	50		AGGR	0	ORC	STUN,SLOW,CURSE,TERROR	0	orc_lord	0	48	32	63	16	79	146	24618	20	20	1007	3135	7558	57	100	100	100	2000	175	0	0	0	0	0	10	0	0	0	0	0	0	0	0	0	0	0	0	0	0	0	0	0	0	0	0	0	0	0	0	0	0	0	0	0	0	0	0	0	
693	?????	KING	MONSTER	MELEE	97		AGGR,BERSERK,STONESKIN,DEATHBLOW,REVIVE	0	ORC	STUN,SLOW,CURSE,TERROR	0	orc_lord	0	122	91	61	30	150	278	2568600	30	20	1007	2735	356400	90	150	160	100	2000	350	0	0	0	0	0	0	15	20	30	25	30	30	30	50	100	50	50	50	20	2	2414	10	0	0	0	0	0	0	0	0	0	0	0	0	0	0	0	0	0	
701	?????	PAWN	MONSTER	MELEE	35			0	MILGYO,ATT_WIND		0	milgyo_religionist	0	46	35	23	12	76	93	1447	8	7	1540	2313	987	41	100	120	70	2000	175	30008	0	0	0	0	0	0	1	0	0	1	0	0	-10	0	0	0	0	0	1	0	0	13434828	0	0	0	0	0	0	0	0	0	0	0	0	0	0	0	0	
702	?????	S_PAWN	MONSTER	MELEE	38			0	MILGYO,ATT_WIND		0	milgyo_nahan1	0	50	37	25	12	72	108	1950	8	7	2250	3375	1102	44	100	120	70	2000	175	30078	0	0	0	0	0	0	1	0	1	0	0	0	0	0	0	0	0	0	1	0	0	13434828	0	0	0	0	0	0	0	0	0	0	0	0	0	0	0	0	
703	??????	S_PAWN	MONSTER	MELEE	41			0	MILGYO,ATT_WIND		0	milgyo_nahan2	0	53	40	27	13	100	115	2178	8	7	1782	2680	1188	47	100	100	70	2000	175	0	0	0	0	0	0	5	1	0	0	1	0	0	-10	0	0	0	0	0	1	0	0	13434828	0	0	0	0	0	0	0	0	0	0	0	0	0	0	0	0	
704	?????	KNIGHT	MONSTER	TANKER	44			0	MILGYO,ATT_WIND		0	milgyo_nahan_general	0	50	42	30	14	81	121	3228	12	12	2727	4094	1770	51	100	120	70	2000	175	30051	0	0	0	0	0	0	1	0	1	0	0	0	-10	0	0	0	0	0	1	0	0	13434828	0	0	0	0	0	0	0	0	0	0	0	0	0	0	0	0	
705	?????	S_PAWN	MONSTER	POWER	48			0	MILGYO,ATT_WIND		0	milgyo_executor	0	61	31	46	15	76	141	2769	8	7	2844	4266	1158	55	100	120	70	2000	175	30079	0	0	0	0	0	0	1	0	-5	0	1	1	0	0	0	0	0	0	1	0	0	13434828	0	0	0	0	0	0	0	0	0	0	0	0	0	0	0	0	
706	?????	S_KNIGHT	MONSTER	MELEE	49			0	MILGYO,ATT_WIND		0	milgyo_monster1	0	62	47	31	16	99	121	5959	8	12	1204	1805	3940	56	100	100	70	2000	175	30047	0	0	0	0	0	0	1	0	-15	0	0	0	1	0	0	1	0	0	2	0	0	13434828	0	0	0	0	0	0	0	0	0	0	0	0	0	0	0	0	
707	?????	S_KNIGHT	MONSTER	MAGIC	51			0	MILGYO,ATT_WIND		0	milgyo_monster2	0	65	48	32	16	103	125	6353	8	12	1954	2930	4100	58	100	100	70	2000	175	30078	0	0	0	0	0	0	1	-5	0	-5	0	0	1	0	0	1	0	0	2	0	0	13434828	0	0	0	0	0	0	0	0	0	0	0	0	0	0	0	0	
731	??????	PAWN	MONSTER	MELEE	52			0	MILGYO,ATT_WIND	TERROR	0	milgyo_religionist	0	67	50	34	17	106	130	2621	8	7	1993	2985	1045	59	100	120	100	2000	175	0	0	0	0	0	0	5	5	0	0	1	0	0	-10	0	0	0	0	0	1	0	0	16764159	0	0	0	0	0	0	0	0	0	0	0	0	0	0	0	0	
732	??????	S_PAWN	MONSTER	MELEE	53			0	MILGYO,ATT_WIND	TERROR	0	milgyo_nahan1	0	68	50	34	17	107	144	3245	8	7	2727	4094	1278	60	100	120	100	2000	175	0	0	0	0	0	0	5	5	0	1	0	0	0	0	0	0	0	0	0	1	0	0	16764159	0	0	0	0	0	0	0	0	0	0	0	0	0	0	0	0	
733	???????	S_PAWN	MONSTER	MELEE	54			0	MILGYO,ATT_WIND	TERROR	0	milgyo_nahan2	0	69	52	35	17	109	134	3345	8	7	2024	3032	1302	62	100	120	100	2000	175	30079	0	0	0	0	0	5	5	0	0	1	0	0	-10	0	0	0	0	0	1	0	0	16764159	0	0	0	0	0	0	0	0	0	0	0	0	0	0	0	0	
734	??????	KNIGHT	MONSTER	TANKER	54			0	MILGYO,ATT_WIND	TERROR	0	milgyo_nahan_general	0	69	52	35	17	110	146	4460	12	12	3102	4657	2170	62	100	120	100	2000	175	30079	0	0	0	0	0	5	5	0	1	0	0	0	-10	0	0	0	0	0	1	0	0	16764159	0	0	0	0	0	0	0	0	0	0	0	0	0	0	0	0	
735	??????	S_PAWN	MONSTER	POWER	55			0	MILGYO,ATT_WIND	TERROR	0	milgyo_executor	0	71	53	35	18	112	161	3448	8	7	3157	4743	1326	63	100	120	100	2000	175	30080	0	0	0	0	0	5	5	0	-5	0	1	1	0	0	0	0	0	0	1	0	0	16764159	0	0	0	0	0	0	0	0	0	0	0	0	0	0	0	0	
736	??????	S_KNIGHT	MONSTER	MELEE	56			0	MILGYO,ATT_WIND	TERROR	0	milgyo_monster1	0	72	54	36	18	113	138	7400	8	12	852	1282	4500	64	100	120	100	2000	175	30080	0	0	0	0	0	5	5	0	-15	0	0	0	1	0	0	1	0	0	2	0	0	16764159	0	0	0	0	0	0	0	0	0	0	0	0	0	0	0	0	
737	??????	S_KNIGHT	MONSTER	MAGIC	57			0	MILGYO,ATT_WIND	TERROR	0	milgyo_monster2	0	73	55	37	18	115	140	7620	8	12	1438	2165	4580	65	100	120	100	2000	175	0	0	0	0	0	0	5	5	-5	0	-5	0	0	1	0	0	1	0	0	2	0	0	16764159	0	0	0	0	0	0	0	0	0	0	0	0	0	0	0	0	
751	??? ?????	PAWN	MONSTER	MELEE	35			0	MILGYO,ATT_WIND		0	milgyo_religionist	0	46	35	23	12	91	112	1157	8	7	1540	2313	691	41	100	120	70	2000	175	30008	0	0	0	0	0	0	1	0	0	1	0	0	-10	0	0	0	0	0	1	0	0	16764108	0	0	0	0	0	0	0	0	0	0	0	0	0	0	0	0	
752	??? ?????	S_PAWN	MONSTER	MELEE	38			0	MILGYO,ATT_WIND		0	milgyo_nahan1	0	50	37	25	12	86	130	1560	8	7	2250	3375	771	44	100	120	70	2000	175	30078	0	0	0	0	0	0	1	0	1	0	0	0	0	0	0	0	0	0	1	0	0	16764108	0	0	0	0	0	0	0	0	0	0	0	0	0	0	0	0	
753	??? ??????	S_PAWN	MONSTER	MELEE	41			0	MILGYO,ATT_WIND		0	milgyo_nahan2	0	53	40	27	13	120	138	1742	8	7	1782	2680	832	47	100	100	70	2000	175	0	0	0	0	0	0	5	1	0	0	1	0	0	-10	0	0	0	0	0	1	0	0	16764108	0	0	0	0	0	0	0	0	0	0	0	0	0	0	0	0	
754	??? ?????	KNIGHT	MONSTER	TANKER	44			0	MILGYO,ATT_WIND		0	milgyo_nahan_general	0	50	42	30	14	97	145	2582	12	12	2727	4094	1239	51	100	120	70	2000	175	30051	0	0	0	0	0	0	1	0	1	0	0	0	-10	0	0	0	0	0	1	0	0	16764108	0	0	0	0	0	0	0	0	0	0	0	0	0	0	0	0	
755	??? ?????	S_PAWN	MONSTER	POWER	48			0	MILGYO,ATT_WIND		0	milgyo_executor	0	61	31	46	15	91	169	2215	8	7	2844	4266	811	55	100	120	70	2000	175	30079	0	0	0	0	0	0	1	0	-5	0	1	1	0	0	0	0	0	0	1	0	0	16764108	0	0	0	0	0	0	0	0	0	0	0	0	0	0	0	0	
756	??? ?????	S_KNIGHT	MONSTER	MELEE	49			0	MILGYO,ATT_WIND		0	milgyo_monster1	0	62	47	31	16	119	145	4767	8	12	1204	1805	2758	56	100	100	70	2000	175	30047	0	0	0	0	0	0	1	0	-15	0	0	0	1	0	0	1	0	0	2	0	0	16764108	0	0	0	0	0	0	0	0	0	0	0	0	0	0	0	0	
757	??? ?????	S_KNIGHT	MONSTER	MAGIC	51			0	MILGYO,ATT_WIND		0	milgyo_monster2	0	65	48	32	16	124	150	5082	8	12	1954	2930	2870	58	100	100	70	2000	175	30078	0	0	0	0	0	0	1	-5	0	-5	0	0	1	0	0	1	0	0	2	0	0	16764108	0	0	0	0	0	0	0	0	0	0	0	0	0	0	0	0	
771	??? ??????	PAWN	MONSTER	MELEE	52			0	MILGYO,ATT_WIND	TERROR	0	milgyo_religionist	0	67	50	34	17	106	130	2621	8	7	1993	2985	732	59	100	120	100	2000	175	0	0	0	0	0	0	5	5	0	0	1	0	0	-10	0	0	0	0	0	1	0	0	16764108	0	0	0	0	0	0	0	0	0	0	0	0	0	0	0	0	
772	??? ??????	S_PAWN	MONSTER	MELEE	53			0	MILGYO,ATT_WIND	TERROR	0	milgyo_nahan1	0	68	50	34	17	107	144	3245	8	7	2727	4094	895	60	100	120	100	2000	175	0	0	0	0	0	0	5	5	0	1	0	0	0	0	0	0	0	0	0	1	0	0	16764108	0	0	0	0	0	0	0	0	0	0	0	0	0	0	0	0	
773	??? ???????	S_PAWN	MONSTER	MELEE	54			0	MILGYO,ATT_WIND	TERROR	0	milgyo_nahan2	0	69	52	35	17	109	134	3345	8	7	2024	3032	911	62	100	120	100	2000	175	30079	0	0	0	0	0	5	5	0	0	1	0	0	-10	0	0	0	0	0	1	0	0	16764108	0	0	0	0	0	0	0	0	0	0	0	0	0	0	0	0	
774	??? ??????	KNIGHT	MONSTER	TANKER	54			0	MILGYO,ATT_WIND	TERROR	0	milgyo_nahan_general	0	69	52	35	17	110	146	4460	12	12	3102	4657	1519	62	100	120	100	2000	175	30079	0	0	0	0	0	5	5	0	1	0	0	0	-10	0	0	0	0	0	1	0	0	16764108	0	0	0	0	0	0	0	0	0	0	0	0	0	0	0	0	
775	??? ??????	S_PAWN	MONSTER	POWER	55			0	MILGYO,ATT_WIND	TERROR	0	milgyo_executor	0	71	53	35	18	112	161	3448	8	7	3157	4743	928	63	100	120	100	2000	175	30080	0	0	0	0	0	5	5	0	-5	0	1	1	0	0	0	0	0	0	1	0	0	16764108	0	0	0	0	0	0	0	0	0	0	0	0	0	0	0	0	
776	??? ??????	S_KNIGHT	MONSTER	MELEE	56			0	MILGYO,ATT_WIND	TERROR	0	milgyo_monster1	0	72	54	36	18	113	138	7400	8	12	5188	7782	3150	64	100	120	100	2000	175	30080	0	0	0	0	0	5	5	0	-15	0	0	0	1	0	0	1	0	0	2	0	0	16764108	0	0	0	0	0	0	0	0	0	0	0	0	0	0	0	0	
777	??? ??????	S_KNIGHT	MONSTER	MAGIC	57			0	MILGYO,ATT_WIND	TERROR	0	milgyo_monster2	0	73	55	37	18	115	140	7620	8	12	5938	8907	3206	65	100	120	100	2000	175	0	0	0	0	0	0	5	5	-5	0	-5	0	0	1	0	0	1	0	0	2	0	0	16764108	0	0	0	0	0	0	0	0	0	0	0	0	0	0	0	0	
791	????	BOSS	MONSTER	MELEE	54		AGGR	0	MILGYO,ATT_WIND	STUN,SLOW,CURSE,TERROR	0	milgyo_founder	0	54	34	51	17	83	154	101360	19	22	5188	7782	17360	62	150	170	100	2000	175	0	0	0	0	0	0	0	0	0	0	0	0	0	0	0	0	50	0	0	2	0	0	0	0	0	0	0	0	0	0	0	0	0	0	0	0	0	0	0	
792	??? ????	KING	MONSTER	MELEE	62		AGGR	0	MILGYO,ATT_WIND	STUN,SLOW,CURSE,TERROR	0	milgyo_founder	0	77	38	57	19	93	173	319600	19	27	5938	8907	149400	70	100	120	100	2000	175	0	0	0	0	0	0	0	0	0	0	0	0	0	0	0	0	90	0	0	2	0	0	16756141	0	0	0	0	0	0	0	0	0	0	0	0	0	0	0	0	
793	?????	BOSS	MONSTER	RANGE	54		AGGR	0	MILGYO,ATT_WIND	STUN,SLOW,CURSE,TERROR	0	milgyo_founder	0	69	52	35	17	83	154	101360	20	20	18282	27422	8680	62	160	200	100	2000	650	0	0	0	0	0	0	10	5	40	35	40	40	40	40	0	0	60	0	0	0	736	0	0	0	0	0	0	0	0	0	0	0	0	0	0	0	0	0	0	
794	??? ?????	KING	MONSTER	RANGE	62		AGGR	0	MILGYO,ATT_WIND	STUN,SLOW,CURSE,TERROR	0	milgyo_founder	0	77	38	57	19	93	173	319600	20	25	18282	27422	74700	70	110	200	100	2000	650	0	0	0	0	0	0	10	5	40	35	40	40	40	40	0	0	60	0	0	0	737	0	16756141	0	0	0	0	0	0	0	0	0	0	0	0	0	0	0	0	
795	?????	KING	MONSTER	MELEE	97		AGGR,BERSERK,STONESKIN,DEATHBLOW,REVIVE	0	MILGYO,ATT_WIND	STUN,SLOW,CURSE,TERROR	0	milgyo_founder	0	122	91	61	30	150	278	2568600	30	20	1657	2485	356400	90	150	160	100	2000	350	0	0	0	0	0	0	15	20	30	25	30	30	30	50	100	50	50	50	20	2	2414	10	0	0	0	0	0	0	0	0	0	0	0	0	0	0	0	0	0	
796	??? ?????	KING	MONSTER	MELEE	97		AGGR,BERSERK,STONESKIN,DEATHBLOW,REVIVE	0	MILGYO,ATT_WIND	STUN,SLOW,CURSE,TERROR	0	milgyo_founder	0	122	91	61	30	150	278	2568600	30	20	1719	2579	356400	90	150	160	100	2000	350	0	0	0	0	0	0	15	20	30	25	30	30	30	50	100	50	50	50	20	2	2414	10	16756141	0	0	0	0	0	0	0	0	0	0	0	0	0	0	0	0	
901	??	S_PAWN	MONSTER	MELEE	49			0	UNDEAD	CURSE	0	misterious_diseased_kid	0	62	31	46	15	93	113	2860	8	5	1087	2735	946	56	100	100	90	2000	175	0	0	1	1	1	1	0	5	0	0	0	0	0	-20	0	0	0	0	10	1	0	0	0	0	0	0	0	0	0	0	0	0	0	0	0	0	0	0	0	
902	?????	S_PAWN	MONSTER	MELEE	51			0	UNDEAD	CURSE	0	misterious_diseased_dog	0	65	32	48	16	95	117	3049	8	7	1087	2735	984	58	100	100	100	2000	175	30009	0	1	1	1	1	0	10	0	0	1	0	0	0	0	0	0	0	10	1	0	0	0	0	0	0	0	0	0	0	0	0	0	0	0	0	0	0	0	
903	?????	S_PAWN	MONSTER	MELEE	53			0	UNDEAD	CURSE	0	misterious_diseased_infector	0	67	34	50	17	97	119	3245	8	7	1087	2735	1022	60	100	100	100	2000	175	30083	0	1	1	1	1	0	5	0	0	0	0	0	-15	0	0	0	0	10	1	0	0	0	0	0	0	0	0	0	0	0	0	0	0	0	0	0	0	0	
904	?????	KNIGHT	MONSTER	MELEE	55			0	UNDEAD	CURSE	0	misterious_diseased_sword	0	69	35	52	17	100	123	4597	9	12	1087	2735	1768	63	100	100	100	2000	175	30039	0	1	1	1	1	0	5	0	0	0	0	0	-20	0	0	0	0	10	1	0	0	0	0	0	0	0	0	0	0	0	0	0	0	0	0	0	0	0	
905	??????	KNIGHT	MONSTER	MELEE	58			0	UNDEAD	CURSE	0	misterious_diseased_spear	0	71	35	53	18	105	127	5021	8	7	1087	2735	1864	66	100	100	100	2000	175	30085	0	1	1	1	1	0	10	-5	0	-15	0	0	0	0	0	0	0	10	1	0	0	0	0	0	0	0	0	0	0	0	0	0	0	0	0	0	0	0	
906	??????	KNIGHT	MONSTER	RANGE	58			0	UNDEAD	CURSE	0	misterious_diseased_bow	0	72	36	26	18	96	144	3652	9	12	1087	2735	2330	66	80	100	100	2000	850	0	0	1	1	1	1	0	10	-5	-15	0	0	0	2	0	0	0	0	10	1	0	0	0	0	0	0	0	0	0	0	0	0	0	0	0	0	0	0	0	
907	??????	S_KNIGHT	MONSTER	MELEE	59			0	UNDEAD	CURSE	0	misterious_diseased_boss	0	72	52	36	18	90	158	8077	8	12	1087	2735	3792	67	100	100	100	2000	175	0	0	1	1	1	1	0	10	-5	0	-5	-5	-5	-10	0	0	0	0	10	2	0	0	0	0	0	0	0	0	0	0	0	0	0	0	0	0	0	0	0	
931	??? ??	S_PAWN	MONSTER	MELEE	49		AGGR	0	UNDEAD	CURSE	0	misterious_diseased_kid	0	62	31	46	15	112	136	2288	8	5	1087	2735	662	56	100	100	90	2000	175	0	0	1	1	1	1	0	5	0	0	0	0	0	-20	0	0	0	0	10	1	0	0	16764108	0	0	0	0	0	0	0	0	0	0	0	0	0	0	0	0	
932	??? ?????	S_PAWN	MONSTER	MELEE	51		AGGR	0	UNDEAD	CURSE	0	misterious_diseased_dog	0	65	32	48	16	114	140	2439	8	7	1087	2735	689	58	100	100	100	2000	175	30009	0	1	1	1	1	0	10	0	0	1	0	0	0	0	0	0	0	10	1	0	0	16764108	0	0	0	0	0	0	0	0	0	0	0	0	0	0	0	0	
933	??? ?????	S_PAWN	MONSTER	MELEE	53		AGGR	0	UNDEAD	CURSE	0	misterious_diseased_infector	0	67	34	50	17	116	143	2596	8	7	1087	2735	716	60	100	100	100	2000	175	30083	0	1	1	1	1	0	5	0	0	0	0	0	-15	0	0	0	0	10	1	0	0	16764108	0	0	0	0	0	0	0	0	0	0	0	0	0	0	0	0	
934	??? ?????	KNIGHT	MONSTER	MELEE	55		AGGR	0	UNDEAD	CURSE	0	misterious_diseased_sword	0	69	35	52	17	120	148	3678	9	12	1087	2735	1238	63	100	100	100	2000	175	30039	0	1	1	1	1	0	5	0	0	0	0	0	-20	0	0	0	0	10	1	0	0	16764108	0	0	0	0	0	0	0	0	0	0	0	0	0	0	0	0	
935	??? ??????	KNIGHT	MONSTER	MELEE	58		AGGR	0	UNDEAD	CURSE	0	misterious_diseased_spear	0	71	35	53	18	126	152	4017	8	7	1087	2735	1305	66	100	100	100	2000	175	30085	0	1	1	1	1	0	10	-5	0	-15	0	0	0	0	0	0	0	10	1	0	0	16764108	0	0	0	0	0	0	0	0	0	0	0	0	0	0	0	0	
936	??? ??????	KNIGHT	MONSTER	RANGE	58		AGGR	0	UNDEAD	CURSE	0	misterious_diseased_bow	0	72	36	26	18	115	173	2921	9	12	1087	2735	1631	66	80	100	100	2000	850	0	0	1	1	1	1	0	10	-5	-15	0	0	0	2	0	0	0	0	10	1	0	0	16764108	0	0	0	0	0	0	0	0	0	0	0	0	0	0	0	0	
937	??? ??????	S_KNIGHT	MONSTER	MELEE	59		AGGR	0	UNDEAD	CURSE	0	misterious_diseased_boss	0	72	52	36	18	108	190	6461	8	12	1087	2735	2654	67	100	100	100	2000	175	0	0	1	1	1	1	0	10	-5	0	-5	-5	-5	-10	0	0	0	0	10	2	0	0	16764108	0	0	0	0	0	0	0	0	0	0	0	0	0	0	0	0	
991	?????	S_KNIGHT	MONSTER	MELEE	59		AGGR,NOMOVE	0	UNDEAD	STUN,SLOW,CURSE,TERROR	0	misterious_diseased_egg	0	74	37	55	18	115	141	32307	14	22	1087	2735	18960	67	100	100	100	2000	175	0	0	30	30	3	0	0	0	0	0	0	0	0	0	0	0	0	0	10	2	992	0	0	0	0	0	0	0	0	0	0	0	0	0	0	0	0	0	0	
992	???????	S_KNIGHT	MONSTER	MELEE	60		AGGR,NOMOVE	0	UNDEAD	STUN,SLOW,CURSE,TERROR	0	misterious_diseased_host	0	75	37	56	19	117	143	33242	19	27	1087	2735	19280	68	100	100	100	2000	175	0	0	30	30	3	0	0	0	0	0	0	0	0	0	0	0	0	0	10	2	0	0	0	0	0	0	0	0	0	0	0	0	0	0	0	0	0	0	0	
993	???????	KING	MONSTER	MELEE	61		AGGR,NOMOVE	0	UNDEAD	STUN,SLOW,CURSE,TERROR	0	misterious_diseased_bosshost	0	75	38	57	19	118	144	341880	24	27	1000	2735	147000	69	100	100	100	2000	175	0	0	50	50	5	0	0	0	0	0	0	0	0	0	0	0	0	0	10	2	991	0	0	0	0	0	0	0	0	0	0	0	0	0	0	0	0	0	0	
1001	???	S_PAWN	MONSTER	MELEE	57			0	UNDEAD,ATT_DARK		0	skeleton_soldier_scythe	0	39	75	56	19	83	101	2025	4	12	1969	2954	961	45	100	100	99	2000	175	30015	0	3	0	0	0	0	1	0	0	0	0	0	-20	0	0	0	0	10	1	0	0	0	0	0	0	0	0	0	0	0	0	0	0	0	0	0	0	0	
1002	????	S_PAWN	MONSTER	RANGE	58			0	UNDEAD,ATT_DARK		0	skeleton_soldier_bow	0	44	37	74	19	91	111	1761	5	7	2750	4125	1083	51	100	100	99	2000	850	30087	0	3	0	0	0	0	1	-5	-20	0	0	0	20	0	0	5	0	10	1	0	0	0	0	0	0	0	0	0	0	0	0	0	0	0	0	0	0	0	
1003	????	S_PAWN	MONSTER	MELEE	59			0	UNDEAD,ATT_DARK		0	skeleton_soldier_spear	0	64	75	38	19	77	142	2860	5	7	3055	4579	1182	56	100	100	99	2000	175	30016	0	3	0	0	0	0	1	0	0	-25	0	0	0	0	0	0	0	10	1	0	0	0	0	0	0	0	0	0	0	0	0	0	0	0	0	0	0	0	
1004	?????	KNIGHT	MONSTER	MAGIC	60			0	UNDEAD,ATT_DARK		0	skeleton_magician	0	66	57	38	19	80	148	4066	9	12	3141	4711	1640	58	100	200	99	2000	850	30086	0	3	0	0	0	0	1	-10	-10	-10	-10	-10	-10	0	0	0	0	10	1	0	0	0	0	0	0	0	0	0	0	0	0	0	0	0	0	0	0	0	
1031	???	KNIGHT	MONSTER	MELEE	67		AGGR	0	UNDEAD,ATT_DARK	CURSE	0	skeleton_soldier_scythe	0	70	93	34	21	132	161	6438	9	12	3188	4782	2152	76	100	100	100	2000	175	0	0	5	0	0	0	0	1	0	0	0	0	0	-20	0	0	0	0	10	1	0	0	0	0	0	0	0	0	0	0	0	0	0	0	0	0	0	0	0	
1032	????	KNIGHT	MONSTER	RANGE	69		AGGR	0	UNDEAD,ATT_DARK	CURSE	0	skeleton_soldier_bow	0	59	104	20	22	120	180	4933	9	12	3227	4844	2770	78	100	100	100	2000	850	0	0	5	0	0	0	0	1	-5	-15	0	0	0	20	0	0	0	0	10	1	0	0	0	0	0	0	0	0	0	0	0	0	0	0	0	0	0	0	0	
1033	????	KNIGHT	MONSTER	MELEE	70		AGGR	0	UNDEAD,ATT_DARK	CURSE	0	skeleton_soldier_spear	0	72	80	44	22	137	167	6959	9	12	3274	4907	2248	79	100	100	100	2000	175	0	0	10	0	0	0	0	1	0	0	-20	0	0	0	0	0	0	0	10	1	0	0	0	0	0	0	0	0	0	0	0	0	0	0	0	0	0	0	0	
1034	?????	KNIGHT	MONSTER	MAGIC	71		AGGR	0	UNDEAD,ATT_DARK	CURSE	0	skeleton_magician	0	45	90	53	26	108	200	7133	9	12	3313	4977	2280	80	100	100	100	2000	850	0	0	10	0	0	0	0	1	-5	-10	-5	-15	-5	20	0	0	10	0	10	1	0	0	0	0	0	0	0	0	0	0	0	0	0	0	0	0	0	0	0	
1035	??? ??	KNIGHT	MONSTER	MELEE	72		AGGR	0	UNDEAD,ATT_DARK	CURSE	0	spite_ghost	0	46	91	68	23	109	203	7309	9	12	4118	6172	2312	81	100	100	100	2000	175	0	0	15	0	0	0	10	1	0	0	0	0	0	-10	0	0	0	0	10	1	0	0	0	0	0	0	0	0	0	0	0	0	0	0	0	0	0	0	0	
1036	??? ??	KNIGHT	MONSTER	MAGIC	73		AGGR	0	UNDEAD,ATT_DARK	CURSE	0	chaos_ghost	0	55	92	69	23	110	205	7484	9	12	4172	6258	2344	82	100	100	100	2000	850	0	0	15	0	0	0	0	1	-10	-5	-15	-5	-10	25	0	0	15	0	10	1	0	0	0	0	0	0	0	0	0	0	0	0	0	0	0	0	0	0	0	
1037	???	S_KNIGHT	MONSTER	MELEE	71		AGGR	0	UNDEAD,ATT_DARK	CURSE	0	skeleton_general	0	81	45	73	22	108	200	11146	4	12	4227	6344	4560	80	100	100	100	2000	175	0	0	20	5	0	0	0	1	0	0	5	5	0	-15	0	0	0	0	10	2	0	0	0	0	0	0	0	0	0	0	0	0	0	0	0	0	0	0	0	
1038	???	S_KNIGHT	MONSTER	MELEE	72		AGGR	0	UNDEAD,ATT_DARK	CURSE	0	skeleton_bigboss	0	99	36	54	23	109	203	11421	4	12	4282	6430	4624	81	100	100	100	2000	175	0	0	20	5	0	0	0	1	0	5	0	0	5	-15	0	0	0	0	10	2	0	0	0	0	0	0	0	0	0	0	0	0	0	0	0	0	0	0	0	
1039	???	S_KNIGHT	MONSTER	MAGIC	73		AGGR	0	UNDEAD,ATT_DARK	CURSE	0	skeleton_wizard	0	69	92	46	23	142	174	11693	4	12	4344	6516	4688	82	100	100	100	2000	850	0	0	20	5	0	0	0	1	-15	-10	-5	-10	-15	25	0	0	20	0	10	2	0	0	0	0	0	0	0	0	0	0	0	0	0	0	0	0	0	0	0	
1040	???	S_KNIGHT	MONSTER	MELEE	74		AGGR	0	UNDEAD,ATT_DARK	CURSE	0	immotal_ghost	0	49	93	61	23	144	176	11968	4	12	3055	4579	4752	83	100	100	100	2000	175	0	0	20	5	0	0	0	1	10	5	10	10	10	-10	0	0	0	0	10	2	0	0	0	0	0	0	0	0	0	0	0	0	0	0	0	0	0	0	0	
1041	????	S_KNIGHT	MONSTER	MAGIC	75		AGGR	0	UNDEAD,ATT_DARK	CURSE	0	recycle_monster	0	37	71	100	24	145	178	12240	4	12	3141	4711	4816	84	100	100	100	2000	850	0	0	20	5	0	0	0	1	-10	-15	-10	-15	-10	30	0	0	25	0	10	2	0	0	0	0	0	0	0	0	0	0	0	0	0	0	0	0	0	0	0	
1061	??? ???	KNIGHT	MONSTER	MELEE	67		AGGR	0	UNDEAD,ATT_DARK	STUN,SLOW,CURSE	0	skeleton_soldier_scythe	0	64	85	43	21	132	161	6438	9	12	3188	4782	2152	76	100	100	100	2000	175	0	0	5	0	0	0	0	1	0	0	0	0	0	-20	0	0	0	0	10	1	0	0	14522777	0	0	0	0	0	0	0	0	0	0	0	0	0	0	0	0	
1062	??? ????	KNIGHT	MONSTER	RANGE	69		AGGR	0	UNDEAD,ATT_DARK	STUN,SLOW,CURSE	0	skeleton_soldier_bow	0	66	87	22	22	120	180	4933	9	12	3227	4844	2770	78	100	100	100	2000	850	0	0	5	0	0	0	0	1	-5	-15	0	0	0	20	0	0	0	0	10	1	0	0	14522777	0	0	0	0	0	0	0	0	0	0	0	0	0	0	0	0	
1063	??? ????	KNIGHT	MONSTER	MELEE	70		AGGR	0	UNDEAD,ATT_DARK	STUN,SLOW,CURSE	0	skeleton_soldier_spear	0	66	89	44	22	137	167	6959	9	12	3274	4907	2248	79	100	100	100	2000	175	0	0	10	0	0	0	0	1	0	0	-20	0	0	0	0	0	0	0	10	1	0	0	14522777	0	0	0	0	0	0	0	0	0	0	0	0	0	0	0	0	
1064	??? ?????	KNIGHT	MONSTER	MAGIC	71		AGGR	0	UNDEAD,ATT_DARK	STUN,SLOW,CURSE	0	skeleton_magician	0	45	90	67	22	108	200	7133	9	12	3313	4977	2280	80	100	100	100	2000	850	0	0	10	0	0	0	0	1	-5	-10	-5	-15	-5	20	0	0	10	0	10	1	0	0	14522777	0	0	0	0	0	0	0	0	0	0	0	0	0	0	0	0	
1065	??? ??? ??	KNIGHT	MONSTER	MELEE	72		AGGR	0	UNDEAD,ATT_DARK	STUN,SLOW,CURSE	0	spite_ghost	0	46	91	68	23	109	203	7309	9	12	4118	6172	2312	81	100	100	100	2000	175	0	0	15	0	0	0	0	1	0	0	0	0	0	-10	0	0	0	0	10	1	0	0	14522777	0	0	0	0	0	0	0	0	0	0	0	0	0	0	0	0	
1066	??? ??? ??	KNIGHT	MONSTER	MAGIC	73		AGGR	0	UNDEAD,ATT_DARK	STUN,SLOW,CURSE	0	chaos_ghost	0	46	92	69	23	110	205	7484	9	12	4172	6258	2344	82	100	100	100	2000	850	0	0	15	0	0	0	0	1	-10	-5	-15	-5	-10	25	0	0	15	0	10	1	0	0	14522777	0	0	0	0	0	0	0	0	0	0	0	0	0	0	0	0	
1067	??? ???	S_KNIGHT	MONSTER	MELEE	71		AGGR	0	UNDEAD,ATT_DARK	STUN,SLOW,CURSE	0	skeleton_general	0	90	45	67	22	108	200	11146	4	12	4227	6344	4560	80	100	100	100	2000	175	0	0	20	5	0	0	0	1	0	0	5	5	0	-15	0	0	0	0	10	2	0	0	14522777	0	0	0	0	0	0	0	0	0	0	0	0	0	0	0	0	
1068	??? ???	S_KNIGHT	MONSTER	MELEE	72		AGGR	0	UNDEAD,ATT_DARK	STUN,SLOW,CURSE	0	skeleton_bigboss	0	91	46	68	23	109	203	11421	4	12	4282	6430	4624	81	100	100	100	2000	175	0	0	20	5	0	0	0	1	0	5	0	0	5	-15	0	0	0	0	10	2	0	0	14522777	0	0	0	0	0	0	0	0	0	0	0	0	0	0	0	0	
1069	??? ???	S_KNIGHT	MONSTER	MAGIC	73		AGGR	0	UNDEAD,ATT_DARK	STUN,SLOW,CURSE	0	skeleton_wizard	0	69	92	46	23	142	174	11693	4	12	4344	6516	4688	82	100	100	100	2000	850	0	0	20	5	0	0	0	1	-15	-10	-5	-10	-15	25	0	0	20	0	10	2	0	0	14522777	0	0	0	0	0	0	0	0	0	0	0	0	0	0	0	0	
1070	??? ???	S_KNIGHT	MONSTER	MELEE	74		AGGR	0	UNDEAD,ATT_DARK	STUN,SLOW,CURSE	0	immotal_ghost	0	70	93	47	23	144	176	11968	4	12	7157	10735	4752	83	100	100	100	2000	175	0	0	20	5	0	0	0	1	10	5	10	10	10	-10	0	0	0	0	10	2	0	0	14522777	0	0	0	0	0	0	0	0	0	0	0	0	0	0	0	0	
1071	??? ????	S_KNIGHT	MONSTER	MAGIC	75		AGGR	0	UNDEAD,ATT_DARK	STUN,SLOW,CURSE	0	recycle_monster	0	47	71	95	24	145	178	12240	4	12	7157	10735	4816	84	100	100	100	2000	850	0	0	20	5	0	0	0	1	-10	-15	-10	-15	-10	30	0	0	25	0	10	2	0	0	14522777	0	0	0	0	0	0	0	0	0	0	0	0	0	0	0	0	
1091	???	BOSS	MONSTER	MELEE	75		AGGR	0	UNDEAD,ATT_DARK	STUN,SLOW,CURSE,TERROR	0	skeleton_king	0	93	70	47	23	112	208	24481	14	22	7438	11157	12040	84	100	100	100	2000	175	0	0	30	10	0	0	0	1	0	0	0	-20	-20	30	0	0	30	0	10	2	1039	10	0	0	0	0	0	0	0	0	0	0	0	0	0	0	0	0	0	
1092	????	BOSS	MONSTER	MELEE	75		AGGR	0	UNDEAD,ATT_DARK	STUN,SLOW,CURSE,TERROR	0	skeleton_king	0	93	70	47	23	112	208	48961	9	12	18282	27422	24080	84	100	100	100	2000	175	0	0	30	10	0	0	0	1	0	0	0	-20	-20	30	0	0	30	0	10	2	0	0	16756141	0	0	0	0	0	0	0	0	0	0	0	0	0	0	0	0	
1093	??	KING	MONSTER	MELEE	78		AGGR	0	UNDEAD,ATT_DARK	STUN,SLOW,CURSE,TERROR	0	skeleton_god	0	97	73	49	24	116	215	522500	9	12	18282	27422	187800	87	100	100	100	2000	175	0	0	50	10	0	0	0	1	0	0	0	-20	-20	50	0	0	60	0	10	2	0	0	0	0	0	0	0	0	0	0	0	0	0	0	0	0	0	0	0	
1094	????	KING	MONSTER	MELEE	97		AGGR,BERSERK,STONESKIN,DEATHBLOW,REVIVE	0	DEVIL,ATT_DARK	STUN,SLOW,CURSE,TERROR	0	skeleton_king	0	122	91	61	30	150	278	2568600	30	20	7157	10735	356400	90	150	160	100	2000	350	0	0	0	0	0	0	15	20	30	25	30	30	30	50	100	50	50	50	20	2	2414	10	16756141	0	0	0	0	0	0	0	0	0	0	0	0	0	0	0	0	
1095	??	KING	MONSTER	MELEE	97		AGGR,BERSERK,STONESKIN,DEATHBLOW,REVIVE	0	UNDEAD,ATT_DARK	STUN,SLOW,CURSE,TERROR	0	skeleton_god	0	122	91	61	30	150	278	2568600	30	20	1954	2930	356400	90	150	160	100	2000	350	0	0	0	0	0	0	15	20	30	25	30	30	30	50	100	50	50	50	20	2	2414	10	0	0	0	0	0	0	0	0	0	0	0	0	0	0	0	0	0	
1096	????	BOSS	MONSTER	MELEE	75		AGGR	0	UNDEAD,ATT_DARK	STUN,SLOW,CURSE,TERROR	0	skeleton_king	0	93	70	47	23	112	208	48961	9	12	1985	2977	24080	84	100	100	100	2000	175	0	0	30	10	0	0	0	1	0	0	0	-20	-20	30	0	0	30	0	10	2	0	0	16756141	0	0	0	0	0	0	0	0	0	0	0	0	0	0	0	0	
1101	??	S_PAWN	MONSTER	MAGIC	62			0	ICE,ATT_ICE		0	ice_snow_monster	0	60	80	40	20	96	178	4602	3	7	2055	3079	1315	70	80	100	100	2000	850	30048	0	0	10	0	0	0	2	0	-5	0	5	5	-5	0	0	0	0	1	1	0	0	0	0	0	0	0	0	0	0	0	0	0	0	0	0	0	0	0	
1102	??????	S_PAWN	MONSTER	MELEE	63			0	ICE,ATT_ICE		0	ice_snow_whale	0	61	81	40	20	125	153	4730	3	7	2829	4243	1336	71	90	100	100	2000	175	30049	0	0	10	0	0	0	2	-5	0	-5	5	5	0	0	0	0	0	1	1	0	0	0	0	0	0	0	0	0	0	0	0	0	0	0	0	0	0	0	
1103	??	S_PAWN	MONSTER	MELEE	64			0	ICE,ATT_ICE		0	ice_snow_insect	0	61	81	41	20	98	183	4861	3	7	2875	4313	1357	72	100	100	100	2000	175	30088	0	0	15	0	0	0	2	5	-10	0	0	0	10	0	0	0	0	1	1	0	0	0	0	0	0	0	0	0	0	0	0	0	0	0	0	0	0	0	
1104	??	KNIGHT	MONSTER	MELEE	64			0	ICE,ATT_ICE	STUN,SLOW	0	ice_snow_dog	0	62	82	41	20	98	183	6482	6	12	2915	4375	2262	72	100	100	100	2000	175	30014	0	0	15	0	0	0	2	0	-5	5	0	0	-5	0	0	0	0	1	1	0	0	0	0	0	0	0	0	0	0	0	0	0	0	0	0	0	0	0	
1105	??	KNIGHT	MONSTER	MELEE	65			0	ICE,ATT_ICE	STUN,SLOW	0	ice_snow_man	0	83	41	62	21	128	157	6660	6	12	3719	5579	2297	73	80	100	100	2000	175	30089	0	0	20	0	0	0	2	10	-15	-5	0	0	5	0	0	0	0	1	1	0	0	0	0	0	0	0	0	0	0	0	0	0	0	0	0	0	0	0	
1106	???	KNIGHT	MONSTER	MELEE	66			0	ICE,ATT_ICE	STUN,SLOW	0	ice_snow_giant_man	0	84	63	42	21	101	188	6839	3	7	4079	6118	2332	75	70	100	100	2000	175	30090	0	0	20	0	0	0	2	5	-5	0	0	0	-10	0	0	0	0	1	1	0	0	0	0	0	0	0	0	0	0	0	0	0	0	0	0	0	0	0	
1107	????	S_KNIGHT	MONSTER	MELEE	66			0	ICE,ATT_ICE	STUN,SLOW	0	ice_snow_golem	0	99	97	42	21	101	188	10686	3	12	4133	6219	4664	75	60	100	100	2000	175	30050	0	0	20	0	0	0	2	-5	-10	-5	0	0	20	0	0	0	0	1	2	0	0	0	0	0	0	0	0	0	0	0	0	0	0	0	0	0	0	0	
1131	????	S_PAWN	MONSTER	MAGIC	81		AGGR	0	ICE,ATT_ICE		0	ice_snow_monster	0	78	104	52	20	198	278	8285	7	10	4586	6875	5260	70	75	100	100	2000	650	30048	0	0	10	0	0	0	2	15	10	15	15	15	30	-30	0	0	0	1	2	0	0	0	0	0	0	0	0	0	0	0	0	0	0	0	0	0	0	0	
1132	????????	S_PAWN	MONSTER	MELEE	81		AGGR	0	ICE,ATT_ICE		0	ice_snow_whale	0	79	105	52	20	156	195	8514	7	10	6836	10266	5344	71	110	100	100	2000	150	30049	0	0	10	0	0	0	2	15	10	15	15	15	0	-30	0	0	0	1	2	0	0	0	0	0	0	0	0	0	0	0	0	0	0	0	0	0	0	0	
1133	????	S_PAWN	MONSTER	MELEE	82		AGGR	0	ICE,ATT_ICE		0	ice_snow_insect	0	79	105	53	20	176	233	8751	6	10	6946	10422	5428	72	110	100	100	2000	150	30088	0	0	15	0	0	0	2	15	10	15	15	15	0	-30	0	0	0	1	2	0	0	0	0	0	0	0	0	0	0	0	0	0	0	0	0	0	0	0	
1134	????	KNIGHT	MONSTER	MELEE	83		AGGR	0	ICE,ATT_ICE	STUN,SLOW	0	ice_snow_dog	0	81	107	53	20	176	205	13167	6	15	7047	10563	9048	72	110	100	100	2000	150	30014	0	0	15	0	0	0	2	15	10	15	15	15	0	-30	0	0	0	1	2	0	0	0	0	0	0	0	0	0	0	0	0	0	0	0	0	0	0	0	
1135	????	KNIGHT	MONSTER	MELEE	83		AGGR	0	ICE,ATT_ICE	STUN,SLOW	0	ice_snow_man	0	108	53	81	21	140	253	11990	12	10	8969	13461	9188	73	90	100	100	2000	150	30089	0	0	20	0	0	0	2	15	10	15	15	15	0	-30	0	0	0	1	2	0	0	0	0	0	0	0	0	0	0	0	0	0	0	0	0	0	0	0	
1136	?????	KNIGHT	MONSTER	MELEE	84		AGGR	0	ICE,ATT_ICE	STUN,SLOW	0	ice_snow_giant_man	0	109	82	55	21	175	216	12311	6	10	7813	15625	9328	75	80	100	100	2000	150	30090	0	0	20	0	0	0	2	15	10	15	15	15	0	-30	0	0	0	1	2	0	0	0	0	0	0	0	0	0	0	0	0	0	0	0	0	0	0	0	
1137	??????	S_KNIGHT	MONSTER	MELEE	85		AGGR	0	ICE,ATT_ICE	STUN,SLOW	0	ice_snow_golem	0	129	126	55	21	192	276	25646	6	10	7813	15625	18656	75	70	100	100	2000	150	30050	0	0	20	0	0	0	2	40	35	40	40	40	0	-30	0	0	0	1	2	0	0	0	0	0	0	0	0	0	0	0	0	0	0	0	0	0	0	0	
1151	??	S_PAWN	MONSTER	MAGIC	52			0	ICE,ATT_ICE		0	ice_snow_monster	0	60	80	40	20	96	178	5523	7	5	7813	15625	2000	60	90	100	100	2000	850	30048	0	0	10	0	0	0	2	15	15	15	15	15	0	-30	0	0	0	1	1	0	0	16764879	0	0	0	0	0	0	0	0	0	0	0	0	0	0	0	0	
1152	??????	S_PAWN	MONSTER	MELEE	53			0	ICE,ATT_ICE		0	ice_snow_whale	0	61	81	40	20	125	153	5676	7	5	7813	15625	2000	61	100	100	100	2000	150	30049	0	0	10	0	0	0	2	15	15	15	15	15	0	-30	0	0	0	1	1	0	0	16764879	0	0	0	0	0	0	0	0	0	0	0	0	0	0	0	0	
1153	??	S_PAWN	MONSTER	MELEE	54			0	ICE,ATT_ICE		0	ice_snow_insect	0	61	81	41	20	98	183	5834	7	5	7813	15625	2000	62	110	100	100	2000	150	30088	0	0	15	0	0	0	2	15	15	15	15	15	0	-30	0	0	0	1	1	0	0	16764879	0	0	0	0	0	0	0	0	0	0	0	0	0	0	0	0	
1154	??	KNIGHT	MONSTER	MELEE	54			0	ICE,ATT_ICE	STUN,SLOW	0	ice_snow_dog	0	62	82	41	20	98	183	7778	12	10	7813	15625	2000	62	110	100	100	2000	150	30014	0	0	15	0	0	0	2	15	15	15	15	15	0	-30	0	0	0	1	1	0	0	16764879	0	0	0	0	0	0	0	0	0	0	0	0	0	0	0	0	
1155	??	KNIGHT	MONSTER	MELEE	55			0	ICE,ATT_ICE	STUN,SLOW	0	ice_snow_man	0	83	41	62	21	128	157	7993	12	10	7813	15625	2000	63	90	100	100	2000	150	30089	0	0	20	0	0	0	2	15	15	15	15	15	0	-30	0	0	0	1	1	0	0	16764879	0	0	0	0	0	0	0	0	0	0	0	0	0	0	0	0	
1156	???	KNIGHT	MONSTER	MELEE	56			0	ICE,ATT_ICE	STUN,SLOW	0	ice_snow_giant_man	0	84	63	42	21	101	188	8207	7	5	1954	2930	2000	65	80	100	100	2000	150	30090	0	0	20	0	0	0	2	15	15	15	15	15	0	-30	0	0	0	1	1	0	0	16764879	0	0	0	0	0	0	0	0	0	0	0	0	0	0	0	0	
1157	????	S_KNIGHT	MONSTER	MELEE	56			0	ICE,ATT_ICE	STUN,SLOW	0	ice_snow_golem	0	99	97	42	21	101	188	12823	7	10	1985	2977	2000	65	70	100	100	2000	150	30050	0	0	20	0	0	0	2	40	40	40	40	40	0	-30	0	0	0	1	2	0	0	16764879	0	0	0	0	0	0	0	0	0	0	0	0	0	0	0	0	
1171	??? ??	S_PAWN	MONSTER	MAGIC	62			0	ICE,ATT_ICE		0	ice_snow_monster	0	60	80	40	20	115	214	3682	3	7	2055	3079	920	70	80	100	100	2000	850	30048	0	0	10	0	0	0	2	0	-5	0	5	5	-5	0	0	0	0	1	1	0	0	16764108	0	0	0	0	0	0	0	0	0	0	0	0	0	0	0	0	
1172	??? ??????	S_PAWN	MONSTER	MELEE	63			0	ICE,ATT_ICE		0	ice_snow_whale	0	61	81	40	20	150	184	3784	3	7	2829	4243	935	71	90	100	100	2000	175	30049	0	0	10	0	0	0	2	-5	0	-5	5	5	0	0	0	0	0	1	1	0	0	16764108	0	0	0	0	0	0	0	0	0	0	0	0	0	0	0	0	
1173	??? ??	S_PAWN	MONSTER	MELEE	64			0	ICE,ATT_ICE		0	ice_snow_insect	0	61	81	41	20	118	220	3889	3	7	2875	4313	950	72	100	100	100	2000	175	30088	0	0	15	0	0	0	2	5	-10	0	0	0	10	0	0	0	0	1	1	0	0	16764108	0	0	0	0	0	0	0	0	0	0	0	0	0	0	0	0	
1174	??? ??	KNIGHT	MONSTER	MELEE	64			0	ICE,ATT_ICE	STUN,SLOW	0	ice_snow_dog	0	62	82	41	20	118	220	5186	6	12	2915	4375	1583	72	100	100	100	2000	175	30014	0	0	15	0	0	0	2	0	-5	5	0	0	-5	0	0	0	0	1	1	0	0	16764108	0	0	0	0	0	0	0	0	0	0	0	0	0	0	0	0	
1175	??? ??	KNIGHT	MONSTER	MELEE	65			0	ICE,ATT_ICE	STUN,SLOW	0	ice_snow_man	0	83	41	62	21	154	188	5328	6	12	3719	5579	1608	73	80	100	100	2000	175	30089	0	0	20	0	0	0	2	10	-15	-5	0	0	5	0	0	0	0	1	1	0	0	16764108	0	0	0	0	0	0	0	0	0	0	0	0	0	0	0	0	
1176	??? ???	KNIGHT	MONSTER	MELEE	66			0	ICE,ATT_ICE	STUN,SLOW	0	ice_snow_giant_man	0	84	63	42	21	121	226	5471	3	7	3344	5016	1632	75	70	100	100	2000	175	30090	0	0	20	0	0	0	2	5	-5	0	0	0	-10	0	0	0	0	1	1	0	0	16764108	0	0	0	0	0	0	0	0	0	0	0	0	0	0	0	0	
1177	??? ????	S_KNIGHT	MONSTER	MELEE	66			0	ICE,ATT_ICE	STUN,SLOW	0	ice_snow_golem	0	99	97	42	21	121	226	8549	3	12	6688	10032	3265	75	60	100	100	2000	175	30050	0	0	20	0	0	0	2	-5	-10	-5	0	0	20	0	0	0	0	1	2	0	0	16764108	0	0	0	0	0	0	0	0	0	0	0	0	0	0	0	0	
1191	???	BOSS	MONSTER	MAGIC	74		AGGR,DEATHBLOW	0	ICE,ATT_ICE	STUN,SLOW,CURSE,TERROR	0	ice_snow_witch	0	65	43	86	22	164	253	130482	8	22	2094	3141	22480	79	100	120	100	2000	1000	0	0	0	50	0	0	0	2	40	40	30	30	30	40	-20	0	90	0	100	2	1107	30	0	0	0	0	0	0	0	0	0	0	0	0	0	0	0	0	0	
1192	???	BOSS	MONSTER	MAGIC	89		AGGR,BERSERK,STONESKIN,DEATHBLOW	0	ICE,ATT_ICE	STUN,SLOW,CURSE,TERROR	0	ice_snow_witch	0	97	73	49	24	174	293	352410	6	16	3782	5680	324800	86	130	160	100	2000	1000	0	0	0	50	0	0	0	2	60	60	40	40	40	60	-20	0	40	0	100	3	1137	30	6750207	0	0	0	0	0	0	0	0	0	0	0	0	0	0	0	0	
1301	???	S_PAWN	MONSTER	MELEE	57			0	ATT_WIND		0	greenfrog_soldier	0	80	60	40	18	89	166	3990	3	7	2125	3196	1099	65	100	110	100	2000	175	30060	0	0	0	0	0	5	5	0	-5	0	0	0	-10	0	0	0	0	0	1	0	0	0	0	0	0	0	0	0	0	0	0	0	0	0	0	0	0	0	
1302	???	S_KNIGHT	MONSTER	MELEE	59			0	ATT_WIND		0	greenfrog_general	0	75	58	40	19	92	170	8811	7	12	7868	11797	3792	67	100	100	100	2000	175	30061	0	0	0	0	0	10	5	0	0	10	0	0	-15	0	0	0	0	0	2	0	0	0	0	0	0	0	0	0	0	0	0	0	0	0	0	0	0	0	
1303	???????	S_PAWN	MONSTER	MELEE	58			0	ATT_WIND		0	goblin_leafhead	0	96	60	50	19	116	142	4108	3	7	3907	5860	1118	66	70	100	100	2000	175	30040	0	0	0	0	0	0	5	-5	-10	-5	0	0	20	0	0	0	0	0	1	0	0	0	0	0	0	0	0	0	0	0	0	0	0	0	0	0	0	0	
1304	????	BOSS	MONSTER	MELEE	75		AGGR	0	ATT_WIND		0	yellow_tigerman	0	99	80	56	24	113	210	178040	7	12	3907	5860	24080	84	90	100	100	2000	175	0	0	0	0	0	0	10	5	15	10	15	15	15	10	0	0	0	0	0	2	1305	0	0	0	0	0	0	0	0	0	0	0	0	0	0	0	0	0	0	
1305	?????	S_KNIGHT	MONSTER	MELEE	61			0	ATT_WIND		0	sugu_general	0	93	52	35	19	94	175	9324	3	12	18282	27422	3920	69	70	100	100	2000	175	0	0	0	0	0	0	0	5	0	10	-5	0	0	-20	0	0	0	0	0	2	0	0	0	0	0	0	0	0	0	0	0	0	0	0	0	0	0	0	0	
1306	?????	BOSS	MONSTER	MELEE	75		AGGR	0	ATT_ELEC	STUN,SLOW,CURSE,TERROR	0	yellow_tigerman	0	99	80	56	24	113	210	178040	15	10	2863	4294	24080	84	100	100	0	2000	150	0	0	0	0	0	0	10	10	40	35	40	40	40	40	0	0	60	0	0	1	1305	0	0	0	0	0	0	0	0	0	0	0	0	0	0	0	0	0	0	
1307	?????	KING	MONSTER	MELEE	97		AGGR,BERSERK,STONESKIN,DEATHBLOW,REVIVE	0	ATT_ELEC	STUN,SLOW,CURSE,TERROR	0	yellow_tigerman	0	122	91	61	30	150	278	2568600	30	20	2863	4294	356400	90	150	160	100	2000	350	0	0	0	0	0	0	15	20	30	25	30	30	30	50	100	50	50	50	20	2	2414	10	0	0	0	0	0	0	0	0	0	0	0	0	0	0	0	0	0	
1308	.....	BOSS	MONSTER	MELEE	40		AGGR	0	ATT_ELEC	STUN,SLOW,CURSE,TERROR	0	yellow_tigerman	0	48	32	63	16	79	146	143232	10	10	2863	4294	24080	57	100	100	0	2000	150	0	0	0	0	0	0	15	20	30	25	30	30	30	50	100	50	50	50	20	2	0	0	0	0	0	0	0	0	0	0	0	0	0	0	0	0	0	0	0	
1309	.....	BOSS	MONSTER	MELEE	65		AGGR	0	ATT_ELEC	STUN,SLOW,CURSE,TERROR	0	yellow_tigerman	0	77	38	57	19	93	173	255680	10	10	2094	3141	24080	84	100	100	0	2000	150	0	0	0	0	0	0	15	20	30	25	30	30	30	50	100	50	50	50	20	2	0	0	0	0	0	0	0	0	0	0	0	0	0	0	0	0	0	0	0	
1310	.....	BOSS	MONSTER	MELEE	95		AGGR	0	ATT_ELEC	STUN,SLOW,CURSE,TERROR	0	yellow_tigerman	0	122	91	61	30	150	208	284864	10	10	3782	5680	24080	90	100	100	0	2000	150	0	0	0	0	0	0	15	20	30	25	30	30	30	50	100	50	50	50	20	2	0	10	0	0	0	0	0	0	0	0	0	0	0	0	0	0	0	0	0	
1331	??? ???	S_PAWN	MONSTER	MELEE	57			0	ATT_WIND		0	greenfrog_soldier	0	80	60	40	18	107	199	3192	3	7	2125	3196	769	65	100	110	100	2000	175	30060	0	0	0	0	0	5	5	0	-5	0	0	0	-10	0	0	0	0	0	1	0	0	16764108	0	0	0	0	0	0	0	0	0	0	0	0	0	0	0	0	
1332	??? ???	S_KNIGHT	MONSTER	MELEE	59			0	ATT_WIND		0	greenfrog_general	0	75	58	40	19	110	204	7049	7	12	7868	11797	2654	67	100	100	100	2000	175	30061	0	0	0	0	0	10	5	0	0	10	0	0	-15	0	0	0	0	0	2	0	0	16764108	0	0	0	0	0	0	0	0	0	0	0	0	0	0	0	0	
1333	??? ???????	S_PAWN	MONSTER	MELEE	58			0	ATT_WIND		0	goblin_leafhead	0	96	60	50	19	139	170	3287	3	7	3907	5860	783	66	70	100	100	2000	175	30040	0	0	0	0	0	0	5	-5	-10	-5	0	0	20	0	0	0	0	0	1	0	0	16764108	0	0	0	0	0	0	0	0	0	0	0	0	0	0	0	0	
1334	??? ????	BOSS	MONSTER	MELEE	75		AGGR	0	ATT_ELEC		0	yellow_tigerman	0	99	80	56	24	136	252	142432	7	12	5469	8204	16856	84	90	100	100	2000	175	0	0	0	0	0	0	10	5	15	10	15	15	15	10	0	0	0	0	0	2	1305	0	16764108	0	0	0	0	0	0	0	0	0	0	0	0	0	0	0	0	
1335	??? ?????	S_KNIGHT	MONSTER	MELEE	61			0	ATT_WIND		0	sugu_general	0	93	52	35	19	113	210	7459	3	12	8297	12446	2744	69	70	100	100	2000	175	0	0	0	0	0	0	0	5	0	10	-5	0	0	-20	0	0	0	0	0	2	0	0	16764108	0	0	0	0	0	0	0	0	0	0	0	0	0	0	0	0	
1401	???	S_PAWN	MONSTER	MELEE	66			0	ATT_ELEC	POISON	0	mutant_1	0	84	42	63	21	137	167	72346	6	10	11141	16711	4301	81	155	130	100	2000	250	0	0	0	0	0	0	15	20	-5	-15	-5	5	5	5	0	0	15	0	0	3	0	5	0	0	0	0	0	0	0	0	0	0	0	0	0	0	0	0	0	
1402	?????	KNIGHT	MONSTER	MELEE	73		AGGR	0	ATT_ELEC	SLOW,CURSE	0	mutant_2	0	91	46	66	23	116	216	108134	10	7	5704	8555	8022	83	155	130	100	2000	250	0	0	0	0	0	0	15	20	10	0	10	15	15	0	0	0	20	0	0	3	0	10	0	0	0	0	0	0	0	0	0	0	0	0	0	0	0	0	0	
1403	?????	S_KNIGHT	MONSTER	MELEE	77		AGGR	0	ATT_ELEC	STUN,SLOW,CURSE,TERROR	0	mutant_3	0	94	55	65	10	122	226	178080	14	10	8188	12282	17304	90	155	130	100	2000	250	0	0	0	0	0	0	15	20	10	10	10	20	20	0	0	0	25	0	0	4	0	15	0	0	0	0	0	0	0	0	0	0	0	0	0	0	0	0	0	
1501	??	S_PAWN	MONSTER	MELEE	69			0	ATT_EARTH		0	golem_1	0	84	42	63	21	142	174	73997	6	5	11000	16500	4654	78	135	110	100	2000	300	0	0	0	0	0	0	15	20	15	10	15	15	15	20	0	0	15	0	0	3	0	5	0	0	0	0	0	0	0	0	0	0	0	0	0	0	0	0	0	
1502	???	S_PAWN	MONSTER	MELEE	72		AGGR	0	ATT_EARTH		0	golem_2	0	85	43	64	21	115	213	79738	6	5	5625	8438	4855	83	135	110	100	2000	300	0	0	0	0	0	0	15	20	15	10	15	15	15	20	0	0	20	0	0	3	0	5	0	0	0	0	0	0	0	0	0	0	0	0	0	0	0	0	0	
1503	?????	KNIGHT	MONSTER	MELEE	76		AGGR	0	ATT_EARTH		0	golem_3	0	92	42	65	10	120	224	111053	10	5	7969	11954	8540	87	135	110	100	2000	300	0	0	0	0	0	0	15	20	15	10	15	15	15	20	0	0	25	0	0	3	0	10	0	0	0	0	0	0	0	0	0	0	0	0	0	0	0	0	0	
1601	????	PAWN	MONSTER	MELEE	68			0	ATT_ELEC	POISON	0	nersluck_1	0	85	43	65	22	140	172	63024	6	10	10860	16290	3745	79	145	120	100	2000	300	0	0	0	0	0	0	15	20	-5	-15	-5	5	5	5	0	0	15	0	0	2	0	5	0	0	0	0	0	0	0	0	0	0	0	0	0	0	0	0	0	
1602	?????	KNIGHT	MONSTER	MELEE	70		AGGR	0	ATT_ELEC	SLOW,CURSE	0	nersluck_2	0	85	43	65	22	112	208	101222	10	7	6875	10313	7868	85	145	120	100	2000	300	0	0	0	0	0	0	15	20	10	0	10	15	15	0	0	0	20	0	0	3	0	10	0	0	0	0	0	0	0	0	0	0	0	0	0	0	0	0	0	
1603	?????	KNIGHT	MONSTER	MELEE	75		AGGR	0	ATT_ELEC	STUN,SLOW,CURSE,TERROR	0	nersluck_3	0	85	43	65	22	119	221	111053	10	10	2750	4125	8232	88	145	120	100	2000	300	0	0	0	0	0	0	15	20	10	10	10	15	15	-5	0	0	25	0	0	3	0	15	0	0	0	0	0	0	0	0	0	0	0	0	0	0	0	0	0	
1901	???	BOSS	MONSTER	MELEE	72		AGGR	0	ATT_ICE		0	fox_ninetail	0	91	68	46	23	109	203	166120	24	32	18282	20282	23120	81	100	100	100	2000	175	0	0	0	0	0	0	0	0	0	0	0	0	0	0	0	0	0	0	0	2	1107	0	0	0	0	0	0	0	0	0	0	0	0	0	0	0	0	0	0	
1902	????	BOSS	MONSTER	MELEE	72		AGGR	0	ATT_ICE	STUN,SLOW,CURSE,TERROR	0	fox_ninetail	0	91	68	46	23	109	203	178040	15	10	2863	4294	23120	81	110	100	0	2000	150	0	0	0	0	0	0	10	10	40	35	40	40	40	40	0	0	60	0	0	1	1107	0	0	0	0	0	0	0	0	0	0	0	0	0	0	0	0	0	0	
1903	????	KING	MONSTER	MELEE	97		AGGR,BERSERK,STONESKIN,DEATHBLOW,REVIVE	0	ATT_ICE	STUN,SLOW,CURSE,TERROR	0	fox_ninetail	0	122	91	61	30	150	278	2568600	30	20	2863	4294	356400	90	150	160	100	2000	350	0	0	0	0	0	0	15	20	30	25	30	30	30	50	100	50	50	50	20	2	2414	10	0	0	0	0	0	0	0	0	0	0	0	0	0	0	0	0	0	
1904	....	BOSS	MONSTER	MELEE	40		AGGR	0	ATT_ICE	STUN,SLOW,CURSE,TERROR	0	fox_ninetail	0	48	32	63	16	79	146	143232	10	10	2863	4294	24080	57	100	100	0	2000	150	0	0	0	0	0	0	15	20	30	25	30	30	30	50	100	50	50	50	20	2	0	10	0	0	0	0	0	0	0	0	0	0	0	0	0	0	0	0	0	
1905	....	BOSS	MONSTER	MELEE	65		AGGR	0	ATT_ICE	STUN,SLOW,CURSE,TERROR	0	fox_ninetail	0	77	38	57	19	93	173	255680	10	10	954	1430	24080	84	100	100	0	2000	150	0	0	0	0	0	0	15	20	30	25	30	30	30	50	100	50	50	50	20	2	0	10	0	0	0	0	0	0	0	0	0	0	0	0	0	0	0	0	0	
1906	....	BOSS	MONSTER	MELEE	95		AGGR	0	ATT_ICE	STUN,SLOW,CURSE,TERROR	0	fox_ninetail	0	122	91	61	30	150	208	284864	10	10	993	1485	24080	90	100	100	0	2000	150	0	0	0	0	0	0	15	20	30	25	30	30	30	50	100	50	50	50	20	2	0	10	0	0	0	0	0	0	0	0	0	0	0	0	0	0	0	0	0	
2001	????	PAWN	MONSTER	MELEE	43			0	INSECT		0	spider_young	0	28	41	55	14	89	109	1949	4	12	2703	8501	1211	50	100	100	50	2000	175	30057	0	0	0	0	0	0	1	1	-5	1	0	0	-10	0	0	0	0	5	1	0	0	16764108	0	0	0	0	0	0	0	0	0	0	0	0	0	0	0	0	
2002	???	PAWN	MONSTER	MELEE	45			0	INSECT		0	spider_poison	0	47	57	29	14	82	123	2088	3	7	2703	8501	1267	52	90	100	50	2000	175	30056	0	0	0	3	0	0	1	0	0	1	0	0	-10	0	0	0	0	5	1	0	0	16764108	0	0	0	0	0	0	0	0	0	0	0	0	0	0	0	0	
2003	?????	S_PAWN	MONSTER	MELEE	48			0	INSECT		0	spider_redpoison	0	54	60	15	15	86	129	2769	9	17	2703	8501	1621	55	110	100	50	2000	175	30025	0	0	0	3	1	0	1	-5	1	-5	0	0	-5	0	0	0	0	5	1	0	0	16764108	0	0	0	0	0	0	0	0	0	0	0	0	0	0	0	0	
2004	????	S_PAWN	MONSTER	MELEE	50			0	INSECT		0	spider_nipper	0	56	31	56	16	100	122	2954	3	7	2703	8501	1688	57	90	100	50	2000	175	30058	0	0	0	0	0	0	1	10	0	1	0	1	-5	0	0	0	0	5	1	0	0	16764108	0	0	0	0	0	0	0	0	0	0	0	0	0	0	0	0	
2005	????	S_PAWN	MONSTER	MELEE	52			0	INSECT		0	spider_soldier	0	71	33	39	16	104	127	3146	3	7	2703	8501	1756	59	80	120	50	2000	175	30059	0	0	0	0	0	0	1	0	10	0	1	0	-15	0	0	0	0	5	1	0	0	16764108	0	0	0	0	0	0	0	0	0	0	0	0	0	0	0	0	
2031	?????	KNIGHT	MONSTER	MELEE	50			0	INSECT		0	spider_young	0	49	65	33	16	96	117	3457	9	12	2703	8501	2220	53	100	120	100	2000	175	0	0	0	0	5	0	5	0	0	0	2	0	0	-10	0	0	0	0	10	1	0	0	13421823	0	0	0	0	0	0	0	0	0	0	0	0	0	0	0	0	
2032	????	KNIGHT	MONSTER	MELEE	52			0	INSECT		0	spider_poison	0	68	34	51	17	88	132	3692	9	12	2703	8501	2316	55	100	120	100	2000	175	0	0	0	0	5	0	5	0	0	1	0	0	0	-5	0	0	0	0	10	1	0	0	13421823	0	0	0	0	0	0	0	0	0	0	0	0	0	0	0	0	
2033	??????	S_KNIGHT	MONSTER	MELEE	54			0	INSECT		0	spider_redpoison	0	53	35	70	18	91	137	6155	4	12	2703	8501	4824	57	100	120	100	2000	175	0	0	0	0	5	1	5	0	1	0	2	0	0	-10	0	0	0	0	10	2	0	0	13421823	0	0	0	0	0	0	0	0	0	0	0	0	0	0	0	0	
2034	?????	S_KNIGHT	MONSTER	MELEE	56			0	INSECT		0	spider_nipper	0	72	36	54	18	106	130	6553	9	17	2703	8501	5016	59	100	120	100	2000	175	0	0	0	0	3	0	5	0	0	1	0	0	0	-5	0	0	0	0	10	2	0	0	13421823	0	0	0	0	0	0	0	0	0	0	0	0	0	0	0	0	
2035	?????	S_KNIGHT	MONSTER	MELEE	58			0	INSECT		0	spider_soldier	0	56	75	37	19	109	134	6969	4	12	2703	8501	5208	62	100	120	100	2000	175	0	0	0	0	3	0	5	0	2	0	1	0	0	-5	0	0	0	0	10	2	0	0	13421823	0	0	0	0	0	0	0	0	0	0	0	0	0	0	0	0	
2036	??????	S_KNIGHT	MONSTER	MELEE	58		AGGR	0	INSECT		0	spider_soldier	0	56	75	37	19	109	134	6969	19	27	2703	8501	5208	62	100	120	100	2000	175	0	0	0	0	3	0	5	0	1	2	1	0	0	-20	0	0	0	0	10	2	0	0	13421823	0	0	0	0	0	0	0	0	0	0	0	0	0	0	0	0	
2051	??? ????	PAWN	MONSTER	MELEE	43			0	INSECT		0	spider_young	0	28	41	55	14	107	131	1559	4	12	2703	8501	848	50	100	100	50	2000	175	30057	0	0	0	0	0	0	1	1	-5	1	0	0	-10	0	0	0	0	5	1	0	0	13421823	0	0	0	0	0	0	0	0	0	0	0	0	0	0	0	0	
2052	??? ???	PAWN	MONSTER	MELEE	45			0	INSECT		0	spider_poison	0	47	57	29	14	98	148	1670	3	7	2703	8501	887	52	90	100	50	2000	175	30056	0	0	0	3	0	0	1	0	0	1	0	0	-10	0	0	0	0	5	1	0	0	13421823	0	0	0	0	0	0	0	0	0	0	0	0	0	0	0	0	
2053	??? ?????	S_PAWN	MONSTER	MELEE	48			0	INSECT		0	spider_redpoison	0	54	60	15	15	103	155	2215	9	17	2703	8501	1135	55	110	100	50	2000	175	30025	0	0	0	3	1	0	1	-5	1	-5	0	0	-5	0	0	0	0	5	1	0	0	13421823	0	0	0	0	0	0	0	0	0	0	0	0	0	0	0	0	
2054	??? ????	S_PAWN	MONSTER	MELEE	50			0	INSECT		0	spider_nipper	0	56	31	56	16	120	146	2363	3	7	2703	8501	1182	57	90	100	50	2000	175	30058	0	0	0	0	0	0	1	10	0	1	0	1	-5	0	0	0	0	5	1	0	0	13421823	0	0	0	0	0	0	0	0	0	0	0	0	0	0	0	0	
2055	??? ????	S_PAWN	MONSTER	MELEE	52			0	INSECT		0	spider_soldier	0	71	33	39	16	125	152	2516	3	7	2703	8501	1229	59	80	120	50	2000	175	30059	0	0	0	0	0	0	1	0	10	0	1	0	-15	0	0	0	0	5	1	0	0	13421823	0	0	0	0	0	0	0	0	0	0	0	0	0	0	0	0	
2061	?????	PAWN	MONSTER	MELEE	60			0	INSECT		0	spider_young	0	77	58	39	20	144	176	3771	12	10	2703	8501	4440	80	110	120	100	2000	150	0	0	0	0	5	0	5	0	0	-5	0	0	0	0	-20	-20	0	0	10	1	0	0	0	0	0	0	0	0	0	0	0	0	0	0	0	0	0	0	0	
2062	????	S_PAWN	MONSTER	MELEE	62			0	INSECT		0	spider_poison	0	80	60	40	20	132	198	4028	7	10	2703	8501	4632	83	110	120	100	2000	150	0	0	0	0	5	0	5	0	0	-5	0	0	0	0	-20	-20	0	0	10	1	0	0	0	0	0	0	0	0	0	0	0	0	0	0	0	0	0	0	0	
2063	??????	KNIGHT	MONSTER	MELEE	64			0	INSECT		0	spider_redpoison	0	82	62	41	21	137	206	6714	12	15	2703	8501	9648	86	110	120	100	2000	150	0	0	0	0	5	1	5	0	0	-5	0	0	0	0	-20	-20	0	0	10	2	0	0	0	0	0	0	0	0	0	0	0	0	0	0	0	0	0	0	0	
2064	?????	KNIGHT	MONSTER	MELEE	66			0	INSECT		0	spider_nipper	0	84	63	42	21	159	195	7149	7	10	4906	8003	10032	89	110	120	100	2000	150	0	0	0	0	3	0	5	0	0	-5	0	0	0	0	-20	-20	0	0	10	2	0	0	0	0	0	0	0	0	0	0	0	0	0	0	0	0	0	0	0	
2065	?????	S_KNIGHT	MONSTER	MELEE	68			0	INSECT		0	spider_soldier	0	87	65	43	22	164	201	7602	20	25	4906	8003	10416	93	110	120	100	2000	150	0	0	0	0	3	0	5	0	0	-5	0	0	0	0	-20	-20	0	0	10	2	0	0	0	0	0	0	0	0	0	0	0	0	0	0	0	0	0	0	0	
2071	???? ????????	KNIGHT	MONSTER	MELEE	60			0	INSECT		0	spider_young	0	77	57	38	19	117	217	9063	10	10	2803	8901	4771	84	110	120	100	2000	150	0	0	0	0	5	0	5	0	0	-5	0	0	0	0	-20	-20	0	0	10	1	0	0	16764108	0	0	0	0	0	0	0	0	0	0	0	0	0	0	0	0	
2072	???? ?????	KNIGHT	MONSTER	MELEE	62			0	INSECT		0	spider_poison	0	79	59	39	19	120	223	9585	10	10	2803	8901	4929	86	110	120	100	2000	150	0	0	0	0	5	0	5	0	0	-5	0	0	0	0	-20	-20	0	0	10	1	0	0	16764108	0	0	0	0	0	0	0	0	0	0	0	0	0	0	0	0	
2073	???? ?????????	S_KNIGHT	MONSTER	MELEE	64			0	INSECT		0	spider_redpoison	0	82	61	41	20	128	239	13504	5	10	2803	8901	9829	108	110	120	100	2000	150	0	0	0	0	5	1	5	0	0	-5	0	0	0	0	-20	-20	0	0	10	2	0	0	16764108	0	0	0	0	0	0	0	0	0	0	0	0	0	0	0	0	
2074	???? ???????	S_KNIGHT	MONSTER	MELEE	66			0	INSECT		0	spider_nipper	0	84	63	42	21	132	245	14248	10	15	2803	8901	10135	112	110	120	100	2000	150	0	0	0	0	3	0	5	0	0	-5	0	0	0	0	-20	-20	0	0	10	2	0	0	16764108	0	0	0	0	0	0	0	0	0	0	0	0	0	0	0	0	
2075	???? ????????	S_KNIGHT	MONSTER	MELEE	68			0	INSECT		0	spider_soldier	0	86	65	43	21	146	271	15020	5	10	4906	9503	10441	115	110	120	100	2000	150	0	0	0	0	3	0	5	0	0	-5	0	0	0	0	-20	-20	0	0	10	2	0	0	16764108	0	0	0	0	0	0	0	0	0	0	0	0	0	0	0	0	
2076	???? ??????????	S_KNIGHT	MONSTER	MELEE	68		AGGR	0	INSECT		0	spider_soldier	0	86	65	43	21	156	290	15020	20	25	4906	9503	10441	115	110	120	100	2000	150	0	0	0	0	3	0	5	0	0	-5	0	0	0	0	-20	-20	0	0	10	2	0	0	16764108	0	0	0	0	0	0	0	0	0	0	0	0	0	0	0	0	
2091	?????	BOSS	MONSTER	MAGIC	60		AGGR	0	INSECT,ATT_WIND	STUN,SLOW,CURSE,TERROR	0	spider_queen	0	77	58	39	17	117	160	193408	10	10	1828	2743	19280	68	110	100	100	2000	150	0	0	0	0	25	0	20	20	40	35	40	40	40	40	0	0	60	0	10	2	2035	5	0	0	0	0	0	0	0	0	0	0	0	0	0	0	0	0	0	
2092	?????	KING	MONSTER	MELEE	75		AGGR,BERSERK,STONESKIN,DEATHBLOW,REVIVE	0	INSECT,ATT_WIND	STUN,SLOW,CURSE,TERROR	0	spider_king	0	122	91	61	30	150	278	2568600	30	20	4042	6064	356400	90	150	160	100	2000	350	0	0	0	0	25	10	30	30	40	35	40	40	40	40	0	0	60	0	10	2	2076	5	0	0	0	0	0	0	0	0	0	0	0	0	0	0	0	0	0	
2093	???????	KING	MONSTER	MELEE	97		AGGR,BERSERK,STONESKIN,DEATHBLOW,REVIVE	0	INSECT,ATT_WIND	STUN,SLOW,CURSE,TERROR	0	spider_queen	0	122	91	61	30	150	278	2568600	30	20	4042	6064	356400	90	150	160	100	2000	350	0	0	0	0	0	0	15	20	30	25	30	30	30	50	100	50	50	50	20	2	2414	10	0	0	0	0	0	0	0	0	0	0	0	0	0	0	0	0	0	
2094	???????	KING	MONSTER	MELEE	72		AGGR	0	INSECT,ATT_WIND	STUN,SLOW,CURSE,TERROR	0	spider_queen	0	95	71	48	24	102	190	1277520	20	20	719	1079	208800	73	110	100	100	2000	150	0	0	0	0	0	0	15	20	30	25	30	30	30	50	100	50	50	50	20	2	2076	10	0	0	0	0	0	0	0	0	0	0	0	0	0	0	0	0	0	
2095	????? ?	KING	MONSTER	MELEE	70		NOMOVE	0	INSECT,ATT_WIND	STUN,SLOW,CURSE,TERROR	0	spider_egg	0	67	45	89	22	0	0	193408	30	20	1313	1977	5000	150	0	0	100	2000	350	0	0	0	0	0	0	0	0	70	70	70	70	70	70	70	70	70	70	70	1	2071	10	0	0	0	0	0	0	0	0	0	0	0	0	0	0	0	0	0	
2101	????	S_PAWN	MONSTER	MELEE	19			0	DESERT		0	fennec_fox	0	18	24	12	6	45	55	784	5	7	1535	3330	554	24	100	200	0	2000	175	0	0	0	0	0	0	0	5	0	0	0	0	0	100	100	100	100	100	10	1	0	0	0	0	0	0	0	0	0	0	0	0	0	0	0	0	0	0	0	
2102	????	S_PAWN	MONSTER	MELEE	37			0	DESERT		0	evil_eye	0	52	24	36	12	62	115	1877	5	7	1535	3330	1252	43	100	100	100	2000	175	0	0	0	0	0	3	0	5	1	0	1	0	1	-10	0	0	0	0	0	1	0	0	0	0	0	0	0	0	0	0	0	0	0	0	0	0	0	0	0	
2103	????	S_PAWN	MONSTER	MELEE	39			0	DESERT		0	giant_scorpion	0	41	51	30	13	65	120	2025	5	7	1535	3330	1319	45	100	80	100	2000	175	30046	0	0	0	0	0	0	5	0	1	0	1	0	-15	0	0	0	0	0	1	0	0	0	0	0	0	0	0	0	0	0	0	0	0	0	0	0	0	0	
2104	????	KNIGHT	MONSTER	MELEE	44			0	DESERT	POISON	0	scorpionman_sword	0	50	28	37	14	91	111	3228	12	12	1535	3330	2478	51	110	120	100	2000	175	30045	0	0	0	5	0	0	5	1	1	2	1	1	-10	0	0	0	0	0	1	0	0	0	0	0	0	0	0	0	0	0	0	0	0	0	0	0	0	0	
2105	????	KNIGHT	MONSTER	RANGE	47			0	DESERT	POISON	0	scorpionman_bow	0	59	30	22	15	95	116	2598	8	7	1535	3330	2646	54	60	70	100	2000	850	30055	0	0	0	5	0	5	5	0	0	-10	0	0	2	0	0	10	0	0	1	0	0	0	0	0	0	0	0	0	0	0	0	0	0	0	0	0	0	0	
2106	??????	KNIGHT	MONSTER	MELEE	48			0	DESERT	POISON	0	snakeman_sword	0	79	27	36	15	87	130	3692	12	12	1535	3330	2702	55	110	110	100	2000	175	30022	0	0	0	5	0	0	5	1	1	1	0	0	-15	0	0	0	0	0	1	0	0	0	0	0	0	0	0	0	0	0	0	0	0	0	0	0	0	0	
2107	??????	KNIGHT	MONSTER	RANGE	51			0	DESERT	POISON	0	snakeman_bow	0	64	28	24	16	90	136	2957	8	7	1535	3330	2870	58	60	110	100	2000	850	30067	0	0	0	5	0	0	5	-5	-10	-5	0	0	2	0	0	10	0	0	1	0	0	0	0	0	0	0	0	0	0	0	0	0	0	0	0	0	0	0	
2108	??????	S_KNIGHT	MONSTER	MELEE	54			0	DESERT		0	outlaw	0	61	68	44	17	95	143	6969	4	12	3330	4906	6076	62	100	120	100	2000	175	0	0	0	0	0	0	5	5	0	10	0	0	0	-20	0	0	0	0	0	2	0	0	0	0	0	0	0	0	0	0	0	0	0	0	0	0	0	0	0	
2131	????	PAWN	MONSTER	MELEE	60			0	INSECT		0	scorpionman_sword	0	77	58	39	20	144	176	3771	12	10	1535	3330	4956	80	110	120	100	2000	150	30045	0	0	0	5	0	5	0	0	-5	0	0	0	0	-20	-20	0	0	10	1	0	0	0	0	0	0	0	0	0	0	0	0	0	0	0	0	0	0	0	
2132	????	S_PAWN	MONSTER	RANGE	62			0	INSECT		0	scorpionman_bow	0	80	60	40	20	132	198	4028	7	10	1535	3330	5292	83	110	120	100	2000	850	30055	0	0	0	5	0	5	0	0	-5	0	0	0	0	-20	-20	0	0	10	1	0	0	0	0	0	0	0	0	0	0	0	0	0	0	0	0	0	0	0	
2133	??????	KNIGHT	MONSTER	MELEE	64			0	INSECT		0	snakeman_sword	0	82	62	41	21	137	206	6714	12	15	1535	3330	5404	86	110	120	100	2000	150	30022	0	0	0	5	1	5	0	0	-5	0	0	0	0	-20	-20	0	0	10	2	0	0	0	0	0	0	0	0	0	0	0	0	0	0	0	0	0	0	0	
2134	??????	KNIGHT	MONSTER	RANGE	66			0	INSECT		0	snakeman_bow	0	84	63	42	21	159	195	7149	7	10	1535	3330	5740	89	110	120	100	2000	850	30067	0	0	0	3	0	5	0	0	-5	0	0	0	0	-20	-20	0	0	10	2	0	0	0	0	0	0	0	0	0	0	0	0	0	0	0	0	0	0	0	
2135	??????	S_KNIGHT	MONSTER	MELEE	68			0	INSECT		0	outlaw	0	87	65	43	22	164	201	7602	20	25	1535	3330	12152	93	110	120	100	2000	150	0	0	0	0	3	0	5	0	0	-5	0	0	0	0	-20	-20	0	0	10	2	0	0	0	0	0	0	0	0	0	0	0	0	0	0	0	0	0	0	0	
2151	??? ????	S_PAWN	MONSTER	MELEE	19			0	DESERT		0	fennec_fox	0	18	24	12	6	54	66	627	5	7	1535	3330	388	24	100	200	0	2000	175	0	0	0	0	0	0	0	5	0	0	0	0	0	100	100	100	100	100	10	1	0	0	16764108	0	0	0	0	0	0	0	0	0	0	0	0	0	0	0	0	
2152	??? ????	S_PAWN	MONSTER	MELEE	37			0	DESERT		0	evil_eye	0	52	24	36	12	74	138	1502	5	7	1535	3330	876	43	100	100	100	2000	175	0	0	0	0	0	3	0	5	1	0	1	0	1	-10	0	0	0	0	0	1	0	0	16764108	0	0	0	0	0	0	0	0	0	0	0	0	0	0	0	0	
2153	??? ????	S_PAWN	MONSTER	MELEE	39			0	DESERT		0	giant_scorpion	0	41	51	30	13	78	144	1620	5	7	1535	3330	923	45	100	80	100	2000	175	30046	0	0	0	0	0	0	5	0	1	0	1	0	-15	0	0	0	0	0	1	0	0	16764108	0	0	0	0	0	0	0	0	0	0	0	0	0	0	0	0	
2154	??? ????	KNIGHT	MONSTER	MELEE	44			0	DESERT	POISON	0	scorpionman_sword	0	50	28	37	14	109	133	2582	12	12	1535	3330	1735	51	110	120	100	2000	175	30045	0	0	0	5	0	0	5	1	1	2	1	1	-10	0	0	0	0	0	1	0	0	16764108	0	0	0	0	0	0	0	0	0	0	0	0	0	0	0	0	
2155	??? ????	S_PAWN	MONSTER	RANGE	47			0	DESERT	POISON	0	scorpionman_bow	0	59	30	22	15	114	139	2079	8	7	1535	3330	1852	54	60	70	100	2000	850	30055	0	0	0	5	0	5	5	0	0	-10	0	0	2	0	0	10	0	0	1	0	0	16764108	0	0	0	0	0	0	0	0	0	0	0	0	0	0	0	0	
2156	??? ??????	KNIGHT	MONSTER	MELEE	48			0	DESERT	POISON	0	snakeman_sword	0	79	27	36	15	104	156	2954	12	12	1535	3330	1891	55	110	110	100	2000	175	30022	0	0	0	5	0	0	5	1	1	1	0	0	-15	0	0	0	0	0	1	0	0	16764108	0	0	0	0	0	0	0	0	0	0	0	0	0	0	0	0	
2157	??? ??????	KNIGHT	MONSTER	RANGE	51			0	DESERT	POISON	0	snakeman_bow	0	64	28	24	16	108	163	2365	8	7	1535	3330	2009	58	60	110	100	2000	850	30067	0	0	0	5	0	0	5	-5	-10	-5	0	0	2	0	0	10	0	0	1	0	0	16764108	0	0	0	0	0	0	0	0	0	0	0	0	0	0	0	0	
2158	??? ??????	S_KNIGHT	MONSTER	MELEE	54			0	DESERT		0	outlaw	0	61	68	44	17	114	172	5575	4	12	1535	3330	4253	62	100	120	100	2000	175	0	0	0	0	0	0	5	5	0	10	0	0	0	-20	0	0	0	0	0	2	0	0	16764108	0	0	0	0	0	0	0	0	0	0	0	0	0	0	0	0	
2191	??????	BOSS	MONSTER	MELEE	67		AGGR	0	DESERT,ATT_WIND	STUN,SLOW,CURSE,TERROR	0	giant_desert_turtle	0	64	43	85	21	102	190	146320	9	12	2211	3313	21520	76	100	100	100	2000	300	0	0	0	0	0	0	0	0	100	0	100	100	100	100	20	20	20	20	10	2	0	20	0	0	0	0	0	0	0	0	0	0	0	0	0	0	0	0	0	
2192	???????	KING	MONSTER	MELEE	97		AGGR,BERSERK,STONESKIN,DEATHBLOW,REVIVE	0	DESERT,ATT_WIND	STUN,SLOW,CURSE,TERROR	0	giant_desert_turtle	0	122	91	61	30	150	278	2568600	30	20	2282	3422	356400	90	150	160	100	2000	350	0	0	0	0	0	0	15	20	30	25	30	30	30	50	100	50	50	50	20	2	2414	10	16764879	0	0	0	0	0	0	0	0	0	0	0	0	0	0	0	0	
2201	?????	S_PAWN	MONSTER	MELEE	69			0	FIRE,ATT_FIRE		0	fire_tiger	0	84	42	63	21	130	159	5550	3	7	3086	4625	997	78	100	130	100	2000	175	30042	0	0	0	0	0	15	20	15	10	20	15	15	-10	0	0	0	0	0	1	0	0	0	0	0	0	0	0	0	0	0	0	0	0	0	0	0	0	0	
2202	??	S_PAWN	MONSTER	MAGIC	69			0	FIRE,ATT_FIRE		0	fire_ghost	0	85	43	64	21	132	161	5550	3	7	3227	4844	997	78	100	130	100	2000	850	0	0	0	0	0	0	15	20	0	-5	5	-10	-10	20	0	0	20	0	0	1	0	0	0	0	0	0	0	0	0	0	0	0	0	0	0	0	0	0	0	
2203	???	KNIGHT	MONSTER	MELEE	70			0	FIRE,ATT_FIRE		0	fire_tiger_boss	0	85	43	65	22	119	178	7592	7	12	4040	6063	1686	79	100	130	100	2000	175	30019	0	0	0	0	0	15	20	20	15	25	0	0	-25	0	0	0	0	0	2	0	0	0	0	0	0	0	0	0	0	0	0	0	0	0	0	0	0	0	
2204	???	KNIGHT	MONSTER	POWER	71			0	FIRE,ATT_FIRE	CURSE	0	fire_man	0	86	43	65	22	105	195	7782	7	12	6969	10454	1710	80	100	130	100	2000	175	0	0	0	0	0	0	15	20	-5	-10	0	5	5	-20	0	0	0	0	0	2	0	0	0	0	0	0	0	0	0	0	0	0	0	0	0	0	0	0	0	
2205	????	S_KNIGHT	MONSTER	POWER	72			0	FIRE,ATT_FIRE	SLOW,CURSE	0	fire_knight	0	89	44	66	22	106	198	12459	3	12	5367	8051	3468	81	100	130	100	2000	175	30091	0	0	0	0	0	15	20	0	0	5	0	0	-25	0	0	10	0	0	2	0	0	0	0	0	0	0	0	0	0	0	0	0	0	0	0	0	0	0	
2206	???	BOSS	MONSTER	MELEE	73			0	FIRE,ATT_FIRE	STUN,SLOW,CURSE,TERROR	0	fire_king	0	91	46	66	23	109	203	51024	7	12	2211	3313	17580	82	100	130	100	2000	175	0	0	0	0	0	50	15	20	0	10	0	10	0	-20	0	0	10	0	0	2	0	0	0	0	0	0	0	0	0	0	0	0	0	0	0	0	0	0	0	
2207	????	BOSS	MONSTER	MELEE	73		AGGR	0	FIRE,ATT_FIRE	STUN,SLOW,CURSE,TERROR	0	fire_king	0	91	46	66	23	110	205	356080	25	20	2282	3422	240800	82	110	130	100	2000	150	0	0	0	0	0	50	15	20	40	35	40	40	40	40	0	0	60	0	0	2	2205	0	0	0	0	0	0	0	0	0	0	0	0	0	0	0	0	0	0	
2231	??? ?????	S_PAWN	MONSTER	MELEE	69			0	FIRE,ATT_FIRE		0	fire_tiger	0	84	42	63	21	156	191	4440	3	7	3086	4625	698	78	100	130	100	2000	175	30042	0	0	0	0	0	15	20	15	10	20	15	15	-10	0	0	0	0	0	1	0	0	16764108	0	0	0	0	0	0	0	0	0	0	0	0	0	0	0	0	
2232	??? ??	S_PAWN	MONSTER	MAGIC	69			0	FIRE,ATT_FIRE		0	fire_ghost	0	85	43	64	21	158	193	4440	3	7	3227	4844	698	78	100	130	100	2000	850	0	0	0	0	0	0	15	20	0	-5	5	-10	-10	20	0	0	20	0	0	1	0	0	16764108	0	0	0	0	0	0	0	0	0	0	0	0	0	0	0	0	
2233	??? ???	KNIGHT	MONSTER	MELEE	70			0	FIRE,ATT_FIRE		0	fire_tiger_boss	0	85	43	65	22	143	214	6073	7	12	4040	6063	1180	79	100	130	100	2000	175	30019	0	0	0	0	0	15	20	20	15	25	0	0	-25	0	0	0	0	0	2	0	0	16764108	0	0	0	0	0	0	0	0	0	0	0	0	0	0	0	0	
2234	??? ???	KNIGHT	MONSTER	POWER	71			0	FIRE,ATT_FIRE	CURSE	0	fire_man	0	86	43	65	22	126	234	6225	7	12	7157	10735	1197	80	100	130	100	2000	175	0	0	0	0	0	0	15	20	-5	-10	0	5	5	-20	0	0	0	0	0	2	0	0	16764108	0	0	0	0	0	0	0	0	0	0	0	0	0	0	0	0	
2235	??? ????	S_KNIGHT	MONSTER	POWER	72			0	FIRE,ATT_FIRE	SLOW,CURSE	0	fire_knight	0	89	44	66	22	127	238	9967	3	12	2688	4032	2428	81	100	130	100	2000	175	30091	0	0	0	0	0	15	20	0	0	5	0	0	-25	0	0	10	0	0	2	0	0	16764108	0	0	0	0	0	0	0	0	0	0	0	0	0	0	0	0	
2291	??	KING	MONSTER	MELEE	75		AGGR	0	FIRE,ATT_FIRE	STUN,SLOW,CURSE,TERROR	0	fire_dragon	0	99	69	65	23	110	205	489610	24	22	2797	4196	135450	84	100	130	100	2000	1000	0	0	0	0	0	0	15	20	30	30	30	30	30	50	100	50	50	50	20	2	2205	10	0	0	0	0	0	0	0	0	0	0	0	0	0	0	0	0	0	
2301	???	PAWN	MONSTER	MAGIC	65		AGGR,NOMOVE	0	ATT_EARTH		0	ent_trent	0	75	57	50	10	115	172	2261	3	5	4813	7219	768	67	100	100	100	2000	650	0	0	0	3	0	0	5	5	0	-5	0	-10	-10	50	0	0	30	0	0	1	0	5	0	0	0	0	0	0	0	0	0	0	0	0	0	0	0	0	0	
2302	????	PAWN	MONSTER	MELEE	67			0	ATT_EARTH		0	ent_guru	0	92	42	65	10	134	164	3939	3	5	4938	7407	803	72	120	100	100	2000	150	0	0	0	0	0	0	5	5	-5	-10	0	5	5	5	0	0	15	0	0	1	0	5	0	0	0	0	0	0	0	0	0	0	0	0	0	0	0	0	0	
2303	???	S_PAWN	MONSTER	MAGIC	69			0	ATT_EARTH		0	ent_hu	0	86	55	65	10	127	190	3548	5	5	7071	10610	1031	76	100	100	100	2000	650	0	0	0	0	10	0	0	0	10	15	5	-10	-10	10	0	0	10	0	0	1	0	10	0	0	0	0	0	0	0	0	0	0	0	0	0	0	0	0	0	
2304	????	S_PAWN	MONSTER	MELEE	70			0	ATT_EARTH	SLOW,CURSE	0	ent_red	0	89	49	77	10	114	211	5206	5	10	3013	4519	1058	79	115	100	100	2000	150	0	0	0	0	0	0	5	5	-5	-10	-5	5	5	5	0	0	15	0	0	1	0	15	0	0	0	0	0	0	0	0	0	0	0	0	0	0	0	0	0	
2305	???	KNIGHT	MONSTER	MELEE	71		AGGR	0	ATT_EARTH	SLOW,CURSE	0	ent_black	0	94	75	75	10	118	219	7214	7	5	5719	8579	1833	83	115	100	100	2000	150	0	0	0	0	3	0	5	10	10	5	10	15	15	0	0	0	20	0	0	1	0	15	0	0	0	0	0	0	0	0	0	0	0	0	0	0	0	0	0	
2306	????	BOSS	MONSTER	MELEE	84		AGGR	0	ATT_EARTH		0	ent_huge	0	99	84	70	10	118	219	353840	12	10	4875	7313	27236	86	100	130	100	2000	300	0	0	0	0	0	3	15	20	10	15	10	15	15	-5	0	0	60	0	0	3	2304	35	0	0	0	0	0	0	0	0	0	0	0	0	0	0	0	0	0	
2307	????	KING	MONSTER	MELEE	86		AGGR	0	ATT_EARTH		0	ent_elder	0	121	76	65	10	120	224	452900	30	20	5000	7500	250800	90	100	130	100	2000	300	0	0	0	5	5	10	15	20	10	15	10	20	20	0	0	0	50	0	0	4	2305	40	0	0	0	0	0	0	0	0	0	0	0	0	0	0	0	0	0	
2311	?????	S_PAWN	MONSTER	MAGIC	74		AGGR,NOMOVE	0	ATT_EARTH		0	ent_trent	0	75	57	50	10	128	193	3596	3	5	6985	10477	1069	67	100	130	100	2000	900	0	0	0	3	0	0	15	20	0	-5	0	-10	-10	50	0	0	50	0	0	1	0	15	16764879	0	0	0	0	0	0	0	0	0	0	0	0	0	0	0	0	
2312	?????	KNIGHT	MONSTER	MELEE	76			0	ATT_EARTH		0	ent_guru	0	92	42	65	10	148	181	7032	3	5	7250	10875	1830	72	120	130	100	2000	150	0	0	0	0	0	0	15	20	-5	-10	0	5	5	5	0	0	25	0	0	1	0	15	16764879	0	0	0	0	0	0	0	0	0	0	0	0	0	0	0	0	
2313	?????	KNIGHT	MONSTER	MAGIC	77			0	ATT_EARTH		0	ent_hu	0	86	55	65	10	133	200	5699	5	5	9469	14211	1854	76	100	170	100	2000	650	0	0	0	0	10	0	5	15	10	15	5	-10	-10	10	0	0	30	0	0	1	0	20	16764879	0	0	0	0	0	0	0	0	0	0	0	0	0	0	0	0	
2314	?????	S_KNIGHT	MONSTER	MELEE	80		AGGR	0	ATT_EARTH	SLOW,CURSE	0	ent_red	0	89	49	77	10	120	224	11558	5	10	5157	7735	3852	79	115	150	100	2000	150	0	0	0	0	0	0	15	20	-5	-10	-5	5	5	5	0	0	35	0	0	1	0	25	16764879	0	0	0	0	0	0	0	0	0	0	0	0	0	0	0	0	
2315	????	S_KNIGHT	MONSTER	MELEE	82		AGGR	0	ATT_EARTH	SLOW,CURSE	0	ent_black	0	94	75	75	10	123	229	11843	7	5	5266	7899	3948	83	115	150	100	2000	150	0	0	0	0	3	0	15	20	10	5	10	15	15	0	0	0	40	0	0	1	0	25	16764879	0	0	0	0	0	0	0	0	0	0	0	0	0	0	0	0	
2401	????	PAWN	MONSTER	MELEE	87		AGGR,BERSERK	0	DEVIL,ATT_ELEC	SLOW,CURSE,TERROR	0	ch_footman	0	107	53	80	26	167	201	12635	3	14	8532	12797	7050	67	110	130	110	2000	50	0	0	0	3	0	0	5	5	0	0	0	10	10	10	0	0	30	0	0	2	0	5	0	0	0	0	0	0	0	0	0	0	0	0	0	0	0	0	0	
2402	????	PAWN	MONSTER	RANGE	89		AGGR,GODSPEED	0	DEVIL,ATT_ELEC	SLOW,CURSE,TERROR	0	ch_bowman	0	82	110	55	27	191	222	10283	5	14	8625	12938	7212	72	105	150	100	2000	650	0	0	0	0	0	0	5	5	20	20	0	0	0	-30	0	0	10	0	0	2	0	5	0	0	0	0	0	0	0	0	0	0	0	0	0	0	0	0	0	
2403	õ????	S_PAWN	MONSTER	RANGE	89		AGGR,REVIVE	0	DEVIL,ATT_ELEC	SLOW,CURSE,TERROR	0	ch_magician	0	82	55	110	27	151	235	16784	5	14	8594	12110	8658	76	100	150	100	2000	700	0	0	0	0	10	10	0	0	10	10	25	-5	-5	30	0	0	-30	0	0	3	0	10	0	0	0	0	0	0	0	0	0	0	0	0	0	0	0	0	0	
2404	????	S_PAWN	MONSTER	MELEE	90		AGGR,STONESKIN	0	DEVIL,ATT_ELEC	SLOW,CURSE,TERROR	0	ch_officer	0	111	83	55	28	172	235	22272	7	20	8243	12360	8754	79	110	130	100	2000	50	0	0	0	0	0	0	5	5	10	10	5	-5	-5	10	0	0	15	0	0	4	0	15	0	0	0	0	0	0	0	0	0	0	0	0	0	0	0	0	0	
2411	?????	S_PAWN	MONSTER	MELEE	91		AGGR,BERSERK	0	DEVIL,ATT_ELEC	SLOW,CURSE,TERROR	0	ch_footman	0	112	84	56	28	154	239	17000	3	14	13641	20469	19474	78	115	130	100	2000	50	0	0	0	5	0	0	6	3	10	0	15	30	25	15	0	0	30	0	0	2	0	15	16764879	0	0	0	0	0	0	0	0	0	0	0	0	0	0	0	0	
2412	?????	KNIGHT	MONSTER	RANGE	93		AGGR,GODSPEED	0	DEVIL,ATT_ELEC	SLOW,CURSE,TERROR	0	ch_bowman	0	86	114	57	29	188	239	15390	3	14	13922	20883	19920	82	110	150	100	2000	700	0	0	0	0	3	3	6	6	30	25	10	0	10	5	0	0	20	0	0	2	0	15	16764879	0	0	0	0	0	0	0	0	0	0	0	0	0	0	0	0	
2413	??õ????	KNIGHT	MONSTER	RANGE	95		AGGR,REVIVE	0	DEVIL,ATT_ELEC	SLOW,CURSE,TERROR	0	ch_magician	0	88	58	117	29	205	256	21724	4	14	14922	21883	20354	88	110	150	100	2000	700	0	0	0	10	0	10	2	2	30	40	5	30	25	0	0	0	40	0	0	3	0	30	16764879	0	0	0	0	0	0	0	0	0	0	0	0	0	0	0	0	
2414	?????	S_KNIGHT	MONSTER	MELEE	97		AGGR,STONESKIN	0	DEVIL,ATT_ELEC	SLOW,CURSE,TERROR	0	ch_officer	0	119	89	60	30	222	273	41400	5	20	5157	7735	41580	95	105	130	100	2000	50	0	0	0	5	0	5	8	8	30	20	20	10	5	20	0	0	-10	0	0	3	0	20	16764879	0	0	0	0	0	0	0	0	0	0	0	0	0	0	0	0	
2415	?????	S_KNIGHT	MONSTER	MELEE	97		AGGR,STONESKIN	0	DEVIL,ATT_ELEC	SLOW,CURSE,TERROR	0	ch_officer	0	119	89	60	30	222	273	41400	5	20	5266	7899	0	95	105	130	100	2000	50	0	0	0	5	0	5	8	8	30	20	20	10	5	20	0	0	-10	0	0	3	0	20	16764879	0	0	0	0	0	0	0	0	0	0	0	0	0	0	0	0	
2431	????	PAWN	MONSTER	MELEE	80		AGGR,BERSERK	0	DEVIL,ATT_ELEC	SLOW,CURSE,TERROR	0	ch_footman	0	107	53	80	26	133	247	7090	3	7	8532	12797	26208	67	110	130	110	2000	50	0	0	0	3	0	0	5	5	0	-10	0	-10	-10	50	0	0	30	0	0	2	0	5	16764108	0	0	0	0	0	0	0	0	0	0	0	0	0	0	0	0	
2432	????	PAWN	MONSTER	RANGE	82		AGGR,GODSPEED	0	DEVIL,ATT_ELEC	SLOW,CURSE,TERROR	0	ch_bowman	0	82	110	55	27	136	252	5522	5	7	8625	12938	26334	72	105	150	100	2000	650	0	0	0	0	0	0	5	5	-5	-15	0	5	5	5	0	0	15	0	0	2	0	5	16764108	0	0	0	0	0	0	0	0	0	0	0	0	0	0	0	0	
2433	õ????	S_PAWN	MONSTER	MAGIC	82		AGGR,REVIVE	0	DEVIL,ATT_ELEC	SLOW,CURSE,TERROR	0	ch_magician	0	82	55	110	27	136	252	14784	5	7	5375	8071	33396	76	105	150	100	2000	650	0	0	0	0	10	10	0	0	10	10	5	-10	-10	10	0	0	10	0	0	3	0	10	16764108	0	0	0	0	0	0	0	0	0	0	0	0	0	0	0	0	
2434	????	S_PAWN	MONSTER	MELEE	83		AGGR,STONESKIN	0	DEVIL,ATT_ELEC	SLOW,CURSE,TERROR	0	ch_officer	0	111	83	55	28	137	255	20272	7	10	5493	8235	33468	79	115	130	100	2000	50	0	0	0	0	0	0	5	5	-5	-15	-5	5	5	5	0	0	15	0	0	4	0	15	16764108	0	0	0	0	0	0	0	0	0	0	0	0	0	0	0	0	
2451	?????	S_PAWN	MONSTER	MELEE	84		AGGR,BERSERK	0	DEVIL,ATT_ELEC	SLOW,CURSE,TERROR	0	ch_footman	0	112	84	56	28	139	257	16923	5	7	9094	13641	10908	67	135	130	100	2000	50	0	0	0	3	0	0	15	20	0	-10	0	-10	-10	50	0	0	50	0	0	3	0	15	13421823	0	0	0	0	0	0	0	0	0	0	0	0	0	0	0	0	
2452	?????	KNIGHT	MONSTER	RANGE	86		AGGR,GODSPEED	0	DEVIL,ATT_ELEC	SLOW,CURSE,TERROR	0	ch_bowman	0	86	114	57	29	141	263	22608	5	7	9282	13922	11154	72	130	150	100	2000	700	0	0	0	0	0	0	15	20	-5	-15	0	5	5	5	0	0	25	0	0	4	0	15	13421823	0	0	0	0	0	0	0	0	0	0	0	0	0	0	0	0	
2453	?????	KNIGHT	MONSTER	RANGE	88		AGGR,REVIVE	0	DEVIL,ATT_ELEC	SLOW,CURSE,TERROR	0	ch_magician	0	88	58	117	29	144	268	23634	7	7	3242	5254	11394	76	130	150	100	2000	700	0	0	0	0	10	10	5	15	10	10	5	-10	-10	10	0	0	30	0	0	4	0	20	13421823	0	0	0	0	0	0	0	0	0	0	0	0	0	0	0	0	
2454	?????	S_KNIGHT	MONSTER	MELEE	90		AGGR,STONESKIN	0	DEVIL,ATT_ELEC	SLOW,CURSE,TERROR	0	ch_officer	0	119	89	60	30	147	273	39540	7	10	11602	17403	23286	79	140	130	100	2000	50	0	0	0	0	0	0	15	20	-5	-15	-5	5	5	5	0	0	35	0	0	6	0	25	13421823	0	0	0	0	0	0	0	0	0	0	0	0	0	0	0	0	
2491	????	S_KNIGHT	MONSTER	MELEE	93		AGGR,BERSERK,DEATHBLOW,REVIVE	0	DEVIL,ATT_ELEC	STUN,SLOW,CURSE,TERROR	0	ch_general	0	119	89	60	30	144	268	320000	2	9	7313	54844	44700	92	140	130	100	2000	100	0	0	0	0	0	5	15	15	45	45	35	30	30	45	0	0	20	0	0	4	2404	35	0	0	0	0	0	0	0	0	0	0	0	0	0	0	0	0	0	
2492	?????	BOSS	MONSTER	MELEE	95		AGGR,BERSERK,DEATHBLOW,REVIVE	0	DEVIL,ATT_ELEC	STUN,SLOW,CURSE,TERROR	0	ch_general	0	119	89	60	30	147	268	900000	17	30	9750	73125	456600	92	140	130	100	2000	100	0	0	0	5	5	15	10	10	45	45	40	35	35	50	0	0	20	0	0	4	2415	40	0	0	0	0	0	0	0	0	0	0	0	0	0	0	0	0	0	
2493	???	KING	MONSTER	MELEE	97		AGGR,BERSERK,STONESKIN	0	ATT_ELEC	STUN,SLOW,CURSE,TERROR	0	blue_dragon	0	122	91	61	30	150	278	5000000	35	5	3713	27844	3564000	739	150	180	100	2000	350	0	0	0	0	0	0	15	20	0	0	0	0	0	0	100	50	0	50	0	2	2404	100	0	0	0	0	0	0	0	0	0	0	0	0	0	0	0	0	0	
2494	????	S_KNIGHT	MONSTER	MELEE	88		AGGR,BERSERK,DEATHBLOW,REVIVE	0	DEVIL,ATT_ELEC	STUN,SLOW,CURSE,TERROR	0	ch_general	0	119	89	60	30	144	268	300000	4	14	150	1121	44700	92	140	130	100	2000	100	0	0	0	0	0	5	10	20	45	45	35	30	30	45	0	0	20	0	0	4	2404	35	0	0	0	0	0	0	0	0	0	0	0	0	0	0	0	0	0	
2495	?????	BOSS	MONSTER	MELEE	90		AGGR,BERSERK,DEATHBLOW,REVIVE	0	DEVIL,ATT_ELEC	STUN,SLOW,CURSE,TERROR	0	ch_general	0	119	89	60	30	144	273	600000	8	16	368	2757	456600	92	140	130	100	2000	100	0	0	0	5	5	15	10	10	45	45	40	35	35	50	0	0	20	0	0	4	2415	40	0	0	0	0	0	0	0	0	0	0	0	0	0	0	0	0	0	
2501	??	PAWN	MONSTER	MELEE	79		AGGR,GODSPEED	0	UNDEAD,ATT_DARK	CURSE	0	zombie_diseased_kid	0	117	88	58	29	240	295	6206	5	7	372	2785	739	93	110	100	90	2000	150	0	0	1	1	1	1	0	5	0	-5	0	0	0	0	0	0	0	0	10	1	0	5	0	0	0	0	0	0	0	0	0	0	0	0	0	0	0	0	0	
2502	???	S_PAWN	MONSTER	MELEE	80		AGGR,REVIVE	0	UNDEAD,ATT_DARK	CURSE	0	zombie_diseased_dog	0	118	59	89	30	243	297	7582	5	7	692	5190	896	94	110	100	100	2000	150	0	0	1	1	1	1	0	10	0	-5	0	0	0	0	0	0	0	0	10	1	0	5	0	0	0	0	0	0	0	0	0	0	0	0	0	0	0	0	0	
2503	??? ?????	S_PAWN	MONSTER	MELEE	81		AGGR,STONESKIN	0	UNDEAD,ATT_DARK	CURSE	0	zombie_diseased_infector	0	89	60	120	30	245	300	7718	5	7	699	5243	906	95	110	100	100	2000	150	0	0	1	1	1	1	0	5	0	-5	0	0	0	0	0	0	0	0	10	1	0	5	0	0	0	0	0	0	0	0	0	0	0	0	0	0	0	0	0	
2504	??? ?????	KNIGHT	MONSTER	MELEE	82		AGGR,BERSERK	0	UNDEAD,ATT_DARK	CURSE	0	zombie_diseased_sword	0	90	120	60	30	248	302	10475	5	7	1128	8457	1526	96	110	100	100	2000	150	0	0	1	1	1	1	0	5	0	-5	0	0	0	0	0	0	0	0	10	1	0	5	0	0	0	0	0	0	0	0	0	0	0	0	0	0	0	0	0	
2505	??? ???? ???	KNIGHT	MONSTER	MELEE	83		AGGR,GODSPEED	0	UNDEAD,ATT_DARK	CURSE	0	zombie_diseased_spear	0	61	122	93	32	250	305	10660	5	7	1139	8541	1542	97	110	100	100	2000	150	0	0	1	1	1	1	0	10	0	-5	0	0	0	0	0	0	0	0	10	1	0	5	0	0	0	0	0	0	0	0	0	0	0	0	0	0	0	0	0	
2506	??? ???? ???	S_KNIGHT	MONSTER	RANGE	84		AGGR,REVIVE	0	UNDEAD,ATT_DARK	CURSE	0	zombie_diseased_bow	0	93	123	62	33	224	336	16947	5	7	150	1121	3116	98	90	100	100	2000	850	30193	0	1	1	1	1	0	10	0	-5	0	0	0	0	0	0	0	0	10	1	0	5	0	0	0	0	0	0	0	0	0	0	0	0	0	0	0	0	0	
2507	??? ???? ???	S_KNIGHT	MONSTER	RANGE	85		AGGR,STONESKIN	0	UNDEAD,ATT_DARK	CURSE	0	zombie_diseased_boss	0	123	98	90	30	198	367	17242	5	7	368	2757	3148	99	110	100	100	2000	150	30193	0	1	1	1	1	0	10	0	-5	0	0	0	0	0	0	0	0	10	1	0	5	0	0	0	0	0	0	0	0	0	0	0	0	0	0	0	0	0	
2508	????	PAWN	MONSTER	MELEE	79		AGGR,GODSPEED	0	UNDEAD,ATT_DARK	CURSE,TERROR	0	zombie_soldier_scythe	0	58	117	88	29	240	295	6206	5	7	372	2785	739	93	115	130	100	2000	150	0	0	5	0	0	0	0	0	0	-5	0	0	0	20	0	0	0	0	10	1	0	10	0	0	0	0	0	0	0	0	0	0	0	0	0	0	0	0	0	
2509	??? ?ú?	S_PAWN	MONSTER	RANGE	80		AGGR,REVIVE	0	UNDEAD,ATT_DARK	CURSE,TERROR	0	zombie_soldier_bow	0	89	119	59	30	215	325	7582	5	7	692	5190	896	94	120	130	100	2000	850	0	0	5	0	0	0	0	0	0	-5	0	0	0	20	0	0	0	0	10	1	0	10	0	0	0	0	0	0	0	0	0	0	0	0	0	0	0	0	0	
2510	??? ???	S_PAWN	MONSTER	MELEE	81		AGGR,STONESKIN	0	UNDEAD,ATT_DARK	CURSE,TERROR	0	zombie_soldier_spear	0	120	90	60	31	245	300	7718	5	7	699	5243	906	95	120	130	100	2000	150	0	0	10	0	0	0	0	0	0	-5	0	0	0	20	0	0	0	0	10	1	0	10	0	0	0	0	0	0	0	0	0	0	0	0	0	0	0	0	0	
2511	??? ????	KNIGHT	MONSTER	MAGIC	82		AGGR,BERSERK	0	UNDEAD,ATT_DARK	CURSE,TERROR	0	zombie_magician	0	61	121	91	32	192	358	10475	5	7	1128	8457	1526	96	130	130	100	2000	850	0	0	10	0	0	0	0	0	-10	-25	5	-20	-20	20	0	0	25	0	10	1	0	10	0	0	0	0	0	0	0	0	0	0	0	0	0	0	0	0	0	
2512	??? ???	KNIGHT	MONSTER	MELEE	83		AGGR,GODSPEED	0	UNDEAD,ATT_DARK	CURSE,TERROR	0	zombie_bigboss	0	122	92	62	33	195	361	10660	5	7	1150	8625	1542	97	130	130	100	2000	150	0	0	15	0	0	0	10	0	-5	-5	10	10	10	20	0	0	30	0	10	1	0	10	0	0	0	0	0	0	0	0	0	0	0	0	0	0	0	0	0	
2513	??? ????	S_KNIGHT	MONSTER	RANGE	84		AGGR,REVIVE	0	UNDEAD,ATT_DARK	CURSE,TERROR	0	zombie_ghost	0	63	93	123	34	196	365	16947	5	7	150	1121	3116	98	130	130	100	2000	300	0	0	15	0	0	0	0	0	-5	-25	0	0	0	20	0	0	35	0	10	1	0	10	0	0	0	0	0	0	0	0	0	0	0	0	0	0	0	0	0	
2514	??? ????	S_KNIGHT	MONSTER	MELEE	86		AGGR,STONESKIN	0	UNDEAD,ATT_DARK	CURSE,TERROR	0	zombie_general	0	124	100	80	30	200	371	17537	5	7	368	2757	3180	100	130	130	100	2000	150	0	0	20	5	0	0	0	0	0	-5	-25	0	0	20	0	0	40	0	10	1	0	10	0	0	0	0	0	0	0	0	0	0	0	0	0	0	0	0	0	
2541	????? ????	PAWN	MONSTER	MELEE	79		AGGR,GODSPEED	0	UNDEAD,ATT_DARK	CURSE,TERROR	0	zombie_soldier_scythe	0	58	117	88	29	240	295	6206	5	7	372	2785	739	93	115	130	100	2000	150	0	0	5	0	0	0	0	0	0	-5	0	0	0	20	0	0	0	0	10	1	0	10	0	0	0	0	0	0	0	0	0	0	0	0	0	0	0	0	0	
2542	????? ??? ?ú?	S_PAWN	MONSTER	RANGE	80		AGGR,REVIVE	0	UNDEAD,ATT_DARK	CURSE,TERROR	0	zombie_soldier_bow	0	89	119	59	30	215	325	7582	5	7	692	5190	896	94	120	130	100	2000	850	0	0	5	0	0	0	0	0	0	-5	0	0	0	20	0	0	0	0	10	1	0	10	0	0	0	0	0	0	0	0	0	0	0	0	0	0	0	0	0	
2543	????? ??? ???	S_PAWN	MONSTER	MELEE	81		AGGR,STONESKIN	0	UNDEAD,ATT_DARK	CURSE,TERROR	0	zombie_soldier_spear	0	120	90	60	31	245	300	7718	5	7	699	5243	906	95	120	130	100	2000	150	30196	0	10	0	0	0	0	0	0	-5	0	0	0	20	0	0	0	0	10	1	0	10	0	0	0	0	0	0	0	0	0	0	0	0	0	0	0	0	0	
2544	????? ??? ????	KNIGHT	MONSTER	MAGIC	82		AGGR,BERSERK	0	UNDEAD,ATT_DARK	CURSE,TERROR	0	zombie_magician	0	61	121	91	32	192	358	10475	5	7	1128	8457	1526	96	130	130	100	2000	850	0	0	10	0	0	0	0	0	-10	-25	5	-20	-20	20	0	0	25	0	10	1	0	10	0	0	0	0	0	0	0	0	0	0	0	0	0	0	0	0	0	
2545	????? ??? ???	KNIGHT	MONSTER	MELEE	83		AGGR,GODSPEED	0	UNDEAD,ATT_DARK	CURSE,TERROR	0	zombie_bigboss	0	122	92	62	33	195	361	10660	5	7	1150	8625	1542	97	130	130	100	2000	150	30196	0	15	0	0	0	10	0	-5	-5	10	10	10	20	0	0	30	0	10	1	0	10	0	0	0	0	0	0	0	0	0	0	0	0	0	0	0	0	0	
2546	????? ??? ????	S_KNIGHT	MONSTER	RANGE	84		AGGR,REVIVE	0	UNDEAD,ATT_DARK	CURSE,TERROR	0	zombie_ghost	0	63	93	123	34	196	365	16947	5	7	535	4013	3116	98	130	130	100	2000	300	0	0	15	0	0	0	0	0	-5	-25	0	0	0	20	0	0	35	0	10	1	0	10	0	0	0	0	0	0	0	0	0	0	0	0	0	0	0	0	0	
2547	????? ??? ????	S_KNIGHT	MONSTER	MELEE	86		AGGR,STONESKIN	0	UNDEAD,ATT_DARK	CURSE,TERROR	0	zombie_general	0	124	100	80	30	200	371	17537	5	7	535	402	3180	100	135	130	100	2000	150	30196	0	20	5	0	0	0	0	0	-5	-25	0	0	20	0	0	40	0	10	1	0	10	0	0	0	0	0	0	0	0	0	0	0	0	0	0	0	0	0	
2591	??????	S_KNIGHT	MONSTER	MELEE	89		AGGR,BERSERK,STONESKIN,DEATHBLOW,REVIVE	0	UNDEAD,ATT_DARK	STUN,SLOW,CURSE,TERROR	0	zombie_king	0	140	115	130	80	205	382	73770	10	10	535	4013	32720	103	110	150	100	2000	150	0	0	30	10	0	0	15	10	40	35	40	40	40	40	0	0	60	0	10	2	2513	20	0	0	0	0	0	0	0	0	0	0	0	0	0	0	0	0	0	
2592	??????	S_KNIGHT	MONSTER	MELEE	89		AGGR,BERSERK,STONESKIN,DEATHBLOW,REVIVE	0	UNDEAD,ATT_DARK	STUN,SLOW,CURSE,TERROR	0	zombie_king	0	140	115	130	80	205	382	73770	10	10	535	4013	32720	103	110	150	100	2000	150	0	0	30	10	0	0	15	10	40	35	40	40	40	40	0	0	60	0	10	2	2513	20	0	0	0	0	0	0	0	0	0	0	0	0	0	0	0	0	0	
2593	??????	S_KNIGHT	MONSTER	MELEE	89		AGGR,BERSERK,STONESKIN,DEATHBLOW,REVIVE	0	UNDEAD,ATT_DARK	STUN,SLOW,CURSE,TERROR	0	zombie_king	0	140	115	130	80	205	382	73770	10	10	0	0	32720	103	110	150	100	2000	150	0	0	30	10	0	0	15	10	40	35	40	40	40	40	0	0	60	0	10	2	2513	20	0	0	0	0	0	0	0	0	0	0	0	0	0	0	0	0	0	
2594	??????	S_KNIGHT	MONSTER	MELEE	89		AGGR,BERSERK,STONESKIN,DEATHBLOW,REVIVE	0	UNDEAD,ATT_DARK	STUN,SLOW,CURSE,TERROR	0	zombie_king	0	140	115	130	80	205	382	73770	10	10	0	0	32720	103	110	150	100	2000	150	0	0	30	10	0	0	15	10	40	35	40	40	40	40	0	0	60	0	10	2	2513	20	0	0	0	0	0	0	0	0	0	0	0	0	0	0	0	0	0	
2595	??????	S_KNIGHT	MONSTER	MELEE	89		AGGR,BERSERK,STONESKIN,DEATHBLOW,REVIVE	0	UNDEAD,ATT_DARK	STUN,SLOW,CURSE,TERROR	0	zombie_king	0	140	115	130	80	200	371	43770	10	10	954	7154	32720	103	110	150	100	2000	150	0	0	30	10	0	0	15	10	40	35	40	40	40	40	0	0	60	0	10	2	2513	20	0	0	0	0	0	0	0	0	0	0	0	0	0	0	0	0	0	
2596	??????	S_KNIGHT	MONSTER	MELEE	89		AGGR,BERSERK,STONESKIN,DEATHBLOW,REVIVE	0	UNDEAD,ATT_DARK	STUN,SLOW,CURSE,TERROR	0	zombie_king	0	140	115	130	80	200	371	43770	10	10	954	7154	32720	103	110	150	100	2000	150	0	0	30	10	0	0	15	10	40	35	40	40	40	40	0	0	60	0	10	2	2513	20	0	0	0	0	0	0	0	0	0	0	0	0	0	0	0	0	0	
2597	???? ???	KING	MONSTER	MELEE	91		AGGR,BERSERK,DEATHBLOW,REVIVE	0	UNDEAD,ATT_DARK	STUN,SLOW,CURSE,TERROR	0	zombie_god	0	150	120	150	90	209	388	114345	20	20	10000	25000	333600	105	110	150	100	2000	250	0	0	50	10	0	0	20	15	40	35	40	40	40	40	0	0	60	0	10	3	2595	30	0	0	0	0	0	0	0	0	0	0	0	0	0	0	0	0	0	
2598	?????? ???	KING	MONSTER	MELEE	91		AGGR,BERSERK,DEATHBLOW,REVIVE	0	UNDEAD,ATT_DARK	STUN,SLOW,CURSE,TERROR	0	zombie_bigboss2	0	150	120	150	90	209	388	924600	20	10	15000	30000	333600	105	110	150	100	2000	450	0	0	50	10	0	0	25	20	40	35	40	40	40	40	0	0	60	0	10	3	2596	30	0	0	0	0	0	0	0	0	0	0	0	0	0	0	0	0	0	
3001	?????	PAWN	MONSTER	MELEE	95		AGGR,GODSPEED	0	ANIMAL,ATT_EARTH	SLOW,CURSE,TERROR	0	gnoll_soldier	0	119	89	59	29	180	220	7084	3	2	117	877	1257	95	110	110	100	2000	100	0	0	0	0	0	0	0	10	20	-5	0	0	0	20	0	0	0	0	0	1	0	5	0	0	0	0	0	0	0	0	0	0	0	0	0	0	0	0	0	
3002	????û	S_PAWN	MONSTER	RANGE	96		AGGR,REVIVE	0	ANIMAL,ATT_EARTH	SLOW,CURSE,TERROR	0	gnoll_bow	0	120	90	60	30	182	222	14388	3	2	177	1327	3049	115	110	110	100	2000	850	0	0	0	0	5	0	0	12	3	-25	5	-20	-20	20	0	0	0	0	0	1	0	10	0	0	0	0	0	0	0	0	0	0	0	0	0	0	0	0	0	
3003	????ô???	S_PAWN	MONSTER	MELEE	97		AGGR,STONESKIN	0	ANIMAL,ATT_EARTH	SLOW,CURSE,TERROR	0	gnoll_soldier2	0	91	121	60	30	183	224	14605	5	5	238	1785	3080	116	110	110	100	2000	100	0	0	0	0	3	0	3	15	3	-5	10	10	10	20	0	0	0	0	0	1	0	15	0	0	0	0	0	0	0	0	0	0	0	0	0	0	0	0	0	
3004	????????	KNIGHT	MONSTER	MAGIC	98		AGGR,BERSERK	0	ANIMAL,ATT_EARTH	SLOW,CURSE,TERROR	0	gnoll_magic	0	122	92	61	30	164	247	37064	5	7	308	2307	9336	137	110	110	100	2000	850	0	0	0	0	0	10	10	16	3	-25	0	0	0	20	0	0	0	0	0	1	0	15	0	0	0	0	0	0	0	0	0	0	0	0	0	0	0	0	0	
3005	?????????	S_KNIGHT	MONSTER	MELEE	99		AGGR,GODSPEED	0	ANIMAL,ATT_EARTH	SLOW,CURSE,TERROR	0	gnoll_general	0	93	124	62	31	166	249	75218	5	10	563	4219	22533	168	110	110	100	2000	100	0	0	0	0	5	0	5	15	5	-5	-25	0	0	20	0	0	0	0	0	2	0	15	0	0	0	0	0	0	0	0	0	0	0	0	0	0	0	0	0	
3090	?????? ?????	BOSS	MONSTER	MELEE	103		AGGR,BERSERK,STONESKIN,DEATHBLOW,REVIVE	0	ANIMAL,ATT_EARTH	STUN,SLOW,CURSE,TERROR	0	gnoll_boss	0	128	96	64	32	150	280	318384	10	10	59	443	112984	206	110	110	100	2000	100	0	0	0	0	0	0	3	15	20	35	40	40	40	40	0	0	0	0	0	2	3004	20	0	0	0	0	0	0	0	0	0	0	0	0	0	0	0	0	0	
3091	???????	KING	MONSTER	MELEE	105		AGGR,BERSERK,STONESKIN,DEATHBLOW,REVIVE	0	ANIMAL,ATT_EARTH	STUN,SLOW,CURSE,TERROR	0	gnoll_boss2	0	131	65	131	32	153	285	981420	30	15	119	893	414705	252	110	110	100	2000	100	0	0	0	0	5	5	10	15	20	35	40	40	40	40	0	0	0	0	0	2	3005	25	0	0	0	0	0	0	0	0	0	0	0	0	0	0	0	0	0	
3101	????????	PAWN	MONSTER	MELEE	98		AGGR,GODSPEED	0	ORC,ATT_ELEC	SLOW,CURSE,TERROR	0	cyclops_soldier	0	122	92	61	30	185	226	7412	3	2	120	900	1296	98	110	110	100	2000	100	0	0	0	0	0	0	0	10	0	-5	0	0	0	20	0	0	0	0	0	1	0	5	0	0	0	0	0	0	0	0	0	0	0	0	0	0	0	0	0	
3102	???????ô???	S_PAWN	MONSTER	MELEE	99		AGGR,REVIVE	0	ORC,ATT_ELEC	SLOW,CURSE,TERROR	0	cyclops_soldier2	0	124	93	62	31	187	228	15043	3	2	182	1361	3143	118	110	110	100	2000	100	0	0	0	0	5	0	0	12	-10	-25	5	-20	-20	20	0	0	0	0	0	1	0	10	0	0	0	0	0	0	0	0	0	0	0	0	0	0	0	0	0	
3103	?????????	S_PAWN	MONSTER	MAGIC	100		AGGR,STONESKIN	0	ORC,ATT_ELEC	SLOW,CURSE,TERROR	0	cyclops_magic	0	62	93	125	31	189	231	15263	5	5	244	1830	3175	120	110	110	100	2000	850	0	0	0	0	3	0	3	15	-5	-5	10	10	10	20	0	0	0	0	0	1	0	15	0	0	0	0	0	0	0	0	0	0	0	0	0	0	0	0	0	
3104	?????????	KNIGHT	MONSTER	MELEE	101		AGGR,BERSERK	0	ORC,ATT_ELEC	SLOW,CURSE,TERROR	0	cyclops_officer	0	63	126	63	31	169	254	38703	5	7	310	2325	9622	141	110	110	100	2000	100	0	0	0	0	0	10	10	16	-5	-25	0	0	0	20	0	0	0	0	0	1	0	15	0	0	0	0	0	0	0	0	0	0	0	0	0	0	0	0	0	
3105	????????????	S_KNIGHT	MONSTER	MELEE	102		AGGR,GODSPEED	0	ORC,ATT_ELEC	SLOW,CURSE,TERROR	0	cyclops_general	0	127	63	127	31	171	256	78507	5	10	567	4252	23214	173	110	110	100	2000	100	0	0	0	0	5	0	5	15	0	-5	-25	0	0	20	0	0	0	0	0	2	0	15	0	0	0	0	0	0	0	0	0	0	0	0	0	0	0	0	0	
3190	????????? ?????	BOSS	MONSTER	MELEE	104		AGGR,BERSERK,STONESKIN,DEATHBLOW,REVIVE	0	ORC,ATT_ELEC	STUN,SLOW,CURSE,TERROR	0	cyclops_boss	0	130	65	130	32	152	282	322784	10	10	58	435	114077	208	110	110	100	2000	100	0	0	0	0	0	0	3	15	40	35	40	40	40	40	0	0	0	0	0	2	3104	20	0	0	0	0	0	0	0	0	0	0	0	0	0	0	0	0	0	
3191	??????????	KING	MONSTER	MELEE	106		AGGR,BERSERK,STONESKIN,DEATHBLOW,REVIVE	0	ORC,ATT_ELEC	STUN,SLOW,CURSE,TERROR	0	cyclops_boss2	0	132	66	132	33	154	287	994620	30	15	117	877	418645	254	110	110	100	2000	100	0	0	0	0	5	5	10	15	40	35	40	40	40	40	0	0	0	0	0	2	3105	25	0	0	0	0	0	0	0	0	0	0	0	0	0	0	0	0	0	
3201	?????	PAWN	MONSTER	MELEE	96		AGGR,GODSPEED	0	ANIMAL,ATT_WIND	SLOW,CURSE,TERROR	0	manticore_soldier	0	120	90	60	30	182	222	7194	3	2	118	885	1270	96	110	110	100	2000	100	0	0	0	0	0	0	0	10	0	-5	0	0	0	20	0	0	0	0	0	1	0	5	0	0	0	0	0	0	0	0	0	0	0	0	0	0	0	0	0	
3202	????ô???	S_PAWN	MONSTER	MELEE	97		AGGR,REVIVE	0	ANIMAL,ATT_WIND	SLOW,CURSE,TERROR	0	manticore_soldier2	0	121	91	60	30	183	224	14605	3	2	179	1338	3080	116	110	110	100	2000	100	0	0	0	0	5	0	0	12	-10	-25	5	-20	-20	20	0	0	0	0	0	1	0	10	0	0	0	0	0	0	0	0	0	0	0	0	0	0	0	0	0	
3203	??????	S_PAWN	MONSTER	MAGIC	98		AGGR,STONESKIN	0	ANIMAL,ATT_WIND	SLOW,CURSE,TERROR	0	manticore_magic	0	92	122	61	30	185	226	14825	5	5	242	1815	3111	117	110	110	100	2000	850	0	0	0	0	3	0	3	15	-5	-5	10	10	10	20	0	0	0	0	0	1	0	15	0	0	0	0	0	0	0	0	0	0	0	0	0	0	0	0	0	
3204	??????	KNIGHT	MONSTER	MELEE	99		AGGR,BERSERK	0	ANIMAL,ATT_WIND	SLOW,CURSE,TERROR	0	manticore_officer	0	124	62	124	31	166	249	37609	5	7	308	2307	9432	138	110	110	100	2000	100	0	0	0	0	0	10	10	16	-5	-25	0	0	0	20	0	0	0	0	0	1	0	15	0	0	0	0	0	0	0	0	0	0	0	0	0	0	0	0	0	
3205	?????????	S_KNIGHT	MONSTER	MELEE	101		AGGR,GODSPEED	0	ANIMAL,ATT_WIND	SLOW,CURSE,TERROR	0	manticore_general	0	126	94	63	31	169	254	77407	5	10	563	4219	22987	171	110	110	100	2000	100	0	0	0	0	5	0	5	15	0	-5	-25	0	0	20	0	0	0	0	0	2	0	15	0	0	0	0	0	0	0	0	0	0	0	0	0	0	0	0	0	
3290	?????? ?????	BOSS	MONSTER	MELEE	103		AGGR,BERSERK,STONESKIN,DEATHBLOW,REVIVE	0	ANIMAL,ATT_WIND	STUN,SLOW,CURSE,TERROR	0	manticore_boss	0	96	128	64	32	150	280	318384	10	10	59	438	112984	206	110	110	100	2000	100	0	0	0	0	0	0	3	15	40	35	40	40	40	40	0	0	0	0	0	2	3204	20	0	0	0	0	0	0	0	0	0	0	0	0	0	0	0	0	0	
3291	???????	KING	MONSTER	MELEE	105		AGGR,BERSERK,STONESKIN,DEATHBLOW,REVIVE	0	ANIMAL,ATT_WIND	STUN,SLOW,CURSE,TERROR	0	manticore_boss2	0	131	65	131	32	153	285	981420	30	15	118	885	414705	252	110	110	100	2000	100	0	0	0	0	5	5	10	15	40	35	40	40	40	40	0	0	0	0	0	2	3205	25	0	0	0	0	0	0	0	0	0	0	0	0	0	0	0	0	0	
3301	??????	PAWN	MONSTER	MELEE	97		AGGR,GODSPEED	0	DEVIL,ATT_WIND	SLOW,CURSE,TERROR	0	lemures_soldier	0	121	91	60	30	183	224	7302	3	2	119	893	1283	97	110	110	100	2000	100	0	0	0	0	0	0	0	10	0	-5	0	0	0	20	0	0	0	0	0	1	0	5	0	0	0	0	0	0	0	0	0	0	0	0	0	0	0	0	0	
3302	????ô???	S_PAWN	MONSTER	MELEE	98		AGGR,REVIVE	0	DEVIL,ATT_WIND	SLOW,CURSE,TERROR	0	lemures_soldier2	0	122	92	61	30	185	226	14825	3	2	180	1350	3111	117	110	110	100	2000	100	0	0	0	0	5	0	0	12	-10	-25	5	-20	-20	20	0	0	0	0	0	1	0	10	0	0	0	0	0	0	0	0	0	0	0	0	0	0	0	0	0	
3303	???????	S_PAWN	MONSTER	MAGIC	99		AGGR,STONESKIN	0	DEVIL,ATT_WIND	SLOW,CURSE,TERROR	0	lemures_magic	0	93	124	62	31	187	228	15043	5	5	242	1815	3143	118	110	110	100	2000	850	0	0	0	0	3	0	3	15	-5	-5	10	10	10	20	0	0	0	0	0	1	0	15	0	0	0	0	0	0	0	0	0	0	0	0	0	0	0	0	0	
3304	??????	KNIGHT	MONSTER	MELEE	100		AGGR,BERSERK	0	DEVIL,ATT_WIND	SLOW,CURSE,TERROR	0	lemures_officer	0	125	62	125	31	168	252	38159	5	7	308	2307	9527	140	110	110	100	2000	100	0	0	0	0	0	10	10	16	-5	-25	0	0	0	20	0	0	0	0	0	1	0	15	0	0	0	0	0	0	0	0	0	0	0	0	0	0	0	0	0	
3305	??????????	S_KNIGHT	MONSTER	MELEE	101		AGGR,GODSPEED	0	DEVIL,ATT_WIND	SLOW,CURSE,TERROR	0	lemures_general	0	126	63	126	31	169	254	77407	5	10	563	4219	22987	171	110	110	100	2000	100	0	0	0	0	5	0	5	15	0	-5	-25	0	0	20	0	0	0	0	0	2	0	15	0	0	0	0	0	0	0	0	0	0	0	0	0	0	0	0	0	
3390	?????? ?????	BOSS	MONSTER	MELEE	103		AGGR,BERSERK,STONESKIN,DEATHBLOW,REVIVE	0	DEVIL,ATT_WIND	STUN,SLOW,CURSE,TERROR	0	lemures_boss	0	128	64	128	32	150	280	318384	10	10	58	435	112984	206	110	110	100	2000	100	0	0	0	0	0	0	3	15	40	35	40	40	40	40	0	0	0	0	0	2	3304	20	0	0	0	0	0	0	0	0	0	0	0	0	0	0	0	0	0	
3391	???????	KING	MONSTER	MELEE	105		AGGR,BERSERK,STONESKIN,DEATHBLOW,REVIVE	0	DEVIL,ATT_ICE	STUN,SLOW,CURSE,TERROR	0	lemures_boss2	0	131	65	131	32	153	285	981420	30	15	117	877	414705	252	110	110	100	2000	100	0	0	0	0	5	5	10	15	40	35	40	40	40	40	0	0	0	0	0	2	3305	25	0	0	0	0	0	0	0	0	0	0	0	0	0	0	0	0	0	
3401	?????	PAWN	MONSTER	MELEE	96		AGGR,GODSPEED	0	DEVIL,ATT_ICE	SLOW,CURSE,TERROR	0	triton_soldier	0	120	60	120	30	182	222	7194	3	2	118	885	1270	96	110	110	100	2000	100	0	0	0	0	0	0	0	10	0	-5	0	0	0	20	0	0	0	0	0	1	0	5	0	0	0	0	0	0	0	0	0	0	0	0	0	0	0	0	0	
3402	????ô???	S_PAWN	MONSTER	MELEE	97		AGGR,REVIVE	0	DEVIL,ATT_ICE	SLOW,CURSE,TERROR	0	triton_soldier2	0	121	60	121	30	183	224	14605	3	2	179	1338	3080	116	110	110	100	2000	100	0	0	0	0	5	0	0	12	-10	-25	5	-20	-20	20	0	0	0	0	0	1	0	10	0	0	0	0	0	0	0	0	0	0	0	0	0	0	0	0	0	
3403	??????	S_PAWN	MONSTER	MAGIC	98		AGGR,STONESKIN	0	DEVIL,ATT_ICE	SLOW,CURSE,TERROR	0	triton_magic	0	61	92	122	30	185	226	14825	5	5	242	1815	3111	117	110	110	100	2000	850	0	0	0	0	3	0	3	15	-5	-5	10	10	10	20	0	0	0	0	0	1	0	15	0	0	0	0	0	0	0	0	0	0	0	0	0	0	0	0	0	
3404	??????	KNIGHT	MONSTER	MELEE	99		AGGR,BERSERK	0	DEVIL,ATT_ICE	SLOW,CURSE,TERROR	0	triton_officer	0	124	93	62	31	166	249	37609	5	7	308	2307	9432	138	110	110	100	2000	100	0	0	0	0	0	10	10	16	-5	-25	0	0	0	20	0	0	0	0	0	1	0	15	0	0	0	0	0	0	0	0	0	0	0	0	0	0	0	0	0	
3405	?????????	S_KNIGHT	MONSTER	MELEE	101		AGGR,GODSPEED	0	DEVIL,ATT_ICE	SLOW,CURSE,TERROR	0	triton_general	0	126	94	63	31	169	254	77407	5	10	563	4219	22987	171	110	110	100	2000	100	0	0	0	0	5	0	5	15	0	-5	-25	0	0	20	0	0	0	0	0	2	0	15	0	0	0	0	0	0	0	0	0	0	0	0	0	0	0	0	0	
3490	?????? ?????	BOSS	MONSTER	MELEE	103		AGGR,BERSERK,STONESKIN,DEATHBLOW,REVIVE	0	DEVIL,ATT_ICE	STUN,SLOW,CURSE,TERROR	0	triton_boss	0	128	96	64	32	150	280	318384	10	10	58	432	112984	206	110	110	100	2000	100	0	0	0	0	0	0	3	15	40	35	40	40	40	40	0	0	0	0	0	2	3404	20	0	0	0	0	0	0	0	0	0	0	0	0	0	0	0	0	0	
3491	???????	KING	MONSTER	RANGE	105		AGGR,BERSERK,STONESKIN,DEATHBLOW,REVIVE	0	DEVIL,ATT_ICE	STUN,SLOW,CURSE,TERROR	0	triton_boss2	0	98	131	65	32	153	285	981420	30	15	116	869	414705	252	110	110	100	2000	100	0	0	0	0	5	5	10	15	40	35	40	40	40	40	0	0	0	0	0	2	3405	25	0	0	0	0	0	0	0	0	0	0	0	0	0	0	0	0	0	
3501	???????????	PAWN	MONSTER	RANGE	95		AGGR,GODSPEED	0	HUMAN,ATT_EARTH	SLOW,CURSE,TERROR	0	redthief_bow	0	89	119	59	29	180	220	7084	3	2	117	877	1257	95	110	110	100	2000	850	0	0	0	0	0	0	0	10	0	-5	0	0	0	20	0	0	0	0	0	1	0	5	0	0	0	0	0	0	0	0	0	0	0	0	0	0	0	0	0	
3502	???????????????	S_PAWN	MONSTER	MELEE	96		AGGR,REVIVE	0	HUMAN,ATT_EARTH	SLOW,CURSE,TERROR	0	redthief_soldier2	0	120	90	60	30	182	222	14388	3	2	177	1327	3049	115	110	110	100	2000	100	0	0	0	0	5	0	0	12	-10	-25	5	-20	-20	20	0	0	0	0	0	1	0	10	0	0	0	0	0	0	0	0	0	0	0	0	0	0	0	0	0	
3503	????????????	S_PAWN	MONSTER	MAGIC	97		AGGR,STONESKIN	0	HUMAN,ATT_EARTH	SLOW,CURSE,TERROR	0	redthief_magic	0	91	121	60	30	183	224	14605	5	5	238	1785	3080	116	110	110	100	2000	850	0	0	0	0	3	0	3	15	-5	-5	10	10	10	20	0	0	0	0	0	1	0	15	0	0	0	0	0	0	0	0	0	0	0	0	0	0	0	0	0	
3504	??????????????	KNIGHT	MONSTER	MELEE	98		AGGR,BERSERK	0	HUMAN,ATT_EARTH	SLOW,CURSE,TERROR	0	redthief_officer	0	122	92	61	30	164	247	37064	5	7	59	438	9336	137	110	110	100	2000	100	0	0	0	0	0	10	10	16	-5	-25	0	0	0	20	0	0	0	0	0	1	0	15	0	0	0	0	0	0	0	0	0	0	0	0	0	0	0	0	0	
3505	???????????????	S_KNIGHT	MONSTER	MELEE	99		AGGR,GODSPEED	0	HUMAN,ATT_EARTH	SLOW,CURSE,TERROR	0	redthief_general	0	124	93	62	31	166	249	75218	5	10	118	885	22533	168	110	110	100	2000	100	0	0	0	0	5	0	5	15	0	-5	-25	0	0	20	0	0	0	0	0	2	0	15	0	0	0	0	0	0	0	0	0	0	0	0	0	0	0	0	0	
3551	?????????????	PAWN	MONSTER	RANGE	97		AGGR,GODSPEED	0	HUMAN,ATT_ELEC	SLOW,CURSE,TERROR	0	redthief2_bow	0	91	121	60	30	183	224	7302	3	2	119	893	1283	97	110	110	100	2000	850	0	0	0	0	0	0	0	10	0	-5	0	0	0	20	0	0	0	0	0	1	0	5	0	0	0	0	0	0	0	0	0	0	0	0	0	0	0	0	0	
3552	?????????????????	S_PAWN	MONSTER	MELEE	98		AGGR,REVIVE	0	HUMAN,ATT_ELEC	SLOW,CURSE,TERROR	0	redthief2_soldier2	0	122	92	61	30	185	226	14825	3	2	180	1350	3111	117	110	110	100	2000	100	0	0	0	0	5	0	0	12	-10	-25	5	-20	-20	20	0	0	0	0	0	1	0	10	0	0	0	0	0	0	0	0	0	0	0	0	0	0	0	0	0	
3553	??????????????	S_PAWN	MONSTER	MAGIC	99		AGGR,STONESKIN	0	HUMAN,ATT_ELEC	SLOW,CURSE,TERROR	0	redthief2_magic	0	93	124	62	31	187	228	15043	5	5	242	1815	3143	118	110	110	100	2000	850	0	0	0	0	3	0	3	15	-5	-5	10	10	10	20	0	0	0	0	0	1	0	15	0	0	0	0	0	0	0	0	0	0	0	0	0	0	0	0	0	
3554	????????????????	KNIGHT	MONSTER	MELEE	100		AGGR,BERSERK	0	HUMAN,ATT_ELEC	SLOW,CURSE,TERROR	0	redthief2_officer	0	125	93	62	31	168	252	38159	5	7	308	2307	9527	140	110	110	100	2000	100	0	0	0	0	0	10	10	16	-5	-25	0	0	0	20	0	0	0	0	0	1	0	15	0	0	0	0	0	0	0	0	0	0	0	0	0	0	0	0	0	
3555	?????????????????	S_KNIGHT	MONSTER	MELEE	101		AGGR,GODSPEED	0	HUMAN,ATT_ELEC	SLOW,CURSE,TERROR	0	redthief2_general	0	126	94	63	31	169	254	77407	5	10	563	4219	22987	171	110	110	100	2000	100	0	0	0	0	5	0	5	15	0	-5	-25	0	0	20	0	0	0	0	0	2	0	15	0	0	0	0	0	0	0	0	0	0	0	0	0	0	0	0	0	
3590	?????????????	BOSS	MONSTER	RANGE	103		AGGR,BERSERK,STONESKIN,DEATHBLOW,REVIVE	0	HUMAN,ATT_EARTH	STUN,SLOW,CURSE,TERROR	0	redthief_boss	0	128	64	128	32	150	280	318384	10	10	313	2344	112984	206	110	110	100	2000	100	0	0	0	0	0	0	3	15	40	35	40	40	40	40	0	0	0	0	0	2	3504	20	0	0	0	0	0	0	0	0	0	0	0	0	0	0	0	0	0	
3591	????????????	KING	MONSTER	RANGE	105		AGGR,BERSERK,STONESKIN,DEATHBLOW,REVIVE	0	HUMAN,ATT_EARTH	STUN,SLOW,CURSE,TERROR	0	redthief_boss2	0	131	65	131	32	153	285	981420	30	15	572	4286	414705	252	110	110	100	2000	100	0	0	0	0	5	5	10	15	40	35	40	40	40	40	0	0	0	0	0	2	3505	25	0	0	0	0	0	0	0	0	0	0	0	0	0	0	0	0	0	
3595	???????????????	BOSS	MONSTER	RANGE	105		AGGR,BERSERK,STONESKIN,DEATHBLOW,REVIVE	0	HUMAN,ATT_ELEC	STUN,SLOW,CURSE,TERROR	0	redthief2_boss	0	131	65	131	32	153	285	327140	10	10	58	435	115172	210	110	110	100	2000	100	0	0	0	0	5	5	10	15	40	35	40	40	40	40	0	0	0	0	0	2	3554	25	0	0	0	0	0	0	0	0	0	0	0	0	0	0	0	0	0	
3596	??????????????	KING	MONSTER	RANGE	107		AGGR,BERSERK,STONESKIN,DEATHBLOW,REVIVE	0	HUMAN,ATT_ELEC	STUN,SLOW,CURSE,TERROR	0	redthief2_boss2	0	133	66	133	33	156	290	1007688	30	15	117	877	422585	256	110	110	100	2000	100	0	0	0	0	5	5	10	15	40	35	40	40	40	40	0	0	0	0	0	2	3555	25	0	0	0	0	0	0	0	0	0	0	0	0	0	0	0	0	0	
3601	?????	PAWN	MONSTER	MELEE	96		AGGR,GODSPEED	0	DEVIL,ATT_ICE	SLOW,CURSE,TERROR	0	crustacean_soldier	0	120	90	60	30	182	222	7194	3	2	118	885	1270	96	110	110	100	2000	100	0	0	0	0	0	0	0	10	0	-5	0	0	0	20	0	0	0	0	0	1	0	5	0	0	0	0	0	0	0	0	0	0	0	0	0	0	0	0	0	
3602	???????	S_PAWN	MONSTER	RANGE	97		AGGR,REVIVE	0	DEVIL,ATT_ICE	SLOW,CURSE,TERROR	0	crustacean_bow	0	121	91	60	30	183	224	14605	3	2	179	1338	3080	116	110	110	100	2000	850	0	0	0	0	5	0	0	12	-10	-25	5	-20	-20	20	0	0	0	0	0	1	0	10	0	0	0	0	0	0	0	0	0	0	0	0	0	0	0	0	0	
3603	???????	S_PAWN	MONSTER	MELEE	98		AGGR,STONESKIN	0	DEVIL,ATT_ICE	SLOW,CURSE,TERROR	0	crustacean_soldier2	0	122	92	61	30	185	226	14825	5	5	242	1815	3111	117	110	110	100	2000	100	0	0	0	0	3	0	3	15	-5	-5	10	10	10	20	0	0	0	0	0	1	0	15	0	0	0	0	0	0	0	0	0	0	0	0	0	0	0	0	0	
3604	???????	KNIGHT	MONSTER	MELEE	99		AGGR,BERSERK	0	DEVIL,ATT_ICE	SLOW,CURSE,TERROR	0	crustacean_officer	0	93	124	62	31	166	249	37609	5	7	308	2307	9432	138	110	110	100	2000	100	0	0	0	0	0	10	10	16	-5	-25	0	0	0	20	0	0	0	0	0	1	0	15	0	0	0	0	0	0	0	0	0	0	0	0	0	0	0	0	0	
3605	???????	S_KNIGHT	MONSTER	MELEE	101		AGGR,GODSPEED	0	DEVIL,ATT_ICE	SLOW,CURSE,TERROR	0	crustacean_general	0	126	63	126	31	169	254	77407	5	10	563	4219	22987	171	110	110	100	2000	100	0	0	0	0	5	0	5	15	0	-5	-25	0	0	20	0	0	0	0	0	2	0	15	0	0	0	0	0	0	0	0	0	0	0	0	0	0	0	0	0	
3690	??????????	BOSS	MONSTER	MELEE	103		AGGR,BERSERK,STONESKIN,DEATHBLOW,REVIVE	0	DEVIL,ATT_ICE	STUN,SLOW,CURSE,TERROR	0	crustacean_boss	0	96	128	64	32	150	280	318384	10	10	60	450	112984	206	110	110	100	2000	100	0	0	0	0	0	0	3	15	40	35	40	40	40	40	0	0	0	0	0	2	3604	20	0	0	0	0	0	0	0	0	0	0	0	0	0	0	0	0	0	
3691	?????????	KING	MONSTER	MELEE	105		AGGR,BERSERK,STONESKIN,DEATHBLOW,REVIVE	0	DEVIL,ATT_ICE	STUN,SLOW,CURSE,TERROR	0	crustacean_boss2	0	65	131	65	32	153	285	981420	30	15	121	907	414705	252	110	110	100	2000	100	0	0	0	0	5	5	10	15	40	35	40	40	40	40	0	0	0	0	0	2	3605	25	0	0	0	0	0	0	0	0	0	0	0	0	0	0	0	0	0	
3701	?????	PAWN	MONSTER	MELEE	100		AGGR,GODSPEED	0	ORC,ATT_EARTH	SLOW,CURSE,TERROR	0	giant_soldier	0	125	62	125	31	189	231	7631	3	2	123	922	1323	100	110	110	100	2000	100	0	0	0	0	0	0	0	10	0	-5	0	0	0	20	0	0	0	0	0	1	0	5	0	0	0	0	0	0	0	0	0	0	0	0	0	0	0	0	0	
3702	????ô???	S_PAWN	MONSTER	MELEE	101		AGGR,REVIVE	0	ORC,ATT_EARTH	SLOW,CURSE,TERROR	0	giant_soldier2	0	126	63	126	31	190	233	15481	3	2	186	1394	3207	121	110	110	100	2000	100	0	0	0	0	5	0	0	12	-10	-25	5	-20	-20	20	0	0	0	0	0	1	0	10	0	0	0	0	0	0	0	0	0	0	0	0	0	0	0	0	0	
3703	??????	S_PAWN	MONSTER	MAGIC	103		AGGR,STONESKIN	0	ORC,ATT_EARTH	SLOW,CURSE,TERROR	0	giant_magic	0	64	128	64	32	194	237	15919	5	5	250	1875	3270	123	110	110	100	2000	850	0	0	0	0	3	0	3	15	-5	-5	10	10	10	20	0	0	0	0	0	1	0	15	0	0	0	0	0	0	0	0	0	0	0	0	0	0	0	0	0	
3704	??????	KNIGHT	MONSTER	MELEE	104		AGGR,BERSERK	0	ORC,ATT_EARTH	SLOW,CURSE,TERROR	0	giant_officer	0	130	65	130	32	174	261	40348	5	7	315	2363	9907	145	110	110	100	2000	100	0	0	0	0	0	10	10	16	-5	-25	0	0	0	20	0	0	0	0	0	1	0	15	0	0	0	0	0	0	0	0	0	0	0	0	0	0	0	0	0	
3705	?????????	S_KNIGHT	MONSTER	MELEE	105		AGGR,GODSPEED	0	ORC,ATT_EARTH	SLOW,CURSE,TERROR	0	giant_general	0	131	65	131	32	175	263	81785	5	10	572	4286	23895	178	110	110	100	2000	100	0	0	0	0	5	0	5	15	0	-5	-25	0	0	20	0	0	0	0	0	2	0	15	0	0	0	0	0	0	0	0	0	0	0	0	0	0	0	0	0	
3790	?????? ?????	BOSS	MONSTER	MELEE	106		AGGR,BERSERK,STONESKIN,DEATHBLOW,REVIVE	0	ORC,ATT_EARTH	STUN,SLOW,CURSE,TERROR	0	giant_boss	0	99	132	66	33	154	287	331540	10	10	60	446	116266	212	110	110	100	2000	100	0	0	0	0	0	0	3	15	40	35	40	40	40	40	0	0	0	0	0	2	3704	20	0	0	0	0	0	0	0	0	0	0	0	0	0	0	0	0	0	
3791	???????	KING	MONSTER	MELEE	107		AGGR,BERSERK,STONESKIN,DEATHBLOW,REVIVE	0	ORC,ATT_EARTH	STUN,SLOW,CURSE,TERROR	0	giant_boss2	0	133	66	133	33	156	290	1007688	30	15	120	900	422585	256	110	110	100	2000	100	0	0	0	0	5	5	10	15	40	35	40	40	40	40	0	0	0	0	0	2	3705	25	0	0	0	0	0	0	0	0	0	0	0	0	0	0	0	0	0	
3801	?????	PAWN	MONSTER	MELEE	99		AGGR,GODSPEED	0	ANIMAL,ATT_EARTH	SLOW,CURSE,TERROR	0	ogre_soldier	0	62	93	124	31	187	228	7521	3	2	121	907	1310	99	110	110	100	2000	100	0	0	0	0	0	0	0	10	0	-5	0	0	0	20	0	0	0	0	0	1	0	5	0	0	0	0	0	0	0	0	0	0	0	0	0	0	0	0	0	
3802	????û	S_PAWN	MONSTER	RANGE	100		AGGR,REVIVE	0	ANIMAL,ATT_EARTH	SLOW,CURSE,TERROR	0	ogre_bow	0	62	125	62	31	189	231	15263	3	2	183	1372	3175	120	110	110	100	2000	850	0	0	0	0	5	0	0	12	-10	-25	5	-20	-20	20	0	0	0	0	0	1	0	10	0	0	0	0	0	0	0	0	0	0	0	0	0	0	0	0	0	
3803	????ô???	S_PAWN	MONSTER	MELEE	101		AGGR,STONESKIN	0	ANIMAL,ATT_EARTH	SLOW,CURSE,TERROR	0	ogre_officer	0	63	94	126	31	190	233	15481	5	5	246	1844	3207	121	110	110	100	2000	100	0	0	0	0	3	0	3	15	-5	-5	10	10	10	20	0	0	0	0	0	1	0	15	0	0	0	0	0	0	0	0	0	0	0	0	0	0	0	0	0	
3804	??????	KNIGHT	MONSTER	MAGIC	102		AGGR,BERSERK	0	ANIMAL,ATT_EARTH	SLOW,CURSE,TERROR	0	ogre_magic	0	95	127	63	31	171	256	39253	5	7	313	2344	9717	142	110	110	100	2000	850	0	0	0	0	0	10	10	16	-5	-25	0	0	0	20	0	0	0	0	0	1	0	15	0	0	0	0	0	0	0	0	0	0	0	0	0	0	0	0	0	
3805	?????????	S_KNIGHT	MONSTER	MELEE	103		AGGR,GODSPEED	0	ANIMAL,ATT_EARTH	SLOW,CURSE,TERROR	0	ogre_general	0	128	64	128	32	172	258	79596	5	10	572	4286	23441	175	110	110	100	2000	100	0	0	0	0	5	0	5	15	0	-5	-25	0	0	20	0	0	0	0	0	2	0	15	0	0	0	0	0	0	0	0	0	0	0	0	0	0	0	0	0	
3890	?????? ?????	BOSS	MONSTER	MELEE	105		AGGR,BERSERK,STONESKIN,DEATHBLOW,REVIVE	0	ANIMAL,ATT_EARTH	STUN,SLOW,CURSE,TERROR	0	ogre_boss	0	131	65	131	32	153	285	327140	10	10	585	4388	115172	210	110	110	100	2000	100	0	0	0	0	0	0	3	15	40	35	40	40	40	40	0	0	0	0	0	2	3804	20	0	0	0	0	0	0	0	0	0	0	0	0	0	0	0	0	0	
3891	???????	KING	MONSTER	MELEE	107		AGGR,BERSERK,STONESKIN,DEATHBLOW,REVIVE	0	ANIMAL,ATT_EARTH	STUN,SLOW,CURSE,TERROR	0	ogre_boss2	0	133	66	133	33	156	290	1007688	30	15	585	4388	422585	256	110	110	100	2000	100	0	0	0	0	5	5	10	15	40	35	40	40	40	40	0	0	0	0	0	2	3805	25	0	0	0	0	0	0	0	0	0	0	0	0	0	0	0	0	0	
3901	??? ????	KING	MONSTER	MELEE	110		AGGR,BERSERK,STONESKIN,DEATHBLOW,REVIVE	0	DEVIL	STUN,SLOW,CURSE,TERROR	0	ent_boss1	0	137	68	137	34	160	297	1047156	30	15	585	4388	394915	264	100	100	100	2000	100	0	0	0	0	5	5	10	15	40	35	40	40	40	40	0	0	0	0	0	2	0	25	0	0	0	0	0	0	0	0	0	0	0	0	0	0	0	0	0	
3902	??? ????	KING	MONSTER	MELEE	110		AGGR,BERSERK,STONESKIN,DEATHBLOW,REVIVE	0	DEVIL	STUN,SLOW,CURSE,TERROR	0	ent_boss2	0	137	68	137	34	160	297	1047156	30	15	182	1361	394915	264	100	100	100	2000	100	0	0	0	0	5	5	10	15	40	35	40	40	40	40	0	0	0	0	0	2	0	25	0	0	0	0	0	0	0	0	0	0	0	0	0	0	0	0	0	
3903	??? ????	KING	MONSTER	MELEE	110		AGGR,BERSERK,STONESKIN,DEATHBLOW,REVIVE	0	DEVIL	STUN,SLOW,CURSE,TERROR	0	ent_boss3	0	137	68	137	34	160	297	1047156	30	15	585	4388	394915	264	100	100	100	2000	100	0	0	0	0	5	5	10	15	40	35	40	40	40	40	0	0	0	0	0	2	0	25	0	0	0	0	0	0	0	0	0	0	0	0	0	0	0	0	0	
3904	??????	KNIGHT	MONSTER	MELEE	101		AGGR,BERSERK	0	ORC	SLOW,CURSE,TERROR	0	cyclops_officer	0	63	126	63	31	169	254	38703	5	7	585	4388	8748	141	100	100	100	2000	100	0	0	0	0	0	10	10	16	-5	-25	0	0	0	20	0	0	0	0	0	1	0	15	0	0	0	0	0	0	0	0	0	0	0	0	0	0	0	0	0	
3905	õ????	KING	MONSTER	MELEE	110		AGGR,BERSERK,STONESKIN,DEATHBLOW,REVIVE	0	DEVIL	STUN,SLOW,CURSE,TERROR	0	ent_boss3	0	137	68	137	34	160	297	1047156	30	15	119	893	394915	264	100	100	100	2000	100	0	0	0	0	5	5	10	15	40	35	40	40	40	40	0	0	0	0	0	2	0	25	0	0	0	0	0	0	0	0	0	0	0	0	0	0	0	0	0	
3906	??õ????	KING	MONSTER	MELEE	110		AGGR,BERSERK,STONESKIN,DEATHBLOW,REVIVE	0	DEVIL	STUN,SLOW,CURSE,TERROR	0	ent_boss2	0	137	68	137	34	160	297	1047156	30	15	180	1350	394915	264	100	100	100	2000	100	0	0	0	0	5	5	10	15	40	35	40	40	40	40	0	0	0	0	0	2	0	25	0	0	0	0	0	0	0	0	0	0	0	0	0	0	0	0	0	
3907	?????????	S_PAWN	MONSTER	MAGIC	99		AGGR,STONESKIN	0	HUMAN	SLOW,CURSE,TERROR	0	redthief2_magic	0	93	124	62	31	187	228	15043	5	5	242	1815	2858	118	100	100	100	2000	850	0	0	0	0	3	0	3	15	-5	-5	10	10	10	20	0	0	0	0	0	1	0	15	0	0	0	0	0	0	0	0	0	0	0	0	0	0	0	0	0	
3908	??????????	KNIGHT	MONSTER	MELEE	100		AGGR,BERSERK	0	HUMAN	SLOW,CURSE,TERROR	0	redthief2_officer	0	125	93	62	31	168	252	38159	5	7	308	2307	8661	140	100	100	100	2000	100	0	0	0	0	0	10	10	16	-5	-25	0	0	0	20	0	0	0	0	0	1	0	15	0	0	0	0	0	0	0	0	0	0	0	0	0	0	0	0	0	
3909	?????? ??????	S_KNIGHT	MONSTER	MELEE	101		AGGR,GODSPEED	0	HUMAN	SLOW,CURSE,TERROR	0	redthief2_general	0	126	94	63	31	169	254	77407	5	10	313	2344	20898	171	100	100	100	2000	100	0	0	0	0	5	0	5	15	0	-5	-25	0	0	20	0	0	0	0	0	1	0	15	0	0	0	0	0	0	0	0	0	0	0	0	0	0	0	0	0	
3910	???????	BOSS	MONSTER	MELEE	103		AGGR,BERSERK,STONESKIN,DEATHBLOW,REVIVE	0	HUMAN	STUN,SLOW,CURSE,TERROR	0	redthief_boss	0	128	64	128	32	150	280	318384	10	10	313	2344	102713	206	100	100	100	2000	100	0	0	0	0	0	0	3	15	40	35	40	40	40	40	0	0	0	0	0	2	3908	20	0	0	0	0	0	0	0	0	0	0	0	0	0	0	0	0	0	
3911	?? ???? ??????	BOSS	MONSTER	MELEE	105		AGGR,BERSERK,STONESKIN,DEATHBLOW,REVIVE	0	ANIMAL	STUN,SLOW,CURSE,TERROR	0	ent_huge	0	131	65	131	32	153	285	327140	10	10	313	2344	104702	210	100	100	100	2000	100	0	0	0	0	0	0	3	15	40	35	40	40	40	40	0	0	0	0	0	2	0	20	0	0	0	0	0	0	0	0	0	0	0	0	0	0	0	0	0	
3912	???? ??????	BOSS	MONSTER	MELEE	105		AGGR,BERSERK,STONESKIN,DEATHBLOW,REVIVE	0	ANIMAL	STUN,SLOW,CURSE,TERROR	0	ent_huge	0	131	65	131	32	153	285	327140	10	10	0	0	104702	210	100	100	100	2000	100	0	0	0	0	0	0	3	15	40	35	40	40	40	40	0	0	0	0	0	2	0	20	0	0	0	0	0	0	0	0	0	0	0	0	0	0	0	0	0	
3913	????? ??????	BOSS	MONSTER	MELEE	105		AGGR,BERSERK,STONESKIN,DEATHBLOW,REVIVE	0	ANIMAL	STUN,SLOW,CURSE,TERROR	0	ent_huge	0	131	65	131	32	153	285	327140	10	10	0	0	104702	210	100	100	100	2000	100	0	0	0	0	0	0	3	15	40	35	40	40	40	40	0	0	0	0	0	2	0	20	0	0	0	0	0	0	0	0	0	0	0	0	0	0	0	0	0	
5001	?? ???	BOSS	MONSTER	MELEE	1		COWARD	0	HUMAN		0	japanese_pirate	0	1	60	90	1	0	0	30000	0	0	1	2	1	120	110	130	100	2000	150	0	0	0	0	0	0	0	0	0	-5	0	0	0	0	0	0	0	0	0	0	0	0	0	0	0	0	0	0	0	0	0	0	0	0	0	0	0	0	0	
5002	???	BOSS	MONSTER	MELEE	60		AGGR	0	FIRE,ATT_FIRE		0	fire_tiger_boss	0	85	43	65	22	121	147	60144	12	10	0	0	19280	79	110	130	100	2000	300	0	0	0	0	0	0	5	5	0	-5	0	0	0	0	90	0	0	0	0	1	0	0	0	0	0	0	0	0	0	0	0	0	0	0	0	0	0	0	0	
5003	???	PAWN	MONSTER	MELEE	1			0	ANIMAL		0	monkey	0	1	1	1	1	1	1	1	0	0	22	161	1	1	110	130	100	2000	150	0	0	0	0	0	0	0	0	0	-5	0	0	0	0	0	0	0	0	0	1	0	0	0	0	0	0	0	0	0	0	0	0	0	0	0	0	0	0	0	
5004	?? ???	PAWN	MONSTER	MELEE	80		COWARD	0	HUMAN		0	japanese_pirate	0	1	1	1	1	0	0	1000	0	0	37	272	1	1	110	130	100	2000	150	0	0	0	0	0	0	0	0	0	-5	0	0	0	0	0	0	0	0	0	1	0	0	0	0	0	0	0	0	0	0	0	0	0	0	0	0	0	0	0	
5101	??? ??	PAWN	MONSTER	MELEE	22		AGGR	0	ANIMAL		0	monkey	0	32	24	16	8	56	68	851	3	5	53	391	356	51	100	170	100	2000	150	0	0	0	0	0	0	0	1	0	0	0	0	0	-10	0	0	0	0	0	1	0	0	16764879	0	0	0	0	0	0	0	0	0	0	0	0	0	0	0	0	
5102	??? ????	S_PAWN	MONSTER	RANGE	25		AGGR	0	ANIMAL		0	monkey	0	35	26	18	9	61	74	1219	7	5	70	527	485	54	100	150	100	2000	850	0	0	0	1	0	1	1	0	-5	-20	0	0	0	20	0	0	-30	0	0	1	0	0	16749973	0	0	0	0	0	0	0	0	0	0	0	0	0	0	0	0	
5103	??? ????	KNIGHT	MONSTER	MELEE	27		AGGR	0	ANIMAL		0	monkey	0	38	28	19	9	57	86	1805	12	10	32	235	872	57	100	170	100	2000	150	0	0	0	2	0	0	0	1	0	0	-25	0	0	0	0	0	0	0	0	2	0	0	13391189	0	0	0	0	0	0	0	0	0	0	0	0	0	0	0	0	
5104	??? ???	S_KNIGHT	MONSTER	MELEE	29		AGGR	0	ANIMAL		0	monkey	0	40	30	20	10	53	98	3098	7	10	52	385	1872	58	100	150	100	2000	150	0	0	0	0	0	2	1	1	5	-10	0	-10	-10	-10	0	0	0	0	0	2	0	0	10044484	0	0	0	0	0	0	0	0	0	0	0	0	0	0	0	0	
5111	??? ??	PAWN	MONSTER	MELEE	35		AGGR	0	ANIMAL		0	monkey	0	47	35	24	12	78	95	1605	3	5	74	549	564	66	100	170	100	2000	150	0	0	0	0	0	0	0	3	0	0	0	0	0	-20	0	0	0	0	0	1	0	0	13619199	0	0	0	0	0	0	0	0	0	0	0	0	0	0	0	0	
5112	??? ????	S_PAWN	MONSTER	RANGE	37		AGGR	0	ANIMAL		0	monkey	0	50	37	25	12	81	99	2088	7	5	95	713	715	68	100	150	100	2000	850	0	0	0	3	0	3	0	0	-5	-20	0	0	0	20	0	0	-30	0	0	1	0	0	9803263	0	0	0	0	0	0	0	0	0	0	0	0	0	0	0	0	
5113	??? ????	KNIGHT	MONSTER	MELEE	39		AGGR	0	ANIMAL		0	monkey	0	52	39	26	13	85	104	3008	12	10	100	746	1256	69	100	170	100	2000	150	0	0	0	0	0	0	0	3	0	0	-25	0	0	0	0	0	0	0	0	2	0	0	10066380	0	0	0	0	0	0	0	0	0	0	0	0	0	0	0	0	
5114	??? ???	S_KNIGHT	MONSTER	MELEE	40		AGGR	0	ANIMAL		0	monkey	0	53	40	27	13	86	106	4883	7	10	100	746	2576	70	100	150	100	2000	150	0	0	0	3	0	0	1	3	5	-10	0	-10	-10	-10	0	0	0	0	0	2	0	0	8947967	0	0	0	0	0	0	0	0	0	0	0	0	0	0	0	0	
5115	??? ????	S_KNIGHT	MONSTER	MELEE	41		AGGR	0	ANIMAL		0	monkey	0	55	41	27	14	87	108	5258	7	10	39	291	2640	72	100	160	100	2000	150	0	0	0	0	0	3	2	1	0	0	0	0	0	0	0	0	0	0	0	2	0	0	13619199	0	0	0	0	0	0	0	0	0	0	0	0	0	0	0	0	
5116	??? ?????	S_KNIGHT	MONSTER	MELEE	42		AGGR	0	ANIMAL		0	monkey	0	56	42	28	14	100	122	10515	7	10	64	479	9900	72	100	160	100	2000	150	0	0	0	3	0	3	3	3	-5	-10	-5	-15	-5	20	0	0	0	0	0	2	5114	0	13619199	0	0	0	0	0	0	0	0	0	0	0	0	0	0	0	0	
5121	??? ??	PAWN	MONSTER	MELEE	45		AGGR	0	ANIMAL		0	monkey	0	59	44	30	15	95	116	2340	3	5	91	680	724	74	100	170	100	2000	150	0	0	0	0	0	0	0	3	0	0	0	0	0	-20	0	0	0	0	0	1	0	0	0	0	0	0	0	0	0	0	0	0	0	0	0	0	0	0	0	
5122	??? ????	S_PAWN	MONSTER	RANGE	47		AGGR	0	ANIMAL		0	monkey	0	62	46	31	15	87	131	3007	7	5	122	915	907	76	100	150	100	2000	850	0	0	0	3	0	3	0	0	-5	-20	0	0	0	20	0	0	-30	0	0	1	0	0	11184810	0	0	0	0	0	0	0	0	0	0	0	0	0	0	0	0	
5123	??? ????	KNIGHT	MONSTER	MELEE	49		AGGR	0	ANIMAL		0	monkey	0	64	48	32	16	79	147	4286	12	10	125	932	1576	78	100	170	100	2000	150	0	0	0	0	0	0	0	3	0	0	-25	0	0	0	0	0	0	0	0	2	0	0	8947848	0	0	0	0	0	0	0	0	0	0	0	0	0	0	0	0	
5124	??? ???	S_KNIGHT	MONSTER	MELEE	52		AGGR	0	ANIMAL		0	monkey	0	68	51	34	17	107	131	7380	7	10	127	949	3344	79	100	150	100	2000	150	0	0	0	0	0	0	0	3	0	0	0	0	0	-20	0	0	0	0	0	2	0	0	6710886	0	0	0	0	0	0	0	0	0	0	0	0	0	0	0	0	
5125	??? ????	S_KNIGHT	MONSTER	MELEE	53		AGGR	0	ANIMAL		0	monkey	0	69	52	34	17	108	132	7618	7	10	127	949	3360	81	100	150	100	2000	150	0	0	0	1	0	0	3	3	-5	-15	0	0	0	20	0	0	0	0	0	2	0	0	16764879	0	0	0	0	0	0	0	0	0	0	0	0	0	0	0	0	
5126	??? ????	S_KNIGHT	MONSTER	MELEE	54		AGGR	0	ANIMAL		0	monkey	0	70	53	35	17	109	133	7858	7	10	22	161	3440	82	100	160	100	2000	150	0	0	0	0	0	1	3	3	0	0	-20	0	0	0	0	0	0	0	0	2	0	0	16764879	0	0	0	0	0	0	0	0	0	0	0	0	0	0	0	0	
5127	??? ?????	S_KNIGHT	MONSTER	MELEE	54		AGGR	0	ANIMAL		0	monkey	0	70	53	35	17	119	146	15715	7	10	37	272	12900	82	100	170	100	2000	150	0	0	0	3	0	3	0	3	-5	-10	-5	-15	-5	20	0	0	0	0	0	2	5124	0	16764879	0	0	0	0	0	0	0	0	0	0	0	0	0	0	0	0	
5131	??? ??? ??	PAWN	MONSTER	MELEE	22		AGGR	0	ANIMAL		0	monkey	0	32	24	16	8	67	82	681	3	5	53	391	249	51	100	170	100	2000	150	0	0	0	0	0	0	0	1	0	0	0	0	0	-10	0	0	0	0	0	1	0	0	16764108	0	0	0	0	0	0	0	0	0	0	0	0	0	0	0	0	
5132	??? ??? ????	S_PAWN	MONSTER	RANGE	25		AGGR	0	ANIMAL		0	monkey	0	35	26	18	9	73	89	975	7	5	70	527	339	54	100	150	100	2000	850	0	0	0	1	0	1	1	0	-5	-20	0	0	0	20	0	0	-30	0	0	1	0	0	16764108	0	0	0	0	0	0	0	0	0	0	0	0	0	0	0	0	
5133	??? ??? ????	KNIGHT	MONSTER	MELEE	27		AGGR	0	ANIMAL		0	monkey	0	38	28	19	9	68	103	1444	12	10	32	235	610	57	100	170	100	2000	150	0	0	0	2	0	0	0	1	0	0	-25	0	0	0	0	0	0	0	0	2	0	0	16764108	0	0	0	0	0	0	0	0	0	0	0	0	0	0	0	0	
5134	??? ??? ???	S_KNIGHT	MONSTER	MELEE	29		AGGR	0	ANIMAL		0	monkey	0	40	30	20	10	63	117	2478	7	10	52	385	1310	58	100	150	100	2000	150	0	0	0	0	0	2	1	1	5	-10	0	-10	-10	-10	0	0	0	0	0	2	0	0	16764108	0	0	0	0	0	0	0	0	0	0	0	0	0	0	0	0	
5141	??? ??? ??	PAWN	MONSTER	MELEE	35		AGGR	0	ANIMAL		0	monkey	0	47	35	24	12	93	114	1284	3	5	74	549	395	66	100	170	100	2000	150	0	0	0	0	0	0	0	3	0	0	0	0	0	-20	0	0	0	0	0	1	0	0	16764108	0	0	0	0	0	0	0	0	0	0	0	0	0	0	0	0	
5142	??? ??? ????	S_PAWN	MONSTER	RANGE	37		AGGR	0	ANIMAL		0	monkey	0	50	37	25	12	98	119	1670	7	5	95	713	501	68	100	150	100	2000	850	0	0	0	3	0	3	0	0	-5	-20	0	0	0	20	0	0	-30	0	0	1	0	0	16764108	0	0	0	0	0	0	0	0	0	0	0	0	0	0	0	0	
5143	??? ??? ????	KNIGHT	MONSTER	MELEE	39		AGGR	0	ANIMAL		0	monkey	0	52	39	26	13	102	124	2406	12	10	100	746	879	69	100	170	100	2000	150	0	0	0	0	0	0	0	3	0	0	-25	0	0	0	0	0	0	0	0	2	0	0	16764108	0	0	0	0	0	0	0	0	0	0	0	0	0	0	0	0	
5144	??? ??? ???	S_KNIGHT	MONSTER	MELEE	40		AGGR	0	ANIMAL		0	monkey	0	53	40	27	13	104	127	3906	7	10	100	746	1803	70	100	150	100	2000	150	0	0	0	3	0	0	1	3	5	-10	0	-10	-10	-10	0	0	0	0	0	2	0	0	16764108	0	0	0	0	0	0	0	0	0	0	0	0	0	0	0	0	
5145	??? ??? ????	S_KNIGHT	MONSTER	MELEE	41		AGGR	0	ANIMAL		0	monkey	0	55	41	27	14	104	130	4206	7	10	39	291	1848	72	100	160	100	2000	150	0	0	0	0	0	3	2	1	0	0	0	0	0	0	0	0	0	0	0	2	0	0	16764108	0	0	0	0	0	0	0	0	0	0	0	0	0	0	0	0	
5146	??? ??? ?????	S_KNIGHT	MONSTER	MELEE	42		AGGR	0	ANIMAL		0	monkey	0	56	42	28	14	120	146	8412	7	10	64	479	6930	72	100	160	100	2000	150	0	0	0	3	0	3	3	3	-5	-10	-5	-15	-5	20	0	0	0	0	0	2	5114	0	16764108	0	0	0	0	0	0	0	0	0	0	0	0	0	0	0	0	
5151	??? ??? ??	PAWN	MONSTER	MELEE	45		AGGR	0	ANIMAL		0	monkey	0	59	44	30	15	114	139	1872	3	5	91	680	507	74	100	170	100	2000	150	0	0	0	0	0	0	0	3	0	0	0	0	0	-20	0	0	0	0	0	1	0	0	16764108	0	0	0	0	0	0	0	0	0	0	0	0	0	0	0	0	
5152	??? ??? ????	S_PAWN	MONSTER	RANGE	47		AGGR	0	ANIMAL		0	monkey	0	62	46	31	15	105	157	2406	7	5	122	915	635	76	100	150	100	2000	850	0	0	0	3	0	3	0	0	-5	-20	0	0	0	20	0	0	-30	0	0	1	0	0	16764108	0	0	0	0	0	0	0	0	0	0	0	0	0	0	0	0	
5153	??? ??? ????	KNIGHT	MONSTER	MELEE	49		AGGR	0	ANIMAL		0	monkey	0	64	48	32	16	95	176	3429	12	10	125	932	1103	78	100	170	100	2000	150	0	0	0	0	0	0	0	3	0	0	-25	0	0	0	0	0	0	0	0	2	0	0	16764108	0	0	0	0	0	0	0	0	0	0	0	0	0	0	0	0	
5154	??? ??? ???	S_KNIGHT	MONSTER	MELEE	52		AGGR	0	ANIMAL		0	monkey	0	68	51	34	17	128	157	5904	7	10	127	949	2341	79	100	150	100	2000	150	0	0	0	0	0	0	0	3	0	0	0	0	0	-20	0	0	0	0	0	2	0	0	16764108	0	0	0	0	0	0	0	0	0	0	0	0	0	0	0	0	
5155	??? ??? ????	S_KNIGHT	MONSTER	MELEE	53		AGGR	0	ANIMAL		0	monkey	0	69	52	34	17	130	158	6094	7	10	127	949	2352	81	100	150	100	2000	150	0	0	0	1	0	0	3	3	-5	-15	0	0	0	20	0	0	0	0	0	2	0	0	16764108	0	0	0	0	0	0	0	0	0	0	0	0	0	0	0	0	
5156	??? ??? ????	S_KNIGHT	MONSTER	MELEE	54		AGGR	0	ANIMAL		0	monkey	0	70	53	35	17	131	160	6286	7	10	3525	26438	2408	82	100	160	100	2000	150	0	0	0	0	0	1	3	3	0	0	-20	0	0	0	0	0	0	0	0	2	0	0	16764108	0	0	0	0	0	0	0	0	0	0	0	0	0	0	0	0	
5157	??? ??? ?????	S_KNIGHT	MONSTER	MELEE	54		AGGR	0	ANIMAL		0	monkey	0	70	53	35	17	143	175	12572	7	10	7149	53616	9030	82	100	170	100	2000	150	0	0	0	3	0	3	0	3	-5	-10	-5	-15	-5	20	0	0	0	0	0	2	5124	0	16764108	0	0	0	0	0	0	0	0	0	0	0	0	0	0	0	0	
5161	????	BOSS	MONSTER	MELEE	30		AGGR	0	ANIMAL	STUN,SLOW,CURSE,TERROR	0	stone_monkey	0	41	31	21	10	69	85	12960	10	10	11619	87141	19360	59	100	180	100	2000	150	0	0	0	3	0	0	0	3	-5	-10	-5	-15	-5	20	0	0	0	0	0	2	5104	0	0	0	0	0	0	0	0	0	0	0	0	0	0	0	0	0	0	
5162	????	BOSS	MONSTER	MELEE	43		AGGR	0	ANIMAL	STUN,SLOW,CURSE,TERROR	0	gold_monkey	0	57	43	28	14	115	152	21800	10	10	0	0	27680	70	100	180	100	2000	150	0	0	0	0	0	3	0	5	-5	-10	-5	-15	-5	20	0	0	0	0	0	2	5115	0	0	0	0	0	0	0	0	0	0	0	0	0	0	0	0	0	0	
5163	????	BOSS	MONSTER	MELEE	55		AGGR	0	ANIMAL	STUN,SLOW,CURSE,TERROR	0	god_monkey	0	71	53	36	18	125	167	32410	10	10	0	0	35360	84	100	180	100	2000	150	0	0	0	3	0	3	5	5	-5	-10	-5	-15	-5	20	0	0	0	0	0	2	5126	0	0	0	0	0	0	0	0	0	0	0	0	0	0	0	0	0	0	
5201	??	PAWN	MONSTER	MELEE	1			0	ANIMAL		0	stray_dog	0	3	6	5	2	20	24	123	3	2	0	0	4	4	110	100	0	2000	150	0	0	0	0	0	0	0	0	0	-5	0	0	0	0	0	0	0	0	0	0	0	0	16764879	0	0	0	0	0	0	0	0	0	0	0	0	0	0	0	0	
5202	??????	PAWN	MONSTER	MELEE	3			0	ANIMAL		0	wild_boar	0	4	6	7	2	23	28	130	3	2	0	0	5	5	90	100	25	2000	150	0	0	0	0	0	0	5	0	0	-5	0	0	0	0	0	0	0	0	0	0	0	0	16764879	0	0	0	0	0	0	0	0	0	0	0	0	0	0	0	0	
5203	???? ??????	S_PAWN	MONSTER	MELEE	4			0	ANIMAL		0	wild_boar	0	8	5	8	3	24	30	145	3	2	0	0	6	6	90	100	25	2000	150	0	0	0	0	0	0	5	0	0	-5	0	0	0	0	0	0	0	0	0	1	0	0	16764879	0	0	0	0	0	0	0	0	0	0	0	0	0	0	0	0	
5204	??	PAWN	MONSTER	POWER	4			0	ANIMAL		0	bear	0	8	6	8	3	24	30	157	3	2	0	0	8	7	110	70	25	2000	150	0	0	0	0	0	0	0	0	0	-5	0	0	0	0	0	0	0	0	0	0	0	0	16764879	0	0	0	0	0	0	0	0	0	0	0	0	0	0	0	0	
5205	?????	S_PAWN	MONSTER	TANKER	5			0	ANIMAL		0	bear	0	8	8	8	3	25	34	168	3	2	0	0	9	8	110	100	25	2000	150	0	0	0	0	0	0	0	0	0	-5	0	0	0	0	0	0	0	0	0	1	0	0	16764879	0	0	0	0	0	0	0	0	0	0	0	0	0	0	0	0	
5206	??????	PAWN	MONSTER	POWER	6			0	ANIMAL		0	bear	0	9	9	10	4	27	35	175	3	2	0	0	10	9	110	100	25	2000	150	0	0	0	0	0	0	0	0	0	-5	0	0	0	0	0	0	0	0	0	0	0	0	16764879	0	0	0	0	0	0	0	0	0	0	0	0	0	0	0	0	
5207	???	S_PAWN	MONSTER	POWER	6			0	ANIMAL		0	bear	0	10	9	9	4	28	36	180	3	2	0	0	12	9	110	100	25	2000	150	0	0	0	0	0	0	0	0	0	-5	0	0	0	0	0	0	0	0	0	1	0	0	16764879	0	0	0	0	0	0	0	0	0	0	0	0	0	0	0	0	
5208	????	PAWN	MONSTER	POWER	7			0	ANIMAL		0	tiger	0	10	10	10	5	30	38	185	3	2	60	450	14	10	110	100	25	2000	150	0	0	0	0	0	0	0	0	0	-5	0	0	0	0	0	0	0	0	0	0	0	0	16764879	0	0	0	0	0	0	0	0	0	0	0	0	0	0	0	0	
5209	???	S_PAWN	MONSTER	POWER	8			0	ANIMAL		0	tiger	0	12	10	12	5	32	40	214	3	2	121	907	15	10	110	110	25	2000	150	0	0	0	0	0	0	0	0	0	-5	0	0	0	0	0	0	0	0	0	1	0	0	16764879	0	0	0	0	0	0	0	0	0	0	0	0	0	0	0	0	
6001	???	PAWN	MONSTER	MAGIC	97		AGGR,GODSPEED	0	FIRE,ATT_FIRE	SLOW,CURSE,TERROR	0	fire_ghost	0	125	62	125	31	389	431	13735	3	5	123	922	1323	100	110	110	100	2000	850	0	0	0	0	0	0	0	10	0	-5	0	0	0	20	0	0	0	0	0	1	0	5	0	0	0	0	0	0	0	0	0	0	0	0	0	0	0	0	0	
6002	????	PAWN	MONSTER	MELEE	99		AGGR,REVIVE	0	FIRE,ATT_FIRE	SLOW,CURSE,TERROR	0	fire_tiger_boss	0	126	63	126	31	390	433	27865	3	5	60	450	3207	121	110	110	100	2000	100	0	0	0	0	5	0	0	12	-10	-25	5	-20	-20	20	0	0	0	0	0	1	0	10	0	0	0	0	0	0	0	0	0	0	0	0	0	0	0	0	0	
6003	?????	S_PAWN	MONSTER	MELEE	100		AGGR,STONESKIN	0	FIRE,ATT_FIRE	SLOW,CURSE,TERROR	0	fire_man	0	64	128	64	32	394	437	28653	5	7	121	907	3270	123	110	110	100	2000	100	0	0	0	0	3	0	3	15	-5	-5	10	10	10	20	0	0	0	0	0	1	0	15	0	0	0	0	0	0	0	0	0	0	0	0	0	0	0	0	0	
6004	?????	S_PAWN	MONSTER	MELEE	100		AGGR,GODSPEED	0	FIRE,ATT_FIRE	SLOW,CURSE,TERROR	0	fire_knight	0	125	62	125	31	389	431	13735	3	5	123	922	1323	100	110	110	100	2000	100	0	0	0	0	0	0	0	10	0	-5	0	0	0	20	0	0	0	0	0	1	0	5	0	0	0	0	0	0	0	0	0	0	0	0	0	0	0	0	0	
6005	???	KNIGHT	MONSTER	MELEE	103		AGGR,REVIVE	0	FIRE,ATT_FIRE	SLOW,CURSE,TERROR	0	fire_king	0	126	63	126	31	390	433	27865	3	5	186	1394	3207	121	110	110	100	2000	100	0	0	0	0	5	0	0	12	-10	-25	5	-20	-20	20	0	0	0	0	0	1	0	10	0	0	0	0	0	0	0	0	0	0	0	0	0	0	0	0	0	
6006	????	KNIGHT	MONSTER	MELEE	103		AGGR,STONESKIN	0	FIRE,ATT_FIRE	SLOW,CURSE,TERROR	0	firegolem_soldier	0	64	128	64	32	394	437	28653	5	7	250	1875	3270	123	110	110	100	2000	100	0	0	0	0	3	0	3	15	-5	-5	10	10	10	20	0	0	0	0	0	1	0	15	0	0	0	0	0	0	0	0	0	0	0	0	0	0	0	0	0	
6007	???	KNIGHT	MONSTER	MELEE	105		AGGR,BERSERK	0	FIRE,ATT_FIRE	SLOW,CURSE,TERROR	0	firegolem_magician	0	130	65	130	32	374	461	72626	5	10	500	3000	9907	145	110	110	100	2000	100	0	0	0	0	0	10	10	16	-5	-25	0	0	0	20	0	0	0	0	0	2	0	15	0	0	0	0	0	0	0	0	0	0	0	0	0	0	0	0	0	
6008	????	S_KNIGHT	MONSTER	MELEE	105		AGGR,GODSPEED	0	FIRE,ATT_FIRE	SLOW,CURSE,TERROR	0	firegolem_general	0	131	65	131	32	375	463	147212	5	15	315	2363	23895	178	110	110	100	2000	100	0	0	0	0	5	0	5	15	0	-5	-25	0	0	20	0	0	0	0	0	2	0	15	0	0	0	0	0	0	0	0	0	0	0	0	0	0	0	0	0	
6009	?????	S_KNIGHT	MONSTER	MELEE	107		AGGR,BERSERK,STONESKIN,DEATHBLOW,REVIVE	0	FIRE,ATT_FIRE	STUN,SLOW,CURSE,TERROR	0	firegolem_boss	0	99	132	66	33	354	487	596772	10	15	1000	4000	116266	212	110	110	100	2000	100	0	0	0	0	0	0	3	15	40	35	40	40	40	40	0	0	0	0	0	3	0	20	0	0	0	0	0	0	0	0	0	0	0	0	0	0	0	0	0	
6051	???????	S_KNIGHT	MONSTER	MELEE	107		AGGR,BERSERK,STONESKIN,DEATHBLOW,REVIVE	0	FIRE,ATT_FIRE	STUN,SLOW,CURSE,TERROR	0	firegolem_boss	0	99	132	66	33	354	487	596772	10	15	60	446	116266	212	110	110	100	2000	100	0	0	0	0	0	0	3	15	40	35	40	40	40	40	0	0	0	0	0	3	6008	20	0	0	0	0	0	0	0	0	0	0	0	0	0	0	0	0	0	
6091	???õ	BOSS	MONSTER	MELEE	108		AGGR,BERSERK,STONESKIN,DEATHBLOW,REVIVE	0	FIRE,ATT_FIRE	STUN,SLOW,CURSE,TERROR	0	yamachun	0	133	66	133	33	356	490	1813838	30	20	120	900	422585	256	110	110	100	2000	300	0	0	0	0	5	5	10	15	40	35	40	40	40	40	0	0	0	0	0	4	6008	25	0	0	0	0	0	0	0	0	0	0	0	0	0	0	0	0	0	
6301	"오초아 전사"	"PAWN"	"MONSTER"	"MELEE"	98		"AGGR,GODSPEED"	0	"DEVIL,ATT_WIND"	"SLOW,CURSE,TERROR"	0	"lemures_soldier"	0	121	91	60	30	183	224	10302	3	2	3100	4100	65000	97	110	110	100	2000	100	0	0	0	0	0	0	0	10	0	-5	0	0	0	20	0	0	0	0	0	2,6	0	5		0	0	0	0	0	0	0	0	0	0	0	10	0	0	0	0
6302	"오초아 군인"	"S_PAWN"	"MONSTER"	"MELEE"	99		"AGGR,REVIVE"	0	"DEVIL,ATT_WIND"	"SLOW,CURSE,TERROR"	0	"lemures_soldier2"	0	122	92	61	30	185	226	17825	3	2	3200	4200	65200	117	110	110	100	2000	100	0	0	0	0	5	0	0	12	-10	-25	5	-20	-20	20	0	0	0	0	0	2,84	0	10		0	0	0	0	0	0	0	0	0	0	0	0	10	0	0	0
6303	"오초아 마술사"	"S_PAWN"	"MONSTER"	"MELEE"	100		"AGGR,STONESKIN"	0	"DEVIL,ATT_WIND"	"SLOW,CURSE,TERROR"	0	"lemures_magic"	0	93	124	62	31	187	228	18043	5	5	3300	4300	65400	118	110	110	100	2000	850	0	0	0	0	3	0	3	15	-5	-5	10	10	10	20	0	0	0	0	0	2,84	0	15		0	0	0	0	0	0	0	0	0	0	0	0	0	10	0	0
6304	"오초아 사형 집행"	"KNIGHT"	"MONSTER"	"MELEE"	101		"AGGR,BERSERK"	0	"DEVIL,ATT_WIND"	"SLOW,CURSE,TERROR"	0	"lemures_officer"	0	125	62	125	31	168	252	41159	5	7	3400	4400	65600	140	110	110	100	2000	100	0	0	0	0	0	10	10	16	-5	-25	0	0	0	20	0	0	0	0	0	3,08	0	15		0	0	0	0	0	0	0	0	0	0	0	0	0	0	10	0
6305	"오초아 일반"	"S_KNIGHT"	"MONSTER"	"MELEE"	102		"AGGR,GODSPEED"	0	"DEVIL,ATT_WIND"	"SLOW,CURSE,TERROR"	0	"lemures_general"	0	126	63	126	31	169	254	80407	5	10	3500	4500	65800	171	110	110	100	2000	100	0	0	0	0	5	0	5	15	0	-5	-25	0	0	20	0	0	0	0	0	3,44	0	15		0	0	0	0	0	0	0	0	0	0	0	0	0	0	0	10
6306	"강력한 오초아 전사"	"PAWN"	"MONSTER"	"MELEE"	117		"AGGR,GODSPEED"	0	"DEVIL,ATT_WIND"	"SLOW,CURSE,TERROR"	0	"lemures_soldier"	0	121	91	60	30	183	224	10302	3	2	3100	4100	65000	97	110	110	100	2000	100	0	0	0	0	0	0	0	10	0	-5	0	0	0	20	0	0	0	0	0	2,7	0	5		0	0	0	0	0	0	0	0	0	0	0	10	0	0	0	0
6307	"강력한 오초아 군인"	"S_PAWN"	"MONSTER"	"MELEE"	117		"AGGR,REVIVE"	0	"DEVIL,ATT_WIND"	"SLOW,CURSE,TERROR"	0	"lemures_soldier2"	0	122	92	61	30	185	226	17825	3	2	3200	4200	65200	117	110	110	100	2000	100	0	0	0	0	5	0	0	12	-10	-25	5	-20	-20	20	0	0	0	0	0	2,94	0	10		0	0	0	0	0	0	0	0	0	0	0	0	10	0	0	0
6308	"강력한 오초아 마술사"	"S_PAWN"	"MONSTER"	"MELEE"	108		"AGGR,STONESKIN"	0	"DEVIL,ATT_WIND"	"SLOW,CURSE,TERROR"	0	"lemures_magic"	0	93	124	62	31	187	228	18043	5	5	3300	4300	65400	118	110	110	100	2000	850	0	0	0	0	3	0	3	15	-5	-5	10	10	10	20	0	0	0	0	0	2,94	0	15		0	0	0	0	0	0	0	0	0	0	0	0	0	10	0	0
6309	"강력한 오초아 사형 집행"	"KNIGHT"	"MONSTER"	"MELEE"	118		"AGGR,BERSERK"	0	"DEVIL,ATT_WIND"	"SLOW,CURSE,TERROR"	0	"lemures_officer"	0	125	62	125	31	168	252	41159	5	7	3400	4400	65600	140	110	110	100	2000	100	0	0	0	0	0	10	10	16	-5	-25	0	0	0	20	0	0	0	0	0	3,18	0	15		0	0	0	0	0	0	0	0	0	0	0	0	0	0	10	0
6310	"강력한 오초아 일반"	"S_KNIGHT"	"MONSTER"	"MELEE"	119		"AGGR,GODSPEED"	0	"DEVIL,ATT_WIND"	"SLOW,CURSE,TERROR"	0	"lemures_general"	0	126	63	126	31	169	254	80407	5	10	3500	4500	65800	171	110	110	100	2000	100	0	0	0	0	5	0	5	15	0	-5	-25	0	0	20	0	0	0	0	0	3,54	0	15		0	0	0	0	0	0	0	0	0	0	0	0	0	0	0	10
6311	"오초아 보디 가드"	"BOSS"	"MONSTER"	"MELEE"	108		"AGGR,BERSERK,STONESKIN,DEATHBLOW,REVIVE"	0	"DEVIL,ATT_WIND"	"STUN,SLOW,CURSE,TERROR"	0	"lemures_boss"	0	128	64	128	32	150	280	218324	10	10	60000	80000	250	206	110	110	100	2000	100	0	0	0	0	0	0	3	15	40	35	40	40	40	40	0	0	0	0	0	3,8	6304	20		0	20	263	0	0	0	0	0	0	0	0	20	20	0	30	40
6390	"오초아 주"	"KING"	"MONSTER"	"MELEE"	103		"AGGR,BERSERK,STONESKIN,DEATHBLOW,REVIVE"	0	"DEVIL,ATT_WIND"	"STUN,SLOW,CURSE,TERROR"	0	"lemures_boss"	0	128	64	128	32	150	280	238324	10	10	70000	90000	250	206	110	110	100	2000	100	0	0	0	0	0	0	3	15	40	35	40	40	40	40	0	0	0	0	0	4,8	6304	20		0	20	263	0	0	0	0	0	0	0	0	20	20	0	30	40
6391	"강력한 오초아 주"	"KING"	"MONSTER"	"MELEE"	120		"AGGR,BERSERK,STONESKIN,DEATHBLOW,REVIVE"	0	"DEVIL,ATT_WIND"	"STUN,SLOW,CURSE,TERROR"	0	"lemures_boss2"	0	131	65	131	32	153	285	238324	30	15	80000	100000	250	252	110	110	100	2000	100	0	0	0	0	5	5	10	15	40	35	40	40	40	40	0	0	0	0	0	5,28	6310	25		0	20	263	0	0	0	0	0	0	0	0	20	20	0	30	40
6400	"욕실 - 타이 가디언"	"BOSS"	"MONSTER"	"MELEE"	105		"AGGR,BERSERK,STONESKIN,DEATHBLOW,REVIVE"	0	"DEVIL,ATT_WIND"	"STUN,SLOW,CURSE,TERROR"	0	"trent_officer"	0	128	64	128	32	150	280	108384	10	10	0	0	250	206	110	110	100	2000	100	0	0	0	0	0	0	3	15	40	35	40	40	40	40	0	0	0	0	0	4,5	6302	20		0	20	263	0	0	0	0	0	0	0	0	20	20	0	30	40
6401	"욕실 - 타이 전사"	"PAWN"	"MONSTER"	"MELEE"	100		"AGGR,GODSPEED"	0	"DEVIL,ATT_WIND"	"SLOW,CURSE,TERROR"	0	"trent_soldier"	0	121	91	60	30	183	224	20302	3	2	4100	5100	75000	97	110	110	100	2000	100	0	0	0	0	0	0	0	10	0	-5	0	0	0	20	0	0	0	0	0	3,6	0	5		0	0	0	0	0	0	0	0	0	0	0	10	0	0	0	0
6402	"욕실 - 타이 군인"	"S_PAWN"	"MONSTER"	"MELEE"	102		"AGGR,REVIVE"	0	"DEVIL,ATT_WIND"	"SLOW,CURSE,TERROR"	0	"trent_soldier"	0	122	92	61	30	185	226	27825	3	2	4200	5200	75200	117	110	110	100	2000	100	0	0	0	0	5	0	0	12	-10	-25	5	-20	-20	20	0	0	0	0	0	3,84	0	10		0	0	0	0	0	0	0	0	0	0	0	0	10	0	0	0
6403	"욕실 - 타이 힐러"	"S_PAWN"	"MONSTER"	"MELEE"	104		"AGGR,STONESKIN"	0	"DEVIL,ATT_WIND"	"SLOW,CURSE,TERROR"	0	"trent_magic"	0	93	124	62	31	187	228	28043	5	5	4300	5300	75400	118	110	110	100	2000	850	0	0	0	0	3	0	3	15	-5	-5	10	10	10	20	0	0	0	0	0	3,84	0	15		0	0	0	0	0	0	0	0	0	0	0	0	0	10	0	0
6404	"욕실 - 타이 드루이드"	"KNIGHT"	"MONSTER"	"MELEE"	105		"AGGR,STONESKIN"	0	"DEVIL,ATT_WIND"	"SLOW,CURSE,TERROR"	0	"trent_magic"	0	93	124	62	31	187	228	28043	5	5	4300	5300	75400	118	110	110	100	2000	850	0	0	0	0	3	0	3	15	-5	-5	10	10	10	20	0	0	0	0	0	3,84	0	15		0	0	0	0	0	0	0	0	0	0	0	0	0	10	0	0
6405	"욕실 - 타이 책임자"	"KNIGHT"	"MONSTER"	"MELEE"	107		"AGGR,BERSERK"	0	"DEVIL,ATT_WIND"	"SLOW,CURSE,TERROR"	0	"trent_officer"	0	125	62	125	31	168	252	61159	5	7	4400	5400	75600	140	110	110	100	2000	100	0	0	0	0	0	10	10	16	-5	-25	0	0	0	20	0	0	0	0	0	4,08	0	15		0	0	0	0	0	0	0	0	0	0	0	0	0	0	10	0
6406	"욕실 - 타이 파괴자"	"S_KNIGHT"	"MONSTER"	"MELEE"	108		"AGGR,GODSPEED"	0	"DEVIL,ATT_WIND"	"SLOW,CURSE,TERROR"	0	"trent_general"	0	126	63	126	31	169	254	90407	5	10	4500	5500	75800	171	110	110	100	2000	100	0	0	0	0	5	0	5	15	0	-5	-25	0	0	20	0	0	0	0	0	4,44	0	15		0	0	0	0	0	0	0	0	0	0	0	0	0	0	0	10
6407	"욕실 - 타이 소버린"	"KING"	"MONSTER"	"MELEE"	112		"AGGR,BERSERK,STONESKIN,DEATHBLOW,REVIVE"	0	"DEVIL,ATT_WIND"	"STUN,SLOW,CURSE,TERROR"	0	"trent_boss"	0	128	64	128	32	150	280	288384	10	10	100000	120000	250	206	110	110	100	2000	100	0	0	0	0	0	0	3	15	40	35	40	40	40	40	0	0	0	0	0	5,8	6402	20		0	20	263	0	0	0	0	0	0	0	0	20	20	0	30	40
6408	"Bagjanamu"	"KING"	"MONSTER"	"MELEE"	120		"AGGR,BERSERK,STONESKIN,DEATHBLOW,REVIVE"	0	"DEVIL,ATT_WIND"	"STUN,SLOW,CURSE,TERROR"	0	"trent_boss2"	0	131	65	131	32	153	285	288384	30	15	100000	200000	250	252	110	110	100	2000	100	0	0	0	0	5	5	10	15	40	35	40	40	40	40	0	0	0	0	0	6,28	6409	25		0	20	263	0	0	0	0	0	0	0	0	20	20	0	30	40
6409	"강한 욕실 - 타이 전사"	"PAWN"	"MONSTER"	"MELEE"	117		"AGGR,GODSPEED"	0	"DEVIL,ATT_WIND"	"SLOW,CURSE,TERROR"	0	"trent_soldier"	0	121	91	60	30	183	224	25302	3	2	4600	5600	85000	97	110	110	100	2000	100	0	0	0	0	0	0	0	10	0	-5	0	0	0	20	0	0	0	0	0	3,9	0	5		0	0	0	0	0	0	0	0	0	0	0	10	0	0	0	0
6410	"강한 욕실 - 타이 군인"	"S_PAWN"	"MONSTER"	"MELEE"	118		"AGGR,REVIVE"	0	"DEVIL,ATT_WIND"	"SLOW,CURSE,TERROR"	0	"trent_soldier"	0	122	92	61	30	185	226	32825	3	2	4700	5700	85200	117	110	110	100	2000	100	0	0	0	0	5	0	0	12	-10	-25	5	-20	-20	20	0	0	0	0	0	4,14	0	10		0	0	0	0	0	0	0	0	0	0	0	0	10	0	0	0
6411	"강한 욕실 - 타이 힐러"	"S_PAWN"	"MONSTER"	"MELEE"	118		"AGGR,STONESKIN"	0	"DEVIL,ATT_WIND"	"SLOW,CURSE,TERROR"	0	"trent_magic"	0	93	124	62	31	187	228	32043	5	5	4800	5800	85400	118	110	110	100	2000	850	0	0	0	0	3	0	3	15	-5	-5	10	10	10	20	0	0	0	0	0	4,14	0	15		0	0	0	0	0	0	0	0	0	0	0	0	0	10	0	0
6412	"강한 욕실 - 타이 드루이드"	"KNIGHT"	"MONSTER"	"MELEE"	119		"AGGR,STONESKIN"	0	"DEVIL,ATT_WIND"	"SLOW,CURSE,TERROR"	0	"trent_magic"	0	93	124	62	31	187	228	32043	5	5	4800	5800	85400	118	110	110	100	2000	850	0	0	0	0	3	0	3	15	-5	-5	10	10	10	20	0	0	0	0	0	4,14	0	15		0	0	0	0	0	0	0	0	0	0	0	0	0	10	0	0
6413	"강한 욕실 - 타이 책임자"	"KNIGHT"	"MONSTER"	"MELEE"	120		"AGGR,BERSERK"	0	"DEVIL,ATT_WIND"	"SLOW,CURSE,TERROR"	0	"trent_officer"	0	125	62	125	31	168	252	63159	5	7	4900	5900	85600	140	110	110	100	2000	100	0	0	0	0	0	10	10	16	-5	-25	0	0	0	20	0	0	0	0	0	4,38	0	15		0	0	0	0	0	0	0	0	0	0	0	0	0	0	10	0
6414	"강한 욕실 - 타이 파괴자"	"S_KNIGHT"	"MONSTER"	"MELEE"	120		"AGGR,GODSPEED"	0	"DEVIL,ATT_WIND"	"SLOW,CURSE,TERROR"	0	"trent_general"	0	126	63	126	31	169	254	92407	5	10	5000	6000	85800	171	110	110	100	2000	100	0	0	0	0	5	0	5	15	0	-5	-25	0	0	20	0	0	0	0	0	4,74	0	15		0	0	0	0	0	0	0	0	0	0	0	0	0	0	0	10
6417	"Ochao 건강"	"S_PAWN"	"MONSTER"	"MELEE"	110		"AGGR,BERSERK"	0	"DEVIL,ATT_WIND"	"STUN,SLOW,CURSE,TERROR"	0	"trent_boss2"	0	131	65	131	32	153	285	32043	0	0	4800	5800	250	252	110	110	100	2000	100	0	0	0	0	5	5	10	15	40	35	40	40	40	40	0	0	0	0	0	2,28	6406	25		0	20	265	0	0	0	0	0	0	0	0	20	20	0	30	40
6418	"요턴 Thrym"	"KING"	"MONSTER"	"MELEE"	123		"AGGR,BERSERK,STONESKIN,DEATHBLOW"	0	"DEVIL,ATT_WIND"	"STUN,SLOW,CURSE,TERROR"	0	"thunder_boss"	0	131	65	131	32	153	285	298384	0	0	300000	700000	250	252	110	110	100	2000	100	0	0	0	0	5	5	10	15	40	35	40	40	40	40	0	0	0	0	0	5,28	6417	25		0	25	264	20	263	20	266	20	256	0	0	20	20	0	30	40
6151	????ñ?	BOSS	MONSTER	MELEE	107		AGGR,BERSERK,STONESKIN,DEATHBLOW,REVIVE	0	ICE,ATT_ICE	STUN,SLOW,TERROR	0	icegolem_boss	0	99	132	66	33	354	487	596772	10	15	1000	4000	116266	212	110	110	100	2000	100	0	0	0	0	0	0	3	15	40	35	40	40	40	40	0	0	0	0	0	3	6108	20	0	0	0	0	0	0	0	0	0	0	0	0	0	0	0	0	0	
6191	????	BOSS	MONSTER	MELEE	108		AGGR,BERSERK,STONESKIN,DEATHBLOW,REVIVE	0	ICE,ATT_ICE	STUN,SLOW,TERROR	0	hanma_boss	0	133	66	133	33	356	490	1813838	30	20	0	0	422585	256	110	110	100	2000	300	0	0	0	0	5	5	10	15	40	35	40	40	40	40	0	0	0	0	0	4	6108	25	0	0	0	0	0	0	0	0	0	0	0	0	0	0	0	0	0	
6192	????	KING	MONSTER	MELEE	123		AGGR,BERSERK,STONESKIN,DEATHBLOW,REVIVE	0	ORC,ATT_EARTH	STUN,SLOW,TERROR	0	thunder_boss	0	133	66	133	33	346	470	1813838	30	2	0	0	4564000	256	110	110	100	2000	400	0	0	0	0	5	5	10	15	40	40	20	20	20	20	0	0	0	0	0	4	6406	25	0	0	0	0	0	0	0	0	0	0	0	0	0	0	0	0	0	
6193	???	BOSS	MONSTER	MELEE	123		AGGR,NOMOVE,BERSERK,STONESKIN,DEATHBLOW,REVIVE	0	FIRE,ATT_FIRE	STUN,SLOW,TERROR	0	reddragon_room_boss2	0	133	66	133	33	346	470	1813838	30	2	0	0	4564000	256	110	110	100	2000	400	0	0	0	0	5	5	10	15	40	40	20	20	20	20	0	0	0	0	0	4	0	25	0	0	0	0	0	0	0	0	0	0	0	0	0	0	0	0	0	
6301	??????	PAWN	MONSTER	MELEE	98		AGGR	0	DEVIL,ATT_WIND	SLOW,CURSE,TERROR	0	lemures_soldier	0	121	91	60	30	173	234	21825	3	7	0	0	9375	111	200	110	100	2000	100	0	0	0	0	0	0	0	10	0	0	0	0	0	0	0	0	0	0	0	3	0	5	0	0	0	0	0	0	0	0	0	0	0	0	0	0	0	0	0	
6302	????ô???	S_PAWN	MONSTER	MELEE	99		AGGR,REVIVE	0	DEVIL,ATT_WIND	SLOW,CURSE,TERROR	0	lemures_soldier2	0	122	92	61	30	179	246	25634	4	7	0	0	11255	117	110	110	100	2000	100	0	0	0	0	5	0	0	12	5	5	-10	-10	-10	-10	0	0	0	0	0	3	0	10	0	0	0	0	0	0	0	0	0	0	0	0	0	0	0	0	0	
6303	???????	S_PAWN	MONSTER	MAGIC	100		AGGR,STONESKIN	0	DEVIL,ATT_WIND	SLOW,CURSE,TERROR	0	lemures_magic	0	93	124	62	31	207	258	29043	4	14	0	0	11380	103	110	110	100	2000	850	0	0	0	0	3	0	3	15	10	10	10	10	10	10	0	0	15	0	0	3	0	15	0	0	0	0	0	0	0	0	0	0	0	0	0	0	0	0	0	
6304	??????	KNIGHT	MONSTER	MELEE	101		AGGR,BERSERK	0	DEVIL,ATT_WIND	SLOW,CURSE,TERROR	0	lemures_officer	0	125	62	125	31	183	262	38159	5	14	0	0	25316	140	110	110	100	2000	100	0	0	0	0	0	10	10	16	0	0	-5	0	-5	0	0	0	0	0	0	3	0	15	0	0	0	0	0	0	0	0	0	0	0	0	0	0	0	0	0	
6305	??????????	S_KNIGHT	MONSTER	MELEE	102		AGGR	0	DEVIL,ATT_WIND	SLOW,CURSE,TERROR	0	lemures_general	0	126	63	126	31	196	264	97407	7	15	0	0	39580	171	200	110	100	2000	100	0	0	0	0	5	0	5	15	0	-5	-5	-5	0	0	0	0	0	0	0	3	0	15	0	0	0	0	0	0	0	0	0	0	0	0	0	0	0	0	0	
6306	??????	PAWN	MONSTER	MELEE	117		AGGR	0	DEVIL,ATT_WIND	SLOW,CURSE,TERROR	0	lemures_soldier	0	121	91	60	30	193	254	22825	3	7	0	0	11375	111	200	110	100	2000	100	0	0	0	0	0	0	0	10	0	0	0	0	0	0	0	0	0	0	0	3	0	5	0	0	0	0	0	0	0	0	0	0	0	0	0	0	0	0	0	
6307	????ô???	S_PAWN	MONSTER	MELEE	117		AGGR,REVIVE	0	DEVIL,ATT_WIND	SLOW,CURSE,TERROR	0	lemures_soldier2	0	122	92	61	30	199	266	26634	4	7	0	0	15255	117	110	110	100	2000	100	0	0	0	0	5	0	0	12	5	5	-10	-10	-10	-10	0	0	0	0	0	3	0	10	0	0	0	0	0	0	0	0	0	0	0	0	0	0	0	0	0	
6308	???????	S_PAWN	MONSTER	MAGIC	118		AGGR,STONESKIN	0	DEVIL,ATT_WIND	SLOW,CURSE,TERROR	0	lemures_magic	0	93	124	62	31	207	268	30043	4	14	0	0	16380	103	110	110	100	2000	850	0	0	0	0	3	0	3	15	10	10	10	10	10	10	0	0	15	0	0	3	0	15	0	0	0	0	0	0	0	0	0	0	0	0	0	0	0	0	0	
6309	??????	KNIGHT	MONSTER	MELEE	118		AGGR,BERSERK	0	DEVIL,ATT_WIND	SLOW,CURSE,TERROR	0	lemures_officer	0	125	62	125	31	193	272	39159	5	14	0	0	29316	140	110	110	100	2000	100	0	0	0	0	0	10	10	16	0	0	-5	0	-5	0	0	0	0	0	0	3	0	15	0	0	0	0	0	0	0	0	0	0	0	0	0	0	0	0	0	
6310	??????????	S_KNIGHT	MONSTER	MELEE	119		AGGR	0	DEVIL,ATT_WIND	SLOW,CURSE,TERROR	0	lemures_general	0	126	63	126	31	206	284	98407	7	15	0	0	42580	171	200	110	100	2000	100	0	0	0	0	5	0	5	15	0	-5	-5	-5	0	0	0	0	0	0	0	3	0	15	0	0	0	0	0	0	0	0	0	0	0	0	0	0	0	0	0	
6391	?????? ?????	BOSS	MONSTER	MELEE	103		AGGR,BERSERK,DEATHBLOW,REVIVE	0	DEVIL,ATT_WIND	STUN,SLOW,CURSE,TERROR	0	lemures_boss	0	128	64	128	32	162	280	418384	10	10	0	0	142984	206	110	110	100	2000	100	0	0	0	0	0	0	3	15	40	40	15	15	15	15	0	0	0	0	0	3	6304	20	0	0	0	0	0	0	0	0	0	0	0	0	0	0	0	0	0	
6392	???????	KING	MONSTER	MELEE	108		AGGR,BERSERK,STONESKIN,DEATHBLOW,REVIVE	0	DEVIL,ATT_ICE	STUN,SLOW,CURSE,TERROR	0	lemures_boss2	0	131	65	131	32	173	285	981420	30	15	0	0	514705	252	110	110	100	2000	100	0	0	0	0	5	5	10	15	40	40	15	15	15	15	0	0	0	0	0	4	6305	25	0	0	0	0	0	0	0	0	0	0	0	0	0	0	0	0	0	
6393	?????? ?????	BOSS	MONSTER	MELEE	120		AGGR,BERSERK,DEATHBLOW,REVIVE	0	DEVIL,ATT_WIND	STUN,SLOW,CURSE,TERROR	0	lemures_boss	0	128	64	128	32	172	290	420384	10	10	0	0	182984	206	110	110	100	2000	100	0	0	0	0	0	0	3	15	40	40	15	15	15	15	0	0	0	0	0	3	6309	20	0	0	0	0	0	0	0	0	0	0	0	0	0	0	0	0	0	
6394	???????	KING	MONSTER	MELEE	120		AGGR,BERSERK,STONESKIN,DEATHBLOW,REVIVE	0	DEVIL,ATT_ICE	STUN,SLOW,CURSE,TERROR	0	lemures_boss2	0	131	65	131	32	183	295	990420	30	15	0	0	584705	252	110	110	100	2000	100	0	0	0	0	5	5	10	15	40	40	15	15	15	15	0	0	0	0	0	4	6310	25	0	0	0	0	0	0	0	0	0	0	0	0	0	0	0	0	0	
6401	????	PAWN	MONSTER	MELEE	100		AGGR	0	DEVIL,ATT_WIND	SLOW,CURSE,TERROR	0	trent_soldier	0	112	84	56	28	179	257	22605	3	10	0	0	24334	112	110	120	100	2000	180	0	0	0	0	0	0	5	5	10	10	5	-5	-5	-5	0	0	0	0	0	3	0	15	0	0	0	0	0	0	0	0	0	0	0	0	0	0	0	0	0	
6402	??ô???	S_PAWN	MONSTER	MELEE	102		AGGR,STONESKIN	0	DEVIL,ATT_WIND	SLOW,CURSE,TERROR	0	trent_soldier	0	115	87	60	30	183	268	29319	4	14	0	0	28934	119	110	130	100	2000	180	0	0	0	0	5	5	10	16	0	0	0	0	0	0	0	0	0	0	0	3	0	15	0	0	0	0	0	0	0	0	0	0	0	0	0	0	0	0	0	
6403	?????	S_PAWN	MONSTER	MAGIC	104		AGGR,STONESKIN	0	DEVIL,ATT_WIND	SLOW,CURSE,TERROR	0	trent_magic	0	61	114	122	30	211	256	39563	5	7	0	0	35468	106	110	110	100	2000	850	0	0	0	0	3	0	3	15	10	10	5	0	0	0	0	0	15	0	0	3	0	15	0	0	0	0	0	0	0	0	0	0	0	0	0	0	0	0	0	
6404	??????	KNIGHT	MONSTER	RANGE	105		AGGR,BERSERK	0	DEVIL,ATT_WIND	SLOW,CURSE,TERROR	0	trent_magic	0	62	93	120	30	211	268	42159	5	7	0	0	37900	117	110	110	100	2000	850	0	0	0	0	3	0	3	15	10	10	5	0	0	0	0	0	15	0	0	3	0	15	0	0	0	0	0	0	0	0	0	0	0	0	0	0	0	0	0	
6405	?????	KING	MONSTER	RANGE	105		AGGR,STONESKIN	0	DEVIL,ATT_WIND	STUN,SLOW,CURSE,TERROR	0	trent_officer	0	115	93	125	31	214	273	109159	5	20	0	0	9754	120	110	110	100	2000	300	0	0	0	0	3	0	3	15	10	10	0	0	0	0	0	0	0	0	0	4	6401	15	0	0	0	0	0	0	0	0	0	0	0	0	0	0	0	0	0	
6406	??????	S_KNIGHT	MONSTER	MELEE	108		AGGR,BERSERK	0	DEVIL,ATT_WIND	SLOW,CURSE,TERROR	0	trent_general	0	125	62	125	31	226	272	108570	10	14	0	0	53214	142	110	110	100	2000	100	0	0	0	0	0	0	3	15	40	40	10	10	10	10	0	0	0	0	0	4	6401	20	0	0	0	0	0	0	0	0	0	0	0	0	0	0	0	0	0	
6407	???	BOSS	MONSTER	MELEE	112		AGGR,BERSERK,STONESKIN,DEATHBLOW,REVIVE	0	DEVIL,ATT_ICE	STUN,SLOW,CURSE,TERROR	0	trent_boss	0	128	64	128	32	212	290	822784	10	15	0	0	517920	171	110	110	100	2000	300	0	0	0	0	0	0	3	15	40	40	15	15	15	15	0	0	0	0	0	3	6404	25	0	0	0	0	0	0	0	0	0	0	0	0	0	0	0	0	0	
6408	?????	BOSS	MONSTER	MELEE	120		AGGR,BERSERK,STONESKIN,DEATHBLOW,REVIVE	0	DEVIL,ATT_ICE	STUN,SLOW,CURSE,TERROR	0	trent_boss2	0	131	65	131	33	354	487	1507688	30	15	0	0	1154705	260	110	110	100	2000	300	0	0	0	0	5	5	10	15	40	40	15	15	15	15	0	0	0	0	0	4	6404	25	0	0	0	0	0	0	0	0	0	0	0	0	0	0	0	0	0	
6409	????????	S_PAWN	MONSTER	MAGIC	110		AGGR,STONESKIN	0	DEVIL,ATT_WIND	SLOW,CURSE,TERROR	0	lemures_magic	0	93	124	62	31	187	228	159159	5	5	0	0	9843	118	120	110	100	2000	850	0	0	0	0	3	0	3	15	5	5	0	0	0	0	0	0	0	0	0	3	0	15	0	0	0	0	0	0	0	0	0	0	0	0	0	0	0	0	0	
6410	????	PAWN	MONSTER	MELEE	117		AGGR	0	DEVIL,ATT_WIND	SLOW,CURSE,TERROR	0	trent_soldier	0	112	84	56	28	189	267	23605	3	10	0	0	27334	112	110	120	100	2000	180	0	0	0	0	0	0	5	5	10	10	5	-5	-5	-5	0	0	0	0	0	3	0	15	0	0	0	0	0	0	0	0	0	0	0	0	0	0	0	0	0	
6411	??ô???	S_PAWN	MONSTER	MELEE	118		AGGR,STONESKIN	0	DEVIL,ATT_WIND	SLOW,CURSE,TERROR	0	trent_soldier	0	115	87	60	30	193	278	30319	4	14	0	0	31934	119	110	130	100	2000	180	0	0	0	0	5	5	10	16	0	0	0	0	0	0	0	0	0	0	0	3	0	15	0	0	0	0	0	0	0	0	0	0	0	0	0	0	0	0	0	
6412	?????	S_PAWN	MONSTER	MAGIC	118		AGGR,STONESKIN	0	DEVIL,ATT_WIND	SLOW,CURSE,TERROR	0	trent_magic	0	61	114	122	30	221	266	40563	5	7	0	0	38468	106	110	110	100	2000	850	0	0	0	0	3	0	3	15	10	10	5	0	0	0	0	0	15	0	0	3	0	15	0	0	0	0	0	0	0	0	0	0	0	0	0	0	0	0	0	
6413	??????	KNIGHT	MONSTER	RANGE	119		AGGR,BERSERK	0	DEVIL,ATT_WIND	SLOW,CURSE,TERROR	0	trent_magic	0	62	93	120	30	221	278	43159	5	7	0	0	40900	117	110	110	100	2000	850	0	0	0	0	3	0	3	15	10	10	5	0	0	0	0	0	15	0	0	3	0	15	0	0	0	0	0	0	0	0	0	0	0	0	0	0	0	0	0	
6414	??????	S_KNIGHT	MONSTER	MELEE	120		AGGR,BERSERK	0	DEVIL,ATT_WIND	SLOW,CURSE,TERROR	0	trent_general	0	125	62	125	31	236	282	110570	10	14	0	0	56214	142	110	110	100	2000	100	0	0	0	0	0	0	3	15	40	40	10	10	10	10	0	0	0	0	0	4	6410	20	0	0	0	0	0	0	0	0	0	0	0	0	0	0	0	0	0	
6415	???????	KING	MONSTER	MELEE	105		AGGR	0	ATT_ELEC	STUN,SLOW,TERROR	0	blue_dragon	0	33	33	33	33	66	110	15000	5	7	0	0	1	256	110	110	100	2000	300	0	0	0	0	0	0	15	20	0	0	0	0	0	0	0	0	0	0	0	4	0	25	0	0	0	0	0	0	0	0	0	0	0	0	0	0	0	0	0	
6416	????????	KING	MONSTER	MELEE	105		AGGR	0	ICE,ATT_ICE	STUN,SLOW,TERROR	0	hanma_boss	0	33	33	33	33	66	110	15000	5	7	0	0	1	256	110	110	100	2000	300	0	0	0	0	5	5	10	15	0	0	0	0	0	0	0	0	0	0	0	4	0	25	0	0	0	0	0	0	0	0	0	0	0	0	0	0	0	0	0	
6417	???????õ	KING	MONSTER	MELEE	105		AGGR	0	FIRE,ATT_FIRE	STUN,SLOW,TERROR	0	yamachun	0	33	33	33	33	66	110	15000	5	7	0	0	1	256	110	110	100	2000	300	0	0	0	0	5	5	10	15	0	0	0	0	0	0	0	0	0	0	0	4	0	25	0	0	0	0	0	0	0	0	0	0	0	0	0	0	0	0	0	
6418	????????	BOSS	MONSTER	MELEE	105		AGGR	0	ORC,ATT_EARTH	STUN,SLOW,TERROR	0	thunder_boss	0	33	33	33	33	66	110	15000	5	7	0	0	1	256	110	110	100	2000	300	0	0	0	0	5	5	10	15	0	0	0	0	0	0	0	0	0	0	0	4	0	25	0	0	0	0	0	0	0	0	0	0	0	0	0	0	0	0	0	
6419	??????	KING	MONSTER	MELEE	105		AGGR	0	FIRE,ATT_FIRE	STUN,SLOW,TERROR	0	fire_dragon	0	133	66	133	33	346	470	15000	5	7	0	0	1	256	110	110	100	2000	300	0	0	0	0	5	5	10	15	0	0	0	0	0	0	0	0	0	0	0	4	0	25	0	0	0	0	0	0	0	0	0	0	0	0	0	0	0	0	0	
6420	??????????	KING	MONSTER	MELEE	115		AGGR	0	DEVIL,ATT_ELEC	STUN,SLOW,TERROR	0	ten_warrior_monster	0	33	33	33	33	66	110	15000	5	7	0	0	1	256	110	110	100	2000	300	0	0	0	0	5	5	10	15	0	0	0	0	0	0	0	0	0	0	0	4	0	25	0	0	0	0	0	0	0	0	0	0	0	0	0	0	0	0	0	
7001	?????? ????	S_PAWN	MONSTER	MELEE	52		AGGR	0	ANIMAL		0	monkey	0	60	80	40	20	95	116	3370	3	5	463	1205	2000	69	90	100	100	2000	100	0	0	0	10	0	0	0	2	15	15	15	15	15	0	-30	0	0	0	1	1	0	0	16764879	0	0	0	0	0	0	0	0	0	0	0	0	0	0	0	0	
7002	??? ????	S_PAWN	MONSTER	MELEE	53		AGGR,NOMOVE	0	ANIMAL		0	monkey	0	61	81	40	20	87	131	4330	7	5	463	1205	2000	75	100	100	100	2000	150	0	0	0	10	0	0	0	2	15	15	15	15	15	0	-30	0	0	0	1	1	0	0	16764879	0	0	0	0	0	0	0	0	0	0	0	0	0	0	0	0	
7003	??? ????	S_PAWN	MONSTER	MELEE	54		AGGR	0	ANIMAL		0	monkey	0	61	81	41	20	79	147	6172	12	10	463	1205	2000	78	110	100	100	2000	150	0	0	0	15	0	0	0	2	15	15	15	15	15	0	-30	0	0	0	1	1	0	0	16764879	0	0	0	0	0	0	0	0	0	0	0	0	0	0	0	0	
7004	??? ???	KNIGHT	MONSTER	MELEE	54		AGGR	0	ANIMAL	STUN,SLOW	0	monkey	0	62	82	41	20	107	131	10627	7	10	463	1205	2000	69	110	100	100	2000	150	0	0	0	15	0	0	0	2	15	15	15	15	15	0	-30	0	0	0	1	1	0	0	16764879	0	0	0	0	0	0	0	0	0	0	0	0	0	0	0	0	
7005	??? ????	KNIGHT	MONSTER	MELEE	55		AGGR	0	ANIMAL	STUN,SLOW	0	monkey	0	83	41	62	21	108	132	10969	7	10	463	1205	2000	75	90	100	100	2000	150	0	0	0	20	0	0	0	2	15	15	15	15	15	0	-30	0	0	0	1	1	0	0	16764879	0	0	0	0	0	0	0	0	0	0	0	0	0	0	0	0	
7006	??? ????	KNIGHT	MONSTER	MELEE	56		AGGR	0	ANIMAL	STUN,SLOW	0	monkey	0	84	63	42	21	109	133	11315	7	10	463	1205	2000	78	80	100	100	2000	150	0	0	0	20	0	0	0	2	15	15	15	15	15	0	-30	0	0	0	1	1	0	0	16764879	0	0	0	0	0	0	0	0	0	0	0	0	0	0	0	0	
7007	??? ?????	S_KNIGHT	MONSTER	MELEE	56		AGGR	0	ANIMAL	STUN,SLOW	0	monkey	0	99	97	42	21	119	146	22630	15	15	463	1205	2000	69	70	100	100	2000	150	0	0	0	20	0	0	0	2	40	40	40	40	40	0	-30	0	0	0	1	1	0	0	16764879	0	0	0	0	0	0	0	0	0	0	0	0	0	0	0	0	
7008	??????	S_PAWN	MONSTER	MELEE	52		AGGR	0	ORC,ATT_EARTH		0	nersluck_1	0	85	43	65	22	112	208	37814	10	7	463	1205	2000	75	110	110	100	2000	150	0	0	0	0	0	0	5	5	15	15	15	15	15	0	0	0	0	0	0	1	0	0	16764879	0	0	0	0	0	0	0	0	0	0	0	0	0	0	0	0	
7009	?????????	S_KNIGHT	MONSTER	MELEE	53		AGGR	0	ORC,ATT_EARTH		0	nersluck_2	0	85	43	65	22	140	172	60733	6	10	463	1205	2000	69	110	100	100	2000	150	0	0	0	0	0	0	10	5	15	15	15	15	15	0	0	0	0	0	0	2	0	0	16764879	0	0	0	0	0	0	0	0	0	0	0	0	0	0	0	0	
7010	?????????	S_PAWN	MONSTER	MELEE	54		AGGR	0	ORC,ATT_EARTH		0	nersluck_3	0	85	43	65	22	112	208	66632	10	7	463	1205	2000	75	80	100	100	2000	150	0	0	0	0	0	0	0	5	15	15	15	15	15	0	0	0	0	0	0	1	0	0	16764879	0	0	0	0	0	0	0	0	0	0	0	0	0	0	0	0	
7012	??????	S_PAWN	MONSTER	MELEE	52		AGGR	0	DESERT		0	evil_eye	0	60	80	40	20	95	116	2457	3	5	463	1205	2000	78	110	100	100	2000	150	0	0	0	0	0	3	0	5	15	15	15	15	15	50	10	20	0	0	0	1	0	0	16764879	0	0	0	0	0	0	0	0	0	0	0	0	0	0	0	0	
7013	????	S_PAWN	MONSTER	MELEE	53		AGGR	0	DESERT		0	giant_scorpion	0	61	81	40	20	87	131	2651	3	5	463	1205	2000	69	110	80	100	2000	150	0	0	0	0	0	0	0	5	15	15	15	15	15	50	10	20	0	0	0	1	0	0	16764879	0	0	0	0	0	0	0	0	0	0	0	0	0	0	0	0	
7014	????	KNIGHT	MONSTER	MELEE	54		AGGR	0	DESERT	POISON	0	scorpionman_sword	0	61	81	41	20	79	147	4226	12	10	463	1205	2000	75	120	120	100	2000	150	0	0	0	0	5	0	0	5	15	15	15	15	15	50	10	20	0	0	0	1	0	0	16764879	0	0	0	0	0	0	0	0	0	0	0	0	0	0	0	0	
7015	????	S_PAWN	MONSTER	RANGE	54		AGGR	0	DESERT	POISON	0	scorpionman_bow	0	62	82	41	20	107	131	2455	7	5	463	1205	2000	78	70	70	100	2000	850	0	0	0	0	5	0	5	5	15	15	15	15	15	5	10	20	0	0	0	1	0	0	16764879	0	0	0	0	0	0	0	0	0	0	0	0	0	0	0	0	
7016	??????	KNIGHT	MONSTER	MELEE	55		AGGR	0	DESERT	POISON	0	snakeman_sword	0	83	41	62	21	108	132	4834	12	10	463	1205	2000	69	120	110	100	2000	150	0	0	0	0	5	0	0	5	15	15	15	15	15	10	10	20	0	0	0	1	0	0	16764879	0	0	0	0	0	0	0	0	0	0	0	0	0	0	0	0	
7017	??????	KNIGHT	MONSTER	RANGE	56		AGGR	0	DESERT	POISON	0	snakeman_bow	0	84	63	42	21	109	133	3726	7	5	463	1205	2000	75	70	110	100	2000	850	0	0	0	0	5	0	0	5	15	15	15	15	15	5	10	20	0	0	0	1	0	0	16764879	0	0	0	0	0	0	0	0	0	0	0	0	0	0	0	0	
7018	??????	S_KNIGHT	MONSTER	MELEE	56		AGGR	0	DESERT		0	outlaw	0	99	97	42	21	119	146	9122	7	10	463	1205	2000	78	110	120	100	2000	150	0	0	0	0	0	0	5	5	15	15	15	15	15	0	10	20	0	0	0	2	0	0	16764879	0	0	0	0	0	0	0	0	0	0	0	0	0	0	0	0	
7019	??????????	S_PAWN	MONSTER	MELEE	59		AGGR	0	FIRE,ATT_FIRE		0	fire_tiger	0	85	43	65	22	130	159	6660	6	10	1000	2000	2000	69	110	130	100	2000	150	0	0	0	0	0	0	15	20	15	15	15	15	15	50	90	0	0	0	0	1	0	0	16764879	0	0	0	0	0	0	0	0	0	0	0	0	0	0	0	0	
7020	??	S_PAWN	MONSTER	MAGIC	59		AGGR,NOMOVE	0	FIRE,ATT_FIRE		0	fire_ghost	0	85	43	65	22	132	161	6660	10	7	1000	2000	2000	75	110	130	100	2000	850	0	0	0	0	0	0	15	20	15	15	15	15	15	5	90	0	0	0	0	1	0	0	16764879	0	0	0	0	0	0	0	0	0	0	0	0	0	0	0	0	
7021	??????	KNIGHT	MONSTER	MELEE	60		AGGR	0	FIRE,ATT_FIRE		0	fire_tiger_boss	0	85	43	65	22	119	178	9110	10	10	1000	2000	2000	78	110	130	100	2000	150	0	0	0	0	0	0	15	20	15	15	15	15	15	10	90	0	0	0	0	1	0	0	16764879	0	0	0	0	0	0	0	0	0	0	0	0	0	0	0	0	
7022	?????	KNIGHT	MONSTER	POWER	61		AGGR	0	FIRE,ATT_FIRE	CURSE	0	fire_man	0	85	43	65	22	105	195	9338	6	10	1000	2000	2000	69	110	130	100	2000	150	0	0	0	0	0	0	15	20	15	15	15	15	15	5	90	0	0	0	0	1	0	0	16764879	0	0	0	0	0	0	0	0	0	0	0	0	0	0	0	0	
7023	??????	S_KNIGHT	MONSTER	POWER	62		AGGR	0	FIRE,ATT_FIRE	SLOW,CURSE	0	fire_knight	0	85	43	65	22	106	198	14951	10	7	1000	2000	2000	75	110	130	100	2000	150	0	0	0	0	0	0	15	20	15	15	15	15	15	0	90	0	0	0	0	2	0	0	16764879	0	0	0	0	0	0	0	0	0	0	0	0	0	0	0	0	
7024	?????	S_PAWN	MONSTER	MAGIC	64		AGGR,NOMOVE	0	ATT_EARTH		0	ent_trent	0	75	57	50	10	128	193	2158	10	10	1000	2000	2000	78	110	130	100	2000	900	0	0	0	3	0	0	15	20	15	15	15	15	15	50	0	0	50	0	0	1	0	15	16764879	0	0	0	0	0	0	0	0	0	0	0	0	0	0	0	0	
7025	????????	KNIGHT	MONSTER	MELEE	66		AGGR	0	ATT_EARTH		0	ent_guru	0	92	42	65	10	148	181	4219	6	10	1000	2000	2000	69	130	130	100	2000	150	0	0	0	0	0	0	15	20	15	15	15	15	15	5	0	0	25	0	0	1	0	15	16764879	0	0	0	0	0	0	0	0	0	0	0	0	0	0	0	0	
7026	?????	KNIGHT	MONSTER	MAGIC	67		AGGR	0	ATT_EARTH		0	ent_hu	0	86	55	65	10	133	200	3419	6	10	1000	2000	2000	69	110	170	100	2000	650	0	0	0	0	10	0	5	15	15	15	15	15	15	10	0	0	30	0	0	1	0	20	16764879	0	0	0	0	0	0	0	0	0	0	0	0	0	0	0	0	
7027	????????	S_KNIGHT	MONSTER	MELEE	70		AGGR	0	ATT_EARTH	SLOW,CURSE	0	ent_red	0	89	49	77	10	120	224	6935	10	7	1000	2000	2000	75	125	150	100	2000	150	0	0	0	0	0	0	15	20	15	15	15	15	15	5	0	0	35	0	0	2	0	25	16764879	0	0	0	0	0	0	0	0	0	0	0	0	0	0	0	0	
7028	???????	S_KNIGHT	MONSTER	MELEE	72		AGGR	0	ATT_EARTH	SLOW,CURSE	0	ent_black	0	94	75	75	10	123	229	7106	10	10	1000	2000	2000	78	125	150	100	2000	150	0	0	0	0	3	0	15	20	15	15	15	15	15	0	0	0	40	0	0	2	0	25	16764879	0	0	0	0	0	0	0	0	0	0	0	0	0	0	0	0	
7029	..	S_PAWN	MONSTER	MAGIC	35			0	ICE,ATT_ICE		0	ice_snow_monster	0	35	23	42	12	59	110	1389	5	7	156	234	1184	41	90	100	100	2000	850	30048	0	0	10	0	0	0	2	15	15	15	15	15	0	-30	0	0	0	1	1	0	0	0	0	0	0	0	0	0	0	0	0	0	0	0	0	0	0	0	
7030	......	S_PAWN	MONSTER	MELEE	31			0	ICE,ATT_ICE		0	ice_snow_whale	0	37	25	49	12	55	101	1571	10	9	528	792	1750	37	100	100	100	2000	150	30049	0	0	10	0	0	0	2	15	15	15	15	15	0	-30	0	0	0	1	1	0	0	0	0	0	0	0	0	0	0	0	0	0	0	0	0	0	0	0	
7031	..	S_PAWN	MONSTER	MELEE	33			0	ICE,ATT_ICE		0	ice_snow_insect	0	37	49	25	12	73	89	1733	10	9	560	840	1862	39	110	100	100	2000	150	30088	0	0	15	0	0	0	2	15	15	15	15	15	0	-30	0	0	0	1	1	0	0	0	0	0	0	0	0	0	0	0	0	0	0	0	0	0	0	0	
7032	..	KNIGHT	MONSTER	MELEE	35			0	ICE,ATT_ICE	STUN,SLOW	0	ice_snow_dog	0	38	25	50	13	59	110	1852	10	9	592	888	1974	41	110	100	100	2000	150	30014	0	0	15	0	0	0	2	15	15	15	15	15	0	-30	0	0	0	1	2	0	0	0	0	0	0	0	0	0	0	0	0	0	0	0	0	0	0	0	
7033	..	KNIGHT	MONSTER	MELEE	36			0	ICE,ATT_ICE	STUN,SLOW	0	ice_snow_man	0	38	50	25	13	78	95	3010	5	9	608	912	4060	42	90	100	100	2000	150	30089	0	0	20	0	0	0	2	15	15	15	15	15	0	-30	0	0	0	1	2	0	0	0	0	0	0	0	0	0	0	0	0	0	0	0	0	0	0	0	
7034	...	KNIGHT	MONSTER	MELEE	38			0	ICE,ATT_ICE	STUN,SLOW	0	ice_snow_giant_man	0	26	39	51	13	63	117	3249	5	9	640	960	4284	44	80	100	100	2000	150	30090	0	0	20	0	0	0	2	15	15	15	15	15	0	-30	0	0	0	1	2	0	0	0	0	0	0	0	0	0	0	0	0	0	0	0	0	0	0	0	
7035	....	S_KNIGHT	MONSTER	MELEE	40			0	ICE,ATT_ICE	STUN,SLOW	0	ice_snow_golem	0	51	26	39	13	66	122	3500	5	9	672	1008	4508	46	70	100	100	2000	150	30050	0	0	20	0	0	0	2	40	40	40	40	40	0	-30	0	0	0	1	2	0	0	0	0	0	0	0	0	0	0	0	0	0	0	0	0	0	0	0	
7036	..	S_PAWN	MONSTER	MAGIC	52			0	ICE,ATT_ICE		0	ice_snow_monster	0	67	50	34	17	106	130	1906	7	2	168	253	1045	59	90	100	100	2000	850	30048	0	0	10	0	0	0	2	15	15	15	15	15	0	-30	0	0	0	1	1	0	0	0	0	0	0	0	0	0	0	0	0	0	0	0	0	0	0	0	
7037	......	S_PAWN	MONSTER	MELEE	53			0	ICE,ATT_ICE		0	ice_snow_whale	0	68	50	34	17	107	144	2360	7	2	273	410	1278	60	100	100	100	2000	150	30049	0	0	10	0	0	0	2	15	15	15	15	15	0	-30	0	0	0	1	1	0	0	0	0	0	0	0	0	0	0	0	0	0	0	0	0	0	0	0	
7038	..	S_PAWN	MONSTER	MELEE	54			0	ICE,ATT_ICE		0	ice_snow_insect	0	69	52	35	17	109	134	2433	7	2	278	417	1302	62	110	100	100	2000	150	30088	0	0	15	0	0	0	2	15	15	15	15	15	0	-30	0	0	0	1	1	0	0	0	0	0	0	0	0	0	0	0	0	0	0	0	0	0	0	0	
7039	..	KNIGHT	MONSTER	MELEE	54			0	ICE,ATT_ICE	STUN,SLOW	0	ice_snow_dog	0	69	52	35	17	110	146	3244	12	7	382	573	2170	62	110	100	100	2000	150	30014	0	0	15	0	0	0	2	15	15	15	15	15	0	-30	0	0	0	1	2	0	0	0	0	0	0	0	0	0	0	0	0	0	0	0	0	0	0	0	
7040	..	KNIGHT	MONSTER	MELEE	55			0	ICE,ATT_ICE	STUN,SLOW	0	ice_snow_man	0	71	53	35	18	112	161	2508	7	2	283	424	1326	63	90	100	100	2000	150	30089	0	0	20	0	0	0	2	15	15	15	15	15	0	-30	0	0	0	1	2	0	0	0	0	0	0	0	0	0	0	0	0	0	0	0	0	0	0	0	
7041	...	KNIGHT	MONSTER	MELEE	56			0	ICE,ATT_ICE	STUN,SLOW	0	ice_snow_giant_man	0	72	54	36	18	113	138	5382	7	7	482	723	4500	64	80	100	100	2000	150	30090	0	0	20	0	0	0	2	15	15	15	15	15	0	-30	0	0	0	1	2	0	0	0	0	0	0	0	0	0	0	0	0	0	0	0	0	0	0	0	
7042	....	S_KNIGHT	MONSTER	MELEE	57			0	ICE,ATT_ICE	STUN,SLOW	0	ice_snow_golem	0	73	55	37	18	115	140	5542	7	7	490	735	4580	65	70	100	100	2000	150	30050	0	0	20	0	0	0	2	40	40	40	40	40	0	-30	0	0	0	1	2	0	0	0	0	0	0	0	0	0	0	0	0	0	0	0	0	0	0	0	
7043	..	S_PAWN	MONSTER	MAGIC	81			0	ICE,ATT_ICE		0	ice_snow_monster	0	78	104	52	20	173	320	5523	7	5	522	783	2689	70	90	100	100	2000	850	30048	0	0	10	0	0	0	2	15	15	15	15	15	0	-30	0	0	0	1	1	0	0	0	0	0	0	0	0	0	0	0	0	0	0	0	0	0	0	0	
7044	......	S_PAWN	MONSTER	MELEE	81			0	ICE,ATT_ICE		0	ice_snow_whale	0	79	105	52	20	225	275	5676	7	5	529	796	2732	71	100	100	100	2000	150	30049	0	0	10	0	0	0	2	15	15	15	15	15	0	-30	0	0	0	1	1	0	0	0	0	0	0	0	0	0	0	0	0	0	0	0	0	0	0	0	
7045	..	S_PAWN	MONSTER	MELEE	82			0	ICE,ATT_ICE		0	ice_snow_insect	0	79	105	53	20	176	329	5834	7	5	587	880	2776	72	110	100	100	2000	150	30088	0	0	15	0	0	0	2	15	15	15	15	15	0	-30	0	0	0	1	1	0	0	0	0	0	0	0	0	0	0	0	0	0	0	0	0	0	0	0	
7046	..	KNIGHT	MONSTER	MELEE	83			0	ICE,ATT_ICE	STUN,SLOW	0	ice_snow_dog	0	81	107	53	20	176	329	7778	12	10	875	1314	4626	72	110	100	100	2000	150	30014	0	0	15	0	0	0	2	15	15	15	15	15	0	-30	0	0	0	1	2	0	0	0	0	0	0	0	0	0	0	0	0	0	0	0	0	0	0	0	
7047	..	KNIGHT	MONSTER	MELEE	83			0	ICE,ATT_ICE	STUN,SLOW	0	ice_snow_man	0	108	53	81	21	230	283	7993	12	10	889	1334	4698	73	90	100	100	2000	150	30089	0	0	20	0	0	0	2	15	15	15	15	15	0	-30	0	0	0	1	2	0	0	0	0	0	0	0	0	0	0	0	0	0	0	0	0	0	0	0	
7048	...	KNIGHT	MONSTER	MELEE	84			0	ICE,ATT_ICE	STUN,SLOW	0	ice_snow_giant_man	0	109	82	55	21	182	338	8207	7	5	902	1352	4770	75	80	100	100	2000	150	30090	0	0	20	0	0	0	2	15	15	15	15	15	0	-30	0	0	0	1	2	0	0	0	0	0	0	0	0	0	0	0	0	0	0	0	0	0	0	0	
7049	....	S_KNIGHT	MONSTER	MELEE	85			0	ICE,ATT_ICE	STUN,SLOW	0	ice_snow_golem	0	129	126	55	21	182	338	12823	7	10	1148	1723	9540	75	70	100	100	2000	150	30050	0	0	20	0	0	0	2	40	40	40	40	40	0	-30	0	0	0	1	2	0	0	0	0	0	0	0	0	0	0	0	0	0	0	0	0	0	0	0	
7050	??????	S_PAWN	MONSTER	MELEE	35		AGGR	0	DESERT		0	evil_eye	0	35	23	42	12	59	110	1389	5	7	156	234	1184	41	110	100	100	2000	150	0	0	0	0	0	3	0	5	15	15	15	15	15	50	10	20	0	0	0	1	0	0	0	0	0	0	0	0	0	0	0	0	0	0	0	0	0	0	0	
7051	....	S_PAWN	MONSTER	MELEE	31		AGGR	0	DESERT		0	giant_scorpion	0	37	25	49	12	55	101	1571	10	9	528	792	1750	37	110	80	100	2000	150	0	0	0	0	0	0	0	5	15	15	15	15	15	50	10	20	0	0	0	1	0	0	0	0	0	0	0	0	0	0	0	0	0	0	0	0	0	0	0	
7052	....	KNIGHT	MONSTER	MELEE	33		AGGR	0	DESERT	POISON	0	scorpionman_sword	0	37	49	25	12	73	89	1733	10	9	560	840	1862	39	120	120	100	2000	150	0	0	0	0	5	0	0	5	15	15	15	15	15	50	10	20	0	0	0	2	0	0	0	0	0	0	0	0	0	0	0	0	0	0	0	0	0	0	0	
7053	....	S_PAWN	MONSTER	RANGE	35		AGGR	0	DESERT	POISON	0	scorpionman_bow	0	38	25	50	13	59	110	1852	10	9	592	888	1974	41	70	70	100	2000	850	0	0	0	0	5	0	5	5	15	15	15	15	15	5	10	20	0	0	0	1	0	0	0	0	0	0	0	0	0	0	0	0	0	0	0	0	0	0	0	
7054	......	KNIGHT	MONSTER	MELEE	36		AGGR	0	DESERT	POISON	0	snakeman_sword	0	38	50	25	13	78	95	3010	5	9	608	912	4060	42	120	110	100	2000	150	0	0	0	0	5	0	0	5	15	15	15	15	15	10	10	20	0	0	0	2	0	0	0	0	0	0	0	0	0	0	0	0	0	0	0	0	0	0	0	
7055	......	KNIGHT	MONSTER	RANGE	38		AGGR	0	DESERT	POISON	0	snakeman_bow	0	26	39	51	13	63	117	3249	5	9	640	960	4284	44	70	110	100	2000	850	0	0	0	0	5	0	0	5	15	15	15	15	15	5	10	20	0	0	0	2	0	0	0	0	0	0	0	0	0	0	0	0	0	0	0	0	0	0	0	
7056	......	S_KNIGHT	MONSTER	MELEE	40		AGGR	0	DESERT		0	outlaw	0	51	26	39	13	66	122	3500	5	9	672	1008	4508	46	110	120	100	2000	150	0	0	0	0	0	0	5	5	15	15	15	15	15	0	10	20	0	0	0	2	0	0	0	0	0	0	0	0	0	0	0	0	0	0	0	0	0	0	0	
7057	??????	S_PAWN	MONSTER	MELEE	52		AGGR	0	DESERT		0	evil_eye	0	67	50	34	17	106	130	1906	7	2	168	253	1045	59	110	100	100	2000	150	0	0	0	0	0	3	0	5	15	15	15	15	15	50	10	20	0	0	0	1	0	0	0	0	0	0	0	0	0	0	0	0	0	0	0	0	0	0	0	
7058	....	S_PAWN	MONSTER	MELEE	53		AGGR	0	DESERT		0	giant_scorpion	0	68	50	34	17	107	144	2360	7	2	273	410	1278	60	110	80	100	2000	150	0	0	0	0	0	0	0	5	15	15	15	15	15	50	10	20	0	0	0	1	0	0	0	0	0	0	0	0	0	0	0	0	0	0	0	0	0	0	0	
7059	....	KNIGHT	MONSTER	MELEE	54		AGGR	0	DESERT	POISON	0	scorpionman_sword	0	69	52	35	17	109	134	2433	7	2	278	417	1302	62	120	120	100	2000	150	0	0	0	0	5	0	0	5	15	15	15	15	15	50	10	20	0	0	0	2	0	0	0	0	0	0	0	0	0	0	0	0	0	0	0	0	0	0	0	
7060	....	S_PAWN	MONSTER	RANGE	54		AGGR	0	DESERT	POISON	0	scorpionman_bow	0	69	52	35	17	110	146	3244	12	7	382	573	2170	62	70	70	100	2000	850	0	0	0	0	5	0	5	5	15	15	15	15	15	5	10	20	0	0	0	1	0	0	0	0	0	0	0	0	0	0	0	0	0	0	0	0	0	0	0	
7061	......	KNIGHT	MONSTER	MELEE	55		AGGR	0	DESERT	POISON	0	snakeman_sword	0	71	53	35	18	112	161	2508	7	2	463	1205	1326	63	120	110	100	2000	150	0	0	0	0	5	0	0	5	15	15	15	15	15	10	10	20	0	0	0	2	0	0	0	0	0	0	0	0	0	0	0	0	0	0	0	0	0	0	0	
7062	......	KNIGHT	MONSTER	RANGE	56		AGGR	0	DESERT	POISON	0	snakeman_bow	0	72	54	36	18	113	138	5382	7	7	463	1205	4500	64	70	110	100	2000	850	0	0	0	0	5	0	0	5	15	15	15	15	15	5	10	20	0	0	0	2	0	0	0	0	0	0	0	0	0	0	0	0	0	0	0	0	0	0	0	
7063	......	S_KNIGHT	MONSTER	MELEE	57		AGGR	0	DESERT		0	outlaw	0	73	55	37	18	115	140	5542	7	7	463	1205	4580	65	110	120	100	2000	150	0	0	0	0	0	0	5	5	15	15	15	15	15	0	10	20	0	0	0	2	0	0	0	0	0	0	0	0	0	0	0	0	0	0	0	0	0	0	0	
7064	??????	S_PAWN	MONSTER	MELEE	81		AGGR	0	DESERT		0	evil_eye	0	78	104	52	20	173	320	5523	7	5	463	1205	2689	70	110	100	100	2000	150	0	0	0	0	0	3	0	5	15	15	15	15	15	50	10	20	0	0	0	1	0	0	0	0	0	0	0	0	0	0	0	0	0	0	0	0	0	0	0	
7065	....	S_PAWN	MONSTER	MELEE	81		AGGR	0	DESERT		0	giant_scorpion	0	79	105	52	20	225	275	5676	7	5	463	1205	2732	71	110	80	100	2000	150	0	0	0	0	0	0	0	5	15	15	15	15	15	50	10	20	0	0	0	1	0	0	0	0	0	0	0	0	0	0	0	0	0	0	0	0	0	0	0	
7066	....	KNIGHT	MONSTER	MELEE	82		AGGR	0	DESERT	POISON	0	scorpionman_sword	0	79	105	53	20	176	329	5834	7	5	463	1205	2776	72	120	120	100	2000	150	0	0	0	0	5	0	0	5	15	15	15	15	15	50	10	20	0	0	0	2	0	0	0	0	0	0	0	0	0	0	0	0	0	0	0	0	0	0	0	
7067	....	S_PAWN	MONSTER	RANGE	83		AGGR	0	DESERT	POISON	0	scorpionman_bow	0	81	107	53	20	176	329	7778	12	10	463	1205	4626	72	70	70	100	2000	850	0	0	0	0	5	0	5	5	15	15	15	15	15	5	10	20	0	0	0	1	0	0	0	0	0	0	0	0	0	0	0	0	0	0	0	0	0	0	0	
7068	......	KNIGHT	MONSTER	MELEE	83		AGGR	0	DESERT	POISON	0	snakeman_sword	0	108	53	81	21	230	283	7993	12	10	463	1205	4698	73	120	110	100	2000	150	0	0	0	0	5	0	0	5	15	15	15	15	15	10	10	20	0	0	0	2	0	0	0	0	0	0	0	0	0	0	0	0	0	0	0	0	0	0	0	
7069	......	KNIGHT	MONSTER	RANGE	84		AGGR	0	DESERT	POISON	0	snakeman_bow	0	109	82	55	21	182	338	8207	7	5	463	1205	4770	75	70	110	100	2000	850	0	0	0	0	5	0	0	5	15	15	15	15	15	5	10	20	0	0	0	2	0	0	0	0	0	0	0	0	0	0	0	0	0	0	0	0	0	0	0	
7070	......	S_KNIGHT	MONSTER	MELEE	85		AGGR	0	DESERT		0	outlaw	0	129	126	55	21	182	338	12823	7	10	463	1205	9540	75	110	120	100	2000	150	0	0	0	0	0	0	5	5	15	15	15	15	15	0	10	20	0	0	0	2	0	0	0	0	0	0	0	0	0	0	0	0	0	0	0	0	0	0	0	
7071	.....	S_PAWN	MONSTER	MELEE	33		AGGR	0	FIRE,ATT_FIRE		0	fire_tiger	0	37	49	25	12	73	89	1733	10	9	560	840	1862	39	110	130	100	2000	150	0	0	0	0	0	0	15	20	15	15	15	15	15	50	90	0	0	0	0	1	0	0	0	0	0	0	0	0	0	0	0	0	0	0	0	0	0	0	0	
7072	..	S_PAWN	MONSTER	MAGIC	35		AGGR,NOMOVE	0	FIRE,ATT_FIRE		0	fire_ghost	0	38	25	50	13	59	110	1852	10	9	592	888	1974	41	110	130	100	2000	850	0	0	0	0	0	0	15	20	15	15	15	15	15	5	90	0	0	0	0	1	0	0	0	0	0	0	0	0	0	0	0	0	0	0	0	0	0	0	0	
7073	...	KNIGHT	MONSTER	MELEE	36		AGGR	0	FIRE,ATT_FIRE		0	fire_tiger_boss	0	38	50	25	13	78	95	3010	5	9	608	912	4060	42	110	130	100	2000	150	0	0	0	0	0	0	15	20	15	15	15	15	15	10	90	0	0	0	0	2	0	0	0	0	0	0	0	0	0	0	0	0	0	0	0	0	0	0	0	
7074	...	KNIGHT	MONSTER	POWER	38		AGGR	0	FIRE,ATT_FIRE	CURSE	0	fire_man	0	26	39	51	13	63	117	3249	5	9	640	960	4284	44	110	130	100	2000	150	0	0	0	0	0	0	15	20	15	15	15	15	15	5	90	0	0	0	0	2	0	0	0	0	0	0	0	0	0	0	0	0	0	0	0	0	0	0	0	
7075	....	S_KNIGHT	MONSTER	POWER	40		AGGR	0	FIRE,ATT_FIRE	SLOW,CURSE	0	fire_knight	0	51	26	39	13	66	122	3500	5	9	672	1008	4508	46	110	130	100	2000	150	0	0	0	0	0	0	15	20	15	15	15	15	15	0	90	0	0	0	0	2	0	0	0	0	0	0	0	0	0	0	0	0	0	0	0	0	0	0	0	
7076	.....	S_PAWN	MONSTER	MELEE	54		AGGR	0	FIRE,ATT_FIRE		0	fire_tiger	0	69	52	35	17	109	134	2433	7	2	278	417	1302	62	110	130	100	2000	150	0	0	0	0	0	0	15	20	15	15	15	15	15	50	90	0	0	0	0	1	0	0	0	0	0	0	0	0	0	0	0	0	0	0	0	0	0	0	0	
7077	..	S_PAWN	MONSTER	MAGIC	54		AGGR,NOMOVE	0	FIRE,ATT_FIRE		0	fire_ghost	0	69	52	35	17	110	146	3244	12	7	382	573	2170	62	110	130	100	2000	850	0	0	0	0	0	0	15	20	15	15	15	15	15	5	90	0	0	0	0	1	0	0	0	0	0	0	0	0	0	0	0	0	0	0	0	0	0	0	0	
7078	...	KNIGHT	MONSTER	MELEE	55		AGGR	0	FIRE,ATT_FIRE		0	fire_tiger_boss	0	71	53	35	18	112	161	2508	7	2	283	424	1326	63	110	130	100	2000	150	0	0	0	0	0	0	15	20	15	15	15	15	15	10	90	0	0	0	0	2	0	0	0	0	0	0	0	0	0	0	0	0	0	0	0	0	0	0	0	
7079	...	KNIGHT	MONSTER	POWER	56		AGGR	0	FIRE,ATT_FIRE	CURSE	0	fire_man	0	72	54	36	18	113	138	5382	7	7	482	723	4500	64	110	130	100	2000	150	0	0	0	0	0	0	15	20	15	15	15	15	15	5	90	0	0	0	0	2	0	0	0	0	0	0	0	0	0	0	0	0	0	0	0	0	0	0	0	
7080	....	S_KNIGHT	MONSTER	POWER	57		AGGR	0	FIRE,ATT_FIRE	SLOW,CURSE	0	fire_knight	0	73	55	37	18	115	140	5542	7	7	490	735	4580	65	110	130	100	2000	150	0	0	0	0	0	0	15	20	15	15	15	15	15	0	90	0	0	0	0	2	0	0	0	0	0	0	0	0	0	0	0	0	0	0	0	0	0	0	0	
7081	.....	S_PAWN	MONSTER	MELEE	82		AGGR	0	FIRE,ATT_FIRE		0	fire_tiger	0	79	105	53	20	176	329	5834	7	5	587	880	2776	72	110	130	100	2000	150	0	0	0	0	0	0	15	20	15	15	15	15	15	50	90	0	0	0	0	1	0	0	0	0	0	0	0	0	0	0	0	0	0	0	0	0	0	0	0	
7082	..	S_PAWN	MONSTER	MAGIC	83		AGGR,NOMOVE	0	FIRE,ATT_FIRE		0	fire_ghost	0	81	107	53	20	176	329	7778	12	10	875	1314	4626	72	110	130	100	2000	850	0	0	0	0	0	0	15	20	15	15	15	15	15	5	90	0	0	0	0	1	0	0	0	0	0	0	0	0	0	0	0	0	0	0	0	0	0	0	0	
7083	...	KNIGHT	MONSTER	MELEE	83		AGGR	0	FIRE,ATT_FIRE		0	fire_tiger_boss	0	108	53	81	21	230	283	7993	12	10	889	1334	4698	73	110	130	100	2000	150	0	0	0	0	0	0	15	20	15	15	15	15	15	10	90	0	0	0	0	2	0	0	0	0	0	0	0	0	0	0	0	0	0	0	0	0	0	0	0	
7084	...	KNIGHT	MONSTER	POWER	84		AGGR	0	FIRE,ATT_FIRE	CURSE	0	fire_man	0	109	82	55	21	182	338	8207	7	5	902	1352	4770	75	110	130	100	2000	150	0	0	0	0	0	0	15	20	15	15	15	15	15	5	90	0	0	0	0	2	0	0	0	0	0	0	0	0	0	0	0	0	0	0	0	0	0	0	0	
7085	....	S_KNIGHT	MONSTER	POWER	85		AGGR	0	FIRE,ATT_FIRE	SLOW,CURSE	0	fire_knight	0	129	126	55	21	182	338	12823	7	10	1148	1723	9540	75	110	130	100	2000	150	0	0	0	0	0	0	15	20	15	15	15	15	15	0	90	0	0	0	0	2	0	0	0	0	0	0	0	0	0	0	0	0	0	0	0	0	0	0	0	
7086	....	PAWN	MONSTER	MELEE	35			0	ATT_EARTH		0	ent_guru	0	38	25	50	13	59	110	1852	10	9	592	888	1974	41	130	100	100	2000	150	0	0	0	0	0	0	5	5	-5	-15	0	5	5	5	0	0	15	0	0	1	0	5	0	0	0	0	0	0	0	0	0	0	0	0	0	0	0	0	0	
7087	???	S_PAWN	MONSTER	MAGIC	36			0	ATT_EARTH		0	ent_hu	0	38	50	25	13	78	95	3010	5	9	608	912	4060	42	110	100	100	2000	650	0	0	0	0	10	0	0	0	10	10	5	-10	-10	10	0	0	10	0	0	1	0	10	0	0	0	0	0	0	0	0	0	0	0	0	0	0	0	0	0	
7088	....	S_PAWN	MONSTER	MELEE	38			0	ATT_EARTH		0	ent_red	0	26	39	51	13	63	117	3249	5	9	640	960	4284	44	125	100	100	2000	150	0	0	0	0	0	0	5	5	-5	-15	-5	5	5	5	0	0	15	0	0	1	0	15	0	0	0	0	0	0	0	0	0	0	0	0	0	0	0	0	0	
7089	...	KNIGHT	MONSTER	MELEE	40		AGGR	0	ATT_EARTH	SLOW,CURSE	0	ent_black	0	51	26	39	13	66	122	3500	5	9	672	1008	4508	46	125	100	100	2000	150	0	0	0	0	3	0	5	10	10	0	10	15	15	0	0	0	20	0	0	1	0	15	0	0	0	0	0	0	0	0	0	0	0	0	0	0	0	0	0	
7090	....	PAWN	MONSTER	MELEE	54			0	ATT_EARTH		0	ent_guru	0	69	52	35	17	110	146	3244	12	7	382	573	2170	62	130	100	100	2000	150	0	0	0	0	0	0	5	5	-5	-15	0	5	5	5	0	0	15	0	0	1	0	5	0	0	0	0	0	0	0	0	0	0	0	0	0	0	0	0	0	
7091	???	S_PAWN	MONSTER	MAGIC	55			0	ATT_EARTH		0	ent_hu	0	71	53	35	18	112	161	2508	7	2	283	424	1326	63	110	100	100	2000	650	0	0	0	0	10	0	0	0	10	10	5	-10	-10	10	0	0	10	0	0	1	0	10	0	0	0	0	0	0	0	0	0	0	0	0	0	0	0	0	0	
7092	....	S_PAWN	MONSTER	MELEE	56			0	ATT_EARTH		0	ent_red	0	72	54	36	18	113	138	5382	7	7	482	723	4500	64	125	100	100	2000	150	0	0	0	0	0	0	5	5	-5	-15	-5	5	5	5	0	0	15	0	0	1	0	15	0	0	0	0	0	0	0	0	0	0	0	0	0	0	0	0	0	
7093	...	KNIGHT	MONSTER	MELEE	57		AGGR	0	ATT_EARTH	SLOW,CURSE	0	ent_black	0	73	55	37	18	115	140	5542	7	7	490	735	4580	65	125	100	100	2000	150	0	0	0	0	3	0	5	10	10	0	10	15	15	0	0	0	20	0	0	1	0	15	0	0	0	0	0	0	0	0	0	0	0	0	0	0	0	0	0	
7094	....	PAWN	MONSTER	MELEE	83			0	ATT_EARTH		0	ent_guru	0	81	107	53	20	176	329	7778	12	10	875	1314	4626	72	130	100	100	2000	150	0	0	0	0	0	0	5	5	-5	-15	0	5	5	5	0	0	15	0	0	1	0	5	0	0	0	0	0	0	0	0	0	0	0	0	0	0	0	0	0	
7095	???	S_PAWN	MONSTER	MAGIC	83			0	ATT_EARTH		0	ent_hu	0	108	53	81	21	230	283	7993	12	10	889	1334	4698	73	110	100	100	2000	650	0	0	0	0	10	0	0	0	10	10	5	-10	-10	10	0	0	10	0	0	1	0	10	0	0	0	0	0	0	0	0	0	0	0	0	0	0	0	0	0	
7096	....	S_PAWN	MONSTER	MELEE	84			0	ATT_EARTH		0	ent_red	0	109	82	55	21	182	338	8207	7	5	902	1352	4770	75	125	100	100	2000	150	0	0	0	0	0	0	5	5	-5	-15	-5	5	5	5	0	0	15	0	0	1	0	15	0	0	0	0	0	0	0	0	0	0	0	0	0	0	0	0	0	
7101	û??????	KNIGHT	MONSTER	MELEE	100		NOMOVE	0		STUN,SLOW,TERROR	0	guild_target_daepo	0	0	0	90	0	0	0	200000	10	1	0	0	100000	100	101	101	0	2000	150	0	0	0	0	0	0	0	0	-30	-30	-30	-30	-30	-30	0	0	-15	0	0	0	0	0	0	0	0	0	0	0	0	0	0	0	0	0	0	0	0	0	0	
7102	û??????	KNIGHT	MONSTER	MELEE	100		NOMOVE	0		STUN,SLOW,TERROR	0	guild_target_daepo	0	0	0	90	0	0	0	200000	10	3	463	1205	100000	100	101	101	0	2000	150	0	0	0	0	0	0	0	0	-30	-30	-30	-30	-30	-30	0	0	-15	0	0	0	0	0	0	0	0	0	0	0	0	0	0	0	0	0	0	0	0	0	0	
7103	?????	KNIGHT	MONSTER	MELEE	100		NOMOVE	0		STUN,SLOW,TERROR	0	guild_target_hwacha	0	0	0	90	0	0	0	200000	20	1	0	0	100000	150	101	101	0	2000	150	0	0	0	0	0	0	0	0	-30	-30	-30	-30	-30	-30	0	0	-15	0	0	0	0	0	0	0	0	0	0	0	0	0	0	0	0	0	0	0	0	0	0	
7104	?????	KNIGHT	MONSTER	MELEE	100		NOMOVE	0		STUN,SLOW,TERROR	0	guild_target_hwacha	0	0	0	90	0	0	0	200000	20	3	0	0	100000	150	101	101	0	2000	150	0	0	0	0	0	0	0	0	-30	-30	-30	-30	-30	-30	0	0	-15	0	0	0	0	0	0	0	0	0	0	0	0	0	0	0	0	0	0	0	0	0	0	
7105	?????ž	KNIGHT	MONSTER	MELEE	100		NOMOVE	0		STUN,SLOW,TERROR	0	guild_target_bonghwa	0	0	0	90	0	0	0	300000	20	1	0	0	100000	150	101	101	0	2000	150	0	0	0	0	0	0	0	0	-30	-30	-30	-30	-30	-30	0	0	-15	0	0	0	0	0	0	0	0	0	0	0	0	0	0	0	0	0	0	0	0	0	0	
7106	??????	KNIGHT	MONSTER	MELEE	100		NOMOVE	0		STUN,SLOW,TERROR	0		0	0	0	90	0	0	0	300000	20	1	0	0	100000	150	101	101	0	2000	150	0	0	0	0	0	0	0	0	-30	-30	-30	-30	-30	-30	0	0	-15	0	0	0	0	0	0	0	0	0	0	0	0	0	0	0	0	0	0	0	0	0	0	
7107	??????	KING	STONE	SPECIAL	85		NOMOVE	0		STUN,SLOW,TERROR	0		0	0	0	78	0	0	0	330000	5	1	0	0	36	73	7122	7122	0	2000	150	0	0	0	0	0	0	0	0	0	0	0	0	0	0	0	0	0	0	100	0	0	0	0	0	0	0	0	0	0	0	0	0	0	0	0	0	0	0	0	
7108	??????	KING	STONE	SPECIAL	85		NOMOVE	0		STUN,SLOW,TERROR	0		0	0	0	78	0	0	0	330000	5	1	0	0	36	73	7122	7122	0	2000	150	0	0	0	0	0	0	0	0	0	0	0	0	0	0	0	0	0	0	100	0	0	0	0	0	0	0	0	0	0	0	0	0	0	0	0	0	0	0	0	
7109	??????	KING	STONE	SPECIAL	85		NOMOVE	0		STUN,SLOW,TERROR	0		0	0	0	78	0	0	0	330000	5	1	0	0	36	73	7117	7117	0	2000	150	0	0	0	0	0	0	0	0	0	0	0	0	0	0	0	0	0	0	100	0	0	0	0	0	0	0	0	0	0	0	0	0	0	0	0	0	0	0	0	
7110	??????	KING	STONE	SPECIAL	85		NOMOVE	0		STUN,SLOW,TERROR	0		0	0	0	78	0	0	0	330000	5	1	0	0	36	73	7117	7117	0	2000	150	0	0	0	0	0	0	0	0	0	0	0	0	0	0	0	0	0	0	100	0	0	0	0	0	0	0	0	0	0	0	0	0	0	0	0	0	0	0	0	
7111	??????	KING	STONE	SPECIAL	85		NOMOVE	0		STUN,SLOW,TERROR	0		0	0	0	78	0	0	0	330000	5	1	0	0	36	73	7117	7117	0	2000	150	0	0	0	0	0	0	0	0	0	0	0	0	0	0	0	0	0	0	100	0	0	0	0	0	0	0	0	0	0	0	0	0	0	0	0	0	0	0	0	
7112	??????	KING	STONE	SPECIAL	85		NOMOVE	0		STUN,SLOW,TERROR	0		0	0	0	78	0	0	0	330000	5	1	0	0	36	73	7117	7117	0	2000	150	0	0	0	0	0	0	0	0	0	0	0	0	0	0	0	0	0	0	100	0	0	0	0	0	0	0	0	0	0	0	0	0	0	0	0	0	0	0	0	
7113	?????????1	S_PAWN	MONSTER	MAGIC	72		AGGR	0			0	monkey	0	60	80	40	20	95	116	15616	3	5	0	0	2000	79	90	100	100	2000	850	0	0	0	10	0	0	0	2	15	15	15	15	15	0	-30	0	0	0	1	1	0	0	16764879	0	0	0	0	0	0	0	0	0	0	0	0	0	0	0	0	
7114	?????????2	S_PAWN	MONSTER	MELEE	73		AGGR,NOMOVE	0			0	monkey	0	61	81	40	20	87	131	17217	7	5	0	0	2000	85	100	100	100	2000	150	0	0	0	10	0	0	0	2	15	15	15	15	15	0	-30	0	0	0	1	1	0	0	16764879	0	0	0	0	0	0	0	0	0	0	0	0	0	0	0	0	
7115	?????????3	S_PAWN	MONSTER	MELEE	74		AGGR	0			0	monkey	0	61	81	41	20	79	147	20287	12	10	0	0	2000	88	110	100	100	2000	150	0	0	0	15	0	0	0	2	15	15	15	15	15	0	-30	0	0	0	1	1	0	0	16764879	0	0	0	0	0	0	0	0	0	0	0	0	0	0	0	0	
7116	?????????4	KNIGHT	MONSTER	MELEE	74		AGGR	0		STUN,SLOW	0	monkey	0	62	82	41	20	107	131	27712	7	10	0	0	2000	79	110	100	100	2000	150	0	0	0	15	0	0	0	2	15	15	15	15	15	0	-30	0	0	0	1	2	0	0	16764879	0	0	0	0	0	0	0	0	0	0	0	0	0	0	0	0	
7117	?????????	KNIGHT	MONSTER	MELEE	75		AGGR	0		STUN,SLOW	0	monkey	0	83	41	62	21	108	132	28282	7	10	463	1205	2000	85	90	100	100	2000	150	0	0	0	20	0	0	0	2	15	15	15	15	15	0	-30	0	0	0	1	2	0	0	16764879	0	0	0	0	0	0	0	0	0	0	0	0	0	0	0	0	
7118	?????????1	KNIGHT	MONSTER	MELEE	76		AGGR	0		STUN,SLOW	0	monkey	0	84	63	42	21	109	133	28858	7	10	463	1205	2000	88	80	100	100	2000	150	0	0	0	20	0	0	0	2	15	15	15	15	15	0	-30	0	0	0	1	2	0	0	16764879	0	0	0	0	0	0	0	0	0	0	0	0	0	0	0	0	
7119	?????????2	S_KNIGHT	MONSTER	MELEE	76		AGGR	0		STUN,SLOW	0	monkey	0	99	97	42	21	119	146	47716	15	15	463	1205	2000	79	70	100	100	2000	150	0	0	0	20	0	0	0	2	40	40	40	40	40	0	-30	0	0	0	1	2	0	0	16764879	0	0	0	0	0	0	0	0	0	0	0	0	0	0	0	0	
7120	????????	S_PAWN	MONSTER	MELEE	72		AGGR	0			0	nersluck_1	0	85	43	65	22	112	208	73024	10	7	463	1205	2000	85	110	110	100	2000	150	0	0	0	0	0	0	5	5	15	15	15	15	15	0	0	0	0	0	0	1	0	0	16764879	0	0	0	0	0	0	0	0	0	0	0	0	0	0	0	0	
7121	ö????????1	S_KNIGHT	MONSTER	MELEE	73		AGGR	0			0	nersluck_2	0	85	43	65	22	140	172	111222	6	10	463	1205	2000	79	110	100	100	2000	150	0	0	0	0	0	0	10	5	15	15	15	15	15	0	0	0	0	0	0	1	0	0	16764879	0	0	0	0	0	0	0	0	0	0	0	0	0	0	0	0	
7122	ö????????2	S_PAWN	MONSTER	MELEE	74		AGGR	0			0	nersluck_3	0	85	43	65	22	112	208	121053	10	7	463	1205	2000	85	80	100	100	2000	150	0	0	0	0	0	0	0	5	15	15	15	15	15	0	0	0	0	0	0	1	0	0	16764879	0	0	0	0	0	0	0	0	0	0	0	0	0	0	0	0	
7123	??????????	BOSS	MONSTER	MELEE	75		AGGR	0	ANIMAL,ATT_ICE	STUN,SLOW,TERROR	0	fox_ninetail	0	88	49	57	19	140	172	265680	10	10	463	1205	24080	84	100	100	0	2000	150	0	0	0	0	0	0	15	20	30	25	30	30	30	50	100	50	50	50	20	2	0	10	0	0	0	0	0	0	0	0	0	0	0	0	0	0	0	0	0	
7124	????????	BOSS	MONSTER	MELEE	85		AGGR	0	ATT_ELEC	STUN,SLOW,TERROR	0	yellow_tigerman	0	88	49	57	19	140	172	265680	10	10	463	1205	24080	84	100	100	0	2000	150	0	0	0	0	0	0	15	20	30	25	30	30	30	50	100	50	50	50	20	2	0	0	0	0	0	0	0	0	0	0	0	0	0	0	0	0	0	0	0	
8001	???	KING	STONE	SPECIAL	5		NOMOVE	0	METIN	STUN,SLOW,CURSE,TERROR	0		0	0	0	6	0	0	0	14550	5	1	463	1205	1	8	104	109	0	2000	175	0	0	0	0	0	0	0	0	0	0	0	0	0	0	0	0	0	0	100	0	0	0	0	0	0	0	0	0	0	0	0	0	0	0	0	0	0	0	0	
8002	???	KING	STONE	SPECIAL	10		NOMOVE	0		STUN,SLOW,CURSE,TERROR	0		0	0	0	12	0	0	0	23250	5	1	463	1205	3	14	110	114	0	2000	175	0	0	0	0	0	0	0	0	0	0	0	0	0	0	0	0	0	0	100	0	0	0	0	0	0	0	0	0	0	0	0	0	0	0	0	0	0	0	0	
8003	???	KING	STONE	SPECIAL	15		NOMOVE	0		STUN,SLOW,CURSE,TERROR	0		0	0	0	18	0	0	0	34050	5	1	463	1205	5	19	115	121	0	2000	175	0	0	0	0	0	0	0	0	0	0	0	0	0	0	0	0	0	0	100	0	0	0	0	0	0	0	0	0	0	0	0	0	0	0	0	0	0	0	0	
8004	???	KING	STONE	SPECIAL	20		NOMOVE	0		STUN,SLOW,CURSE,TERROR	0		0	0	0	24	0	0	0	47400	5	1	3900	8775	8	25	122	126	0	2000	175	0	0	0	0	0	0	0	0	0	0	0	0	0	0	0	0	0	0	100	0	0	0	0	0	0	0	0	0	0	0	0	0	0	0	0	0	0	0	0	
8005	???	KING	STONE	SPECIAL	25		NOMOVE	0		STUN,SLOW,CURSE,TERROR	0		0	0	0	30	0	0	0	63450	5	1	3900	8775	12	30	305	310	0	2000	175	0	0	0	0	0	0	0	0	0	0	0	0	0	0	0	0	0	0	100	0	0	0	0	0	0	0	0	0	0	0	0	0	0	0	0	0	0	0	0	
8006	???	KING	STONE	SPECIAL	30		NOMOVE	0		STUN,SLOW,CURSE,TERROR	0		0	0	0	36	0	0	0	80250	5	1	3900	8775	15	35	401	411	0	2000	175	0	0	0	0	0	0	0	0	0	0	0	0	0	0	0	0	0	0	100	0	0	0	0	0	0	0	0	0	0	0	0	0	0	0	0	0	0	0	0	
8007	???	KING	STONE	SPECIAL	35		NOMOVE	0		STUN,SLOW,CURSE,TERROR	0		0	0	0	42	0	0	0	98700	5	1	3900	8775	18	41	501	507	0	2000	175	0	0	0	0	0	0	0	0	0	0	0	0	0	0	0	0	0	0	100	0	0	0	0	0	0	0	0	0	0	0	0	0	0	0	0	0	0	0	0	
8008	???	KING	STONE	SPECIAL	40		NOMOVE	0		STUN,SLOW,CURSE,TERROR	0		0	0	0	48	0	0	0	119700	5	1	3900	8775	21	46	601	614	0	2000	175	0	0	0	0	0	0	0	0	0	0	0	0	0	0	0	0	0	0	100	0	0	0	0	0	0	0	0	0	0	0	0	0	0	0	0	0	0	0	0	
8009	???	KING	STONE	SPECIAL	45		NOMOVE	0		STUN,SLOW,CURSE,TERROR	0		0	0	0	54	0	0	0	142350	5	1	3900	8775	24	52	1301	1310	0	2000	175	0	0	0	0	0	0	0	0	0	0	0	0	0	0	0	0	0	0	100	0	0	0	0	0	0	0	0	0	0	0	0	0	0	0	0	0	0	0	0	
8010	???	KING	STONE	SPECIAL	50		NOMOVE	0		STUN,SLOW,CURSE,TERROR	0		0	0	0	60	0	0	0	167850	5	1	3900	8775	27	57	901	913	0	2000	175	0	0	0	0	0	0	0	0	0	0	0	0	0	0	0	0	0	0	100	0	0	0	0	0	0	0	0	0	0	0	0	0	0	0	0	0	0	0	0	
8011	???	KING	STONE	SPECIAL	55		NOMOVE	0		STUN,SLOW,CURSE,TERROR	0		0	0	0	66	0	0	0	195900	5	1	3900	8775	30	63	714	726	0	2000	175	0	0	0	0	0	0	0	0	0	0	0	0	0	0	0	0	0	0	100	0	0	0	0	0	0	0	0	0	0	0	0	0	0	0	0	0	0	0	0	
8012	???	KING	STONE	SPECIAL	60		NOMOVE	0		STUN,SLOW,CURSE,TERROR	0		0	0	0	72	0	0	0	226650	5	1	3900	8775	33	68	2101	2109	0	2000	175	0	0	0	0	0	0	0	0	0	0	0	0	0	0	0	0	0	0	100	0	0	0	0	0	0	0	0	0	0	0	0	0	0	0	0	0	0	0	0	
8013	???	KING	STONE	SPECIAL	65		NOMOVE	0		STUN,SLOW,CURSE,TERROR	0		0	0	0	78	0	0	0	260250	5	1	3900	8775	36	73	1101	1113	0	2000	175	0	0	0	0	0	0	0	0	0	0	0	0	0	0	0	0	0	0	100	0	0	0	0	0	0	0	0	0	0	0	0	0	0	0	0	0	0	0	0	
8014	???	KING	STONE	SPECIAL	70		NOMOVE	0		STUN,SLOW,CURSE,TERROR	0		0	0	0	91	0	0	0	296550	5	1	3900	8775	39	79	2201	2207	0	2000	175	0	0	0	0	0	0	0	0	0	0	0	0	0	0	0	0	0	0	100	0	0	0	0	0	0	0	0	0	0	0	0	0	0	0	0	0	0	0	0	
8015	???	KING	STONE	SPECIAL	50		NOMOVE	0		STUN,SLOW,CURSE,TERROR	0		0	0	0	60	0	0	0	167850	5	1	3900	8775	27	57	901	913	0	2000	175	0	0	0	0	0	0	0	0	0	0	0	0	0	0	0	0	0	0	100	0	0	0	0	0	0	0	0	0	0	0	0	0	0	0	0	0	0	0	0	
8016	???	KING	STONE	SPECIAL	55		NOMOVE	0		STUN,SLOW,CURSE,TERROR	0		0	0	0	66	0	0	0	195900	5	1	3900	8775	30	63	714	726	0	2000	175	0	0	0	0	0	0	0	0	0	0	0	0	0	0	0	0	0	0	100	0	0	0	0	0	0	0	0	0	0	0	0	0	0	0	0	0	0	0	0	
8017	???	KING	STONE	SPECIAL	60		NOMOVE	0		STUN,SLOW,CURSE,TERROR	0		0	0	0	72	0	0	0	226650	5	1	3900	8775	33	68	2101	2109	0	2000	175	0	0	0	0	0	0	0	0	0	0	0	0	0	0	0	0	0	0	100	0	0	0	0	0	0	0	0	0	0	0	0	0	0	0	0	0	0	0	0	
8018	???	KING	STONE	SPECIAL	65		NOMOVE	0		STUN,SLOW,CURSE,TERROR	0		0	0	0	78	0	0	0	260250	5	1	3900	8775	36	73	1101	1113	0	2000	175	0	0	0	0	0	0	0	0	0	0	0	0	0	0	0	0	0	0	100	0	0	0	0	0	0	0	0	0	0	0	0	0	0	0	0	0	0	0	0	
8019	???	KING	STONE	SPECIAL	70		NOMOVE	0		STUN,SLOW,CURSE,TERROR	0		0	0	0	91	0	0	0	296550	5	1	3900	8775	39	79	2201	2207	0	2000	175	0	0	0	0	0	0	0	0	0	0	0	0	0	0	0	0	0	0	100	0	0	0	0	0	0	0	0	0	0	0	0	0	0	0	0	0	0	0	0	
8020	???	KING	STONE	SPECIAL	1		NOMOVE	0		STUN,SLOW,CURSE,TERROR	0		0	0	0	50	0	0	0	2965500	5	1	0	0	39	79	101	101	0	2000	150	0	0	0	0	0	0	0	0	0	0	0	0	0	0	0	0	0	0	100	0	0	0	0	0	0	0	0	0	0	0	0	0	0	0	0	0	0	0	0	
8021	???	KING	STONE	SPECIAL	1		NOMOVE	0		STUN,SLOW,CURSE,TERROR	0		0	0	0	50	0	0	0	2965500	5	1	0	0	39	79	101	101	0	2000	150	0	0	0	0	0	0	0	0	0	0	0	0	0	0	0	0	0	0	100	0	0	0	0	0	0	0	0	0	0	0	0	0	0	0	0	0	0	0	0	
8022	???	KING	STONE	SPECIAL	1		NOMOVE	0		STUN,SLOW,CURSE,TERROR	0		0	0	0	50	0	0	0	2965500	5	1	0	0	39	79	101	101	0	2000	150	0	0	0	0	0	0	0	0	0	0	0	0	0	0	0	0	0	0	100	0	0	0	0	0	0	0	0	0	0	0	0	0	0	0	0	0	0	0	0	
8023	???	KING	STONE	SPECIAL	1		NOMOVE	0		STUN,SLOW,CURSE,TERROR	0		0	0	0	50	0	0	0	2965500	5	1	0	0	39	79	101	101	0	2000	150	0	0	0	0	0	0	0	0	0	0	0	0	0	0	0	0	0	0	100	0	0	0	0	0	0	0	0	0	0	0	0	0	0	0	0	0	0	0	0	
8024	???	KING	STONE	SPECIAL	75		NOMOVE	0		STUN,SLOW,CURSE,TERROR	0		0	0	0	66	0	0	0	469000	5	1	0	0	42	63	2301	2309	0	2000	150	0	0	0	0	0	0	0	0	0	0	0	0	0	0	0	0	0	0	100	0	0	0	16764879	0	0	0	0	0	0	0	0	0	0	0	0	0	0	0	0	
8025	???	KING	STONE	SPECIAL	80		NOMOVE	0		STUN,SLOW,CURSE,TERROR	0		0	0	0	72	0	0	0	584000	5	1	0	0	45	68	2308	2313	0	2000	150	0	0	0	0	0	0	0	0	0	0	0	0	0	0	0	0	0	0	100	0	0	0	16764879	0	0	0	0	0	0	0	0	0	0	0	0	0	0	0	0	
8026	???	KING	STONE	SPECIAL	85		NOMOVE	0		STUN,SLOW,CURSE,TERROR	0		0	0	0	78	0	0	0	727000	5	1	0	0	48	73	2320	2326	0	2000	150	0	0	0	0	0	0	0	0	0	0	0	0	0	0	0	0	0	0	100	0	0	0	16764879	0	0	0	0	0	0	0	0	0	0	0	0	0	0	0	0	
8027	???	KING	STONE	SPECIAL	90		NOMOVE	0		STUN,SLOW,CURSE,TERROR	0		0	0	0	91	0	0	0	905000	5	1	0	0	51	79	2327	2333	0	2000	150	0	0	0	0	0	0	0	0	0	0	0	0	0	0	0	0	0	0	100	0	0	0	16764879	0	0	0	0	0	0	0	0	0	0	0	0	0	0	0	0	
8031	????	KING	STONE	MELEE	60		NOMOVE	0		STUN,SLOW,CURSE,TERROR	0		0	0	0	70	0	0	0	250000	5	2	0	0	50	80	0	0	0	2000	150	0	0	0	0	0	0	0	0	0	0	0	0	0	0	0	0	0	0	100	0	0	0	16764879	0	0	0	0	0	0	0	0	0	0	0	0	0	0	0	0	
8032	????	KING	STONE	MELEE	60		NOMOVE	0		STUN,SLOW,CURSE,TERROR	0		0	0	0	70	0	0	0	250000	5	2	0	0	50	80	0	0	0	2000	150	0	0	0	0	0	0	0	0	0	0	0	0	0	0	0	0	0	0	100	0	0	0	16764879	0	0	0	0	0	0	0	0	0	0	0	0	0	0	0	0	
8033	????	KING	STONE	MELEE	60		NOMOVE	0		STUN,SLOW,CURSE,TERROR	0		0	0	0	70	0	0	0	250000	5	2	0	0	50	80	0	0	0	2000	150	0	0	0	0	0	0	0	0	0	0	0	0	0	0	0	0	0	0	100	0	0	0	16764879	0	0	0	0	0	0	0	0	0	0	0	0	0	0	0	0	
8034	????	KING	STONE	MELEE	60		NOMOVE	0		STUN,SLOW,CURSE,TERROR	0		0	0	0	70	0	0	0	250000	5	2	0	0	50	80	0	0	0	2000	150	0	0	0	0	0	0	0	0	0	0	0	0	0	0	0	0	0	0	100	0	0	0	16764879	0	0	0	0	0	0	0	0	0	0	0	0	0	0	0	0	
8035	???	KING	STONE	MELEE	60		NOMOVE	0		STUN,SLOW,CURSE,TERROR	0		0	0	0	70	0	0	0	250000	5	2	0	0	50	80	0	0	0	2000	150	0	0	0	0	0	0	0	0	0	0	0	0	0	0	0	0	0	0	100	0	0	0	16764879	0	0	0	0	0	0	0	0	0	0	0	0	0	0	0	0	
8036	?????	KING	STONE	MELEE	80		NOMOVE	0		STUN,SLOW,CURSE,TERROR	0		0	0	0	70	0	0	0	250000	5	2	0	0	50	80	0	0	0	2000	150	0	0	0	0	0	0	0	0	0	0	0	0	0	0	0	0	0	0	100	0	0	0	16764879	0	0	0	0	0	0	0	0	0	0	0	0	0	0	0	0	
8037	?????	KING	STONE	MELEE	60		NOMOVE	0		STUN,SLOW,CURSE,TERROR	0		0	0	0	70	0	0	0	250000	5	2	0	0	50	80	0	0	0	2000	150	0	0	0	0	0	0	0	0	0	0	0	0	0	0	0	0	0	0	100	0	0	0	16764879	0	0	0	0	0	0	0	0	0	0	0	0	0	0	0	0	
8038	??????	KING	STONE	MELEE	85		NOMOVE	0		STUN,SLOW,CURSE,TERROR	0		0	0	0	70	0	0	0	250000	5	2	0	0	50	80	0	0	0	2000	150	0	0	0	0	0	0	0	0	0	0	0	0	0	0	0	0	0	0	100	0	0	0	16764879	0	0	0	0	0	0	0	0	0	0	0	0	0	0	0	0	
8039	??????	KING	STONE	MELEE	60		NOMOVE	0		STUN,SLOW,CURSE,TERROR	0		0	0	0	70	0	0	0	250000	5	2	0	0	50	80	0	0	0	2000	150	0	0	0	0	0	0	0	0	0	0	0	0	0	0	0	0	0	0	100	0	0	0	16764879	0	0	0	0	0	0	0	0	0	0	0	0	0	0	0	0	
8040	??????	KING	STONE	MELEE	60		NOMOVE	0		STUN,SLOW,CURSE,TERROR	0		0	0	0	70	0	0	0	250000	5	2	0	0	50	80	0	0	0	2000	150	0	0	0	0	0	0	0	0	0	0	0	0	0	0	0	0	0	0	100	0	0	0	16764879	0	0	0	0	0	0	0	0	0	0	0	0	0	0	0	0	
8041	?????	KING	STONE	MELEE	10		NOMOVE	0		STUN,SLOW,CURSE,TERROR	0		0	0	0	0	0	0	0	23250	5	1	0	0	30	57	9611	9615	0	2000	150	50160	0	0	0	0	0	0	0	32	32	8	11	11	17	0	0	0	0	100	0	0	0	16764879	0	0	0	0	0	0	0	0	0	0	0	0	0	0	0	0	
8042	?????	KING	STONE	MELEE	20		NOMOVE	0		STUN,SLOW,CURSE,TERROR	0		0	0	0	0	0	0	0	47400	5	1	0	0	80	111	9621	9625	0	2000	150	50162	0	0	0	0	0	0	0	20	25	14	4	4	29	0	0	0	0	100	0	0	0	16764879	0	0	0	0	0	0	0	0	0	0	0	0	0	0	0	0	
8043	?????	KING	STONE	MELEE	30		NOMOVE	0		STUN,SLOW,CURSE,TERROR	0		0	0	0	0	0	0	0	80250	5	1	0	0	150	181	9631	9635	0	2000	150	50164	0	0	0	0	0	0	0	11	31	19	10	10	38	0	0	0	0	100	0	0	0	16764879	0	0	0	0	0	0	0	0	0	0	0	0	0	0	0	0	
8044	?????	KING	STONE	MELEE	40		NOMOVE	0		STUN,SLOW,CURSE,TERROR	0		0	0	0	0	0	0	0	119700	5	1	0	0	210	221	9641	9645	0	2000	150	50166	0	0	0	0	0	0	0	15	26	16	4	4	33	0	0	0	0	100	0	0	0	16764879	0	0	0	0	0	0	0	0	0	0	0	0	0	0	0	0	
8045	?????	KING	STONE	MELEE	50		NOMOVE	0		STUN,SLOW,CURSE,TERROR	0		0	0	0	0	0	0	0	167850	5	1	0	0	270	282	9651	9655	0	2000	150	50168	0	0	0	0	0	0	0	14	25	18	6	6	36	0	0	0	0	100	0	0	0	16764879	0	0	0	0	0	0	0	0	0	0	0	0	0	0	0	0	
8046	?????	KING	STONE	MELEE	60		NOMOVE	0		STUN,SLOW,CURSE,TERROR	0		0	0	0	0	0	0	0	226650	5	1	0	0	330	363	9661	9665	0	2000	150	50170	0	0	0	0	0	0	0	8	24	16	5	5	33	0	0	0	0	100	0	0	0	16764879	0	0	0	0	0	0	0	0	0	0	0	0	0	0	0	0	
8047	?????	KING	STONE	MELEE	70		NOMOVE	0		STUN,SLOW,CURSE,TERROR	0		0	0	0	0	0	0	0	296550	5	1	0	0	390	444	9671	9675	0	2000	150	50172	0	0	0	0	0	0	0	8	22	16	5	5	33	0	0	0	0	100	0	0	0	16764879	0	0	0	0	0	0	0	0	0	0	0	0	0	0	0	0	
8048	?????	KING	STONE	MELEE	80		NOMOVE	0		STUN,SLOW,CURSE,TERROR	0		0	0	0	0	0	0	0	584000	5	1	0	0	450	502	9681	9685	0	2000	150	50174	0	0	0	0	0	0	0	27	27	20	4	4	40	0	0	0	0	100	0	0	0	16764879	0	0	0	0	0	0	0	0	0	0	0	0	0	0	0	0	
8049	?????	KING	STONE	MELEE	90		NOMOVE	0		STUN,SLOW,CURSE,TERROR	0		0	0	0	0	0	0	0	905000	5	1	0	0	510	700	9691	9695	0	2000	150	50176	0	0	0	0	0	0	0	13	14	15	3	3	30	0	0	0	0	100	0	0	0	16764879	0	0	0	0	0	0	0	0	0	0	0	0	0	0	0	0	
8050	?????	KING	STONE	MELEE	95		NOMOVE	0		STUN,SLOW,CURSE,TERROR	0		0	0	0	0	0	0	0	1450000	5	1	0	0	690	730	9693	9697	0	2000	150	50178	0	0	0	0	0	0	0	13	13	14	3	3	29	0	0	0	0	100	0	0	0	16764879	0	0	0	0	0	0	0	0	0	0	0	0	0	0	0	0	
8051	?????	KING	STONE	MELEE	95		NOMOVE	0		STUN,SLOW,CURSE,TERROR	0		0	0	0	95	0	0	0	905000	5	1	0	0	51	95	3001	3007	0	2000	150	0	0	0	0	0	0	0	0	0	0	0	0	0	0	0	0	0	0	100	0	0	0	0	0	0	0	0	0	0	0	0	0	0	0	0	0	0	0	0	
8052	?????	KING	STONE	MELEE	95		NOMOVE	0		STUN,SLOW,CURSE,TERROR	0		0	0	0	95	0	0	0	905000	5	1	0	0	51	95	3051	3057	0	2000	150	0	0	0	0	0	0	0	0	0	0	0	0	0	0	0	0	0	0	100	0	0	0	0	0	0	0	0	0	0	0	0	0	0	0	0	0	0	0	0	
8053	??????	KING	STONE	MELEE	100		NOMOVE	0		STUN,SLOW,CURSE,TERROR	0		0	0	0	100	0	0	0	1200000	5	1	0	0	51	100	3041	3047	0	2000	150	0	0	0	0	0	0	0	0	0	0	0	0	0	0	0	0	0	0	100	0	0	0	0	0	0	0	0	0	0	0	0	0	0	0	0	0	0	0	0	
8054	????	KING	STONE	MELEE	100		NOMOVE	0		STUN,SLOW,CURSE,TERROR	0		0	0	0	100	0	0	0	1200000	5	1	0	0	51	100	3011	3017	0	2000	150	0	0	0	0	0	0	0	0	0	0	0	0	0	0	0	0	0	0	100	0	0	0	0	0	0	0	0	0	0	0	0	0	0	0	0	0	0	0	0	
8055	??????	KING	STONE	MELEE	105		NOMOVE	0		STUN,SLOW,CURSE,TERROR	0		0	0	0	105	0	0	0	1500000	5	1	0	0	51	105	3081	3087	0	2000	150	0	0	0	0	0	0	0	0	0	0	0	0	0	0	0	0	0	0	100	0	0	0	0	0	0	0	0	0	0	0	0	0	0	0	0	0	0	0	0	
8056	??????	KING	STONE	MELEE	105		NOMOVE	0		STUN,SLOW,CURSE,TERROR	0		0	0	0	105	0	0	0	1500000	5	1	0	0	51	105	3031	3037	0	2000	150	0	0	0	0	0	0	0	0	0	0	0	0	0	0	0	0	0	0	100	0	0	0	0	0	0	0	0	0	0	0	0	0	0	0	0	0	0	0	0	
8057	?????	KING	STONE	MELEE	100		NOMOVE	0		STUN,SLOW,CURSE,TERROR	0		0	0	0	100	0	0	0	1200000	5	1	0	0	51	100	6005	6010	0	2000	150	0	0	0	0	0	0	0	0	0	0	0	0	0	0	0	0	0	0	100	0	0	0	0	0	0	0	0	0	0	0	0	0	0	0	0	0	0	0	0	
8058	??????	KING	STONE	MELEE	100		NOMOVE	0		STUN,SLOW,CURSE,TERROR	0		0	0	0	100	0	0	0	1200000	5	1	0	0	51	100	6055	6060	0	2000	150	0	0	0	0	0	0	0	0	0	0	0	0	0	0	0	0	0	0	100	0	0	0	0	0	0	0	0	0	0	0	0	0	0	0	0	0	0	0	0	
8059	??????	KING	STONE	MELEE	100		NOMOVE	0		STUN,SLOW,CURSE,TERROR	0		0	0	0	100	0	0	0	705000	5	1	0	0	51	100	6311	6314	0	2000	150	0	0	0	0	0	0	0	0	0	0	0	0	0	0	0	0	0	0	100	0	0	0	0	0	0	0	0	0	0	0	0	0	0	0	0	0	0	0	0	
8060	????	KING	STONE	MELEE	10		NOMOVE	0		STUN,SLOW,CURSE,TERROR	0		0	0	0	100	0	0	0	705000	5	1	0	0	51	100	8616	8616	0	2000	150	0	0	0	0	0	0	0	0	0	0	0	0	0	0	0	0	0	0	100	0	0	0	0	0	0	0	0	0	0	0	0	0	0	0	0	0	0	0	0	
8061	??????	KING	STONE	MELEE	120		NOMOVE	0		STUN,SLOW,CURSE,TERROR	0		0	0	0	100	0	0	0	1600000	5	1	0	0	51	100	6330	6333	0	2000	150	0	0	0	0	0	0	0	0	0	0	0	0	0	0	0	0	0	0	100	0	0	0	153189242	0	0	0	0	0	0	0	0	0	0	0	0	0	0	0	0	
8063	PLECHI_METIN	PAWN	STONE	MELEE	120		NOMOVE	0		STUN,SLOW,CURSE,TERROR	0	metinstone	0	0	0	72	0	0	0	1306650	5	1	500	500	5125	87	0	0	0	2000	175	0	0	0	0	0	0	0	0	0	0	0	0	0	0	0	0	0	0	100	0	0	0	0	0	0	0	0	0	0	0	0	0	0	0	0	0	0	0	0	
8064	PLECHI_METIN	PAWN	STONE	MELEE	120		NOMOVE	0		STUN,SLOW,CURSE,TERROR	0	metinstone	0	0	0	72	0	0	0	1306650	5	1	500	500	5125	87	0	0	0	2000	175	0	0	0	0	0	0	0	0	0	0	0	0	0	0	0	0	0	0	100	0	0	0	0	0	0	0	0	0	0	0	0	0	0	0	0	0	0	0	0	
8065	PLECHI_METIN	PAWN	STONE	MELEE	120		NOMOVE	0		STUN,SLOW,CURSE,TERROR	0	metinstone	0	0	0	72	0	0	0	1306650	5	1	500	500	5125	87	0	0	0	2000	175	0	0	0	0	0	0	0	0	0	0	0	0	0	0	0	0	0	0	100	0	0	0	0	0	0	0	0	0	0	0	0	0	0	0	0	0	0	0	0	
8066	PLECHI_METIN	PAWN	STONE	MELEE	120		NOMOVE	0		STUN,SLOW,CURSE,TERROR	0	metinstone	0	0	0	72	0	0	0	1306650	5	1	500	500	5125	87	0	0	0	2000	175	0	0	0	0	0	0	0	0	0	0	0	0	0	0	0	0	0	0	100	0	0	0	0	0	0	0	0	0	0	0	0	0	0	0	0	0	0	0	0	
8101	???	KING	STONE	SPECIAL	5		NOMOVE	0		STUN,SLOW,CURSE,TERROR	0		0	0	0	0	0	0	0	193	5	1	0	0	42	8	100	100	0	2000	175	0	0	0	0	0	0	0	0	0	0	0	0	0	0	0	0	0	0	0	0	0	0	0	0	0	0	0	0	0	0	0	0	0	0	0	0	0	0	0	
8102	???	KING	STONE	SPECIAL	10		NOMOVE	0		STUN,SLOW,CURSE,TERROR	0		0	0	0	0	0	0	0	309	5	1	0	0	82	14	100	100	0	2000	175	0	0	0	0	0	0	0	0	0	0	0	0	0	0	0	0	0	0	0	0	0	0	0	0	0	0	0	0	0	0	0	0	0	0	0	0	0	0	0	
8103	???	KING	STONE	SPECIAL	15		NOMOVE	0		STUN,SLOW,CURSE,TERROR	0		0	0	0	0	0	0	0	454	5	1	0	0	122	19	100	100	0	2000	175	0	0	0	0	0	0	0	0	0	0	0	0	0	0	0	0	0	0	0	0	0	0	0	0	0	0	0	0	0	0	0	0	0	0	0	0	0	0	0	
8104	???	KING	STONE	SPECIAL	20		NOMOVE	0		STUN,SLOW,CURSE,TERROR	0		0	0	0	0	0	0	0	632	5	1	0	0	162	25	100	100	0	2000	175	0	0	0	0	0	0	0	0	0	0	0	0	0	0	0	0	0	0	0	0	0	0	0	0	0	0	0	0	0	0	0	0	0	0	0	0	0	0	0	
8105	???	KING	STONE	SPECIAL	25		NOMOVE	0		STUN,SLOW,CURSE,TERROR	0		0	0	0	0	0	0	0	845	5	1	0	0	202	30	100	100	0	2000	175	0	0	0	0	0	0	0	0	0	0	0	0	0	0	0	0	0	0	0	0	0	0	0	0	0	0	0	0	0	0	0	0	0	0	0	0	0	0	0	
8106	???	KING	STONE	SPECIAL	30		NOMOVE	0		STUN,SLOW,CURSE,TERROR	0		0	0	0	0	0	0	0	1069	5	1	0	0	242	35	100	100	0	2000	175	0	0	0	0	0	0	0	0	0	0	0	0	0	0	0	0	0	0	0	0	0	0	0	0	0	0	0	0	0	0	0	0	0	0	0	0	0	0	0	
8107	???	KING	STONE	SPECIAL	35		NOMOVE	0		STUN,SLOW,CURSE,TERROR	0		0	0	0	0	0	0	0	1315	5	1	0	0	282	41	100	100	0	2000	175	0	0	0	0	0	0	0	0	0	0	0	0	0	0	0	0	0	0	0	0	0	0	0	0	0	0	0	0	0	0	0	0	0	0	0	0	0	0	0	
8108	???	KING	STONE	SPECIAL	40		NOMOVE	0		STUN,SLOW,CURSE,TERROR	0		0	0	0	0	0	0	0	1591	5	1	0	0	322	46	100	100	0	2000	175	0	0	0	0	0	0	0	0	0	0	0	0	0	0	0	0	0	0	0	0	0	0	0	0	0	0	0	0	0	0	0	0	0	0	0	0	0	0	0	
8109	???	KING	STONE	SPECIAL	45		NOMOVE	0		STUN,SLOW,CURSE,TERROR	0		0	0	0	0	0	0	0	1898	5	1	0	0	362	52	100	100	0	2000	175	0	0	0	0	0	0	0	0	0	0	0	0	0	0	0	0	0	0	0	0	0	0	0	0	0	0	0	0	0	0	0	0	0	0	0	0	0	0	0	
8110	???	KING	STONE	SPECIAL	50		NOMOVE	0		STUN,SLOW,CURSE,TERROR	0		0	0	0	0	0	0	0	2238	5	1	0	0	402	57	100	100	0	2000	175	0	0	0	0	0	0	0	0	0	0	0	0	0	0	0	0	0	0	0	0	0	0	0	0	0	0	0	0	0	0	0	0	0	0	0	0	0	0	0	
8111	???	KING	STONE	SPECIAL	55		NOMOVE	0		STUN,SLOW,CURSE,TERROR	0		0	0	0	0	0	0	0	2612	5	1	0	0	442	63	100	100	0	2000	175	0	0	0	0	0	0	0	0	0	0	0	0	0	0	0	0	0	0	0	0	0	0	0	0	0	0	0	0	0	0	0	0	0	0	0	0	0	0	0	
8112	???	KING	STONE	SPECIAL	60		NOMOVE	0		STUN,SLOW,CURSE,TERROR	0		0	0	0	0	0	0	0	3022	5	1	0	0	482	68	100	100	0	2000	175	0	0	0	0	0	0	0	0	0	0	0	0	0	0	0	0	0	0	0	0	0	0	0	0	0	0	0	0	0	0	0	0	0	0	0	0	0	0	0	
8113	???	KING	STONE	SPECIAL	65		NOMOVE	0		STUN,SLOW,CURSE,TERROR	0		0	0	0	0	0	0	0	3469	5	1	0	0	522	73	100	100	0	2000	175	0	0	0	0	0	0	0	0	0	0	0	0	0	0	0	0	0	0	0	0	0	0	0	0	0	0	0	0	0	0	0	0	0	0	0	0	0	0	0	
8114	???	KING	STONE	SPECIAL	70		NOMOVE	0		STUN,SLOW,CURSE,TERROR	0		0	0	0	0	0	0	0	3954	5	1	0	0	562	79	100	100	0	2000	175	0	0	0	0	0	0	0	0	0	0	0	0	0	0	0	0	0	0	0	0	0	0	0	0	0	0	0	0	0	0	0	0	0	0	0	0	0	0	0	
8115	????	KING	STONE	SPECIAL	5		NOMOVE	0		STUN,SLOW,CURSE,TERROR	0		0	0	0	6	0	0	0	845	5	1	0	0	1	8	5201	5202	0	2000	150	0	0	0	0	0	0	0	0	0	0	0	0	0	0	0	0	0	0	100	0	0	0	0	0	0	0	0	0	0	0	0	0	0	0	0	0	0	0	0	
8200	???????	KING	STONE	MELEE	10		NOMOVE	0		STUN,SLOW,CURSE,TERROR	0		0	0	0	100	0	0	0	1600000	5	1	0	0	51	100	6330	6333	0	2000	150	0	0	0	0	0	0	0	0	0	0	0	0	0	0	0	0	0	0	100	0	0	0	0	0	0	0	0	0	0	0	0	0	0	0	0	0	0	0	0	
8201	???????	KING	STONE	MELEE	10		NOMOVE	0		STUN,SLOW,CURSE,TERROR	0		0	0	0	100	0	0	0	1600000	5	1	0	0	51	100	6330	6333	0	2000	150	0	0	0	0	0	0	0	0	0	0	0	0	0	0	0	0	0	0	100	0	0	0	0	0	0	0	0	0	0	0	0	0	0	0	0	0	0	0	0	
8202	???????	KING	STONE	MELEE	90		NOMOVE	0		STUN,SLOW,CURSE,TERROR	0		0	0	0	100	0	0	0	500000	5	1	0	0	51	100	6330	6333	0	2000	150	0	0	0	0	0	0	0	0	0	0	0	0	0	0	0	0	0	0	100	0	0	0	0	0	0	0	0	0	0	0	0	0	0	0	0	0	0	0	0	
8203	?????	KING	STONE	MELEE	10		NOMOVE	0		STUN,SLOW,TERROR	0		0	0	0	100	0	0	0	1600000	5	1	0	0	51	100	6330	6333	0	2000	150	0	0	0	0	0	0	0	0	0	0	0	0	0	0	0	0	0	0	100	0	0	0	0	0	0	0	0	0	0	0	0	0	0	0	0	0	0	0	0	
8501	??	PAWN	MONSTER	MELEE	35			0	ANIMAL		0	stray_dog	0	59	44	30	15	95	116	1472	3	5	0	0	1200	74	100	170	100	2000	150	0	0	0	0	0	0	0	0	0	0	0	0	0	0	0	0	0	0	0	0	0	0	16764159	0	0	0	0	0	0	0	0	0	0	0	0	0	0	0	0	
8502	???	PAWN	MONSTER	MELEE	30			0	ANIMAL		0	wild_boar	0	47	35	24	12	78	95	1184	3	5	0	0	1100	66	100	170	100	2000	150	30004	0	0	0	0	0	5	0	0	0	0	0	0	0	0	0	0	0	0	0	0	0	16764159	0	0	0	0	0	0	0	0	0	0	0	0	0	0	0	0	
8503	?	PAWN	MONSTER	MELEE	25			0	ANIMAL		0	bear	0	40	30	20	10	53	98	994	3	5	0	0	900	58	100	150	100	2000	150	30010	0	0	0	0	0	0	0	0	0	0	0	0	0	0	0	0	0	0	0	0	0	16764159	0	0	0	0	0	0	0	0	0	0	0	0	0	0	0	0	
8504	??	PAWN	MONSTER	MELEE	5			0	ANIMAL		0	tiger	0	9	12	6	3	25	38	235	3	5	0	0	500	9	100	100	25	2000	150	30023	0	0	0	0	0	0	0	0	0	0	0	0	0	0	0	0	0	0	0	0	0	16764159	0	0	0	0	0	0	0	0	0	0	0	0	0	0	0	0	
8505	?? ???	PAWN	MONSTER	MELEE	10			0	ORC		0	orc_bigblack	0	22	9	13	4	35	43	408	3	5	0	0	400	14	80	100	30	2000	150	30077	0	0	0	0	1	0	0	0	0	0	0	0	0	0	0	0	0	0	0	0	0	16764159	0	0	0	0	0	0	0	0	0	0	0	0	0	0	0	0	
8506	û???	PAWN	MONSTER	MELEE	12			0	ATT_WIND		0	greenfrog_general	0	20	10	20	5	39	47	399	3	5	0	0	400	16	100	70	40	2000	150	30061	0	0	0	0	0	10	5	0	0	0	0	0	0	0	0	0	10	0	0	0	0	16764159	0	0	0	0	0	0	0	0	0	0	0	0	0	0	0	0	
8507	??????	PAWN	MONSTER	MELEE	15			0	DESERT		0	outlaw	0	14	17	34	6	44	53	599	3	5	0	0	200	19	100	100	40	2000	150	0	0	0	0	0	0	5	5	0	0	0	0	0	0	10	20	0	0	0	0	0	0	16764159	0	0	0	0	0	0	0	0	0	0	0	0	0	0	0	0	
8508	?????	PAWN	MONSTER	MELEE	20			0	MILGYO		0	milgyo_monster1	0	36	19	27	9	52	64	887	3	5	0	0	500	25	100	120	100	2000	150	30080	0	0	0	0	0	5	5	0	0	0	0	0	0	0	0	10	0	0	0	0	0	16764159	0	0	0	0	0	0	0	0	0	0	0	0	0	0	0	0	
8509	?????	PAWN	MONSTER	MELEE	25			0	MILGYO		0	milgyo_monster2	0	42	28	56	14	91	111	450	3	5	0	0	300	50	100	100	35	2000	150	0	0	0	0	0	0	5	5	0	0	0	0	0	0	0	0	10	0	0	0	0	0	16764159	0	0	0	0	0	0	0	0	0	0	0	0	0	0	0	0	
8510	??????	PAWN	MONSTER	MELEE	21			0	FIRE,ATT_FIRE		0	fire_knight	0	37	19	28	9	46	85	321	3	5	0	0	300	29	100	120	100	2000	150	0	0	0	0	0	0	5	5	0	0	0	0	0	0	10	20	0	0	0	0	0	0	16764159	0	0	0	0	0	0	0	0	0	0	0	0	0	0	0	0	
8511	??????	PAWN	MONSTER	MELEE	11			0	ATT_ICE		0	ice_snow_golem	0	16	16	32	8	37	45	591	3	5	150	225	300	15	100	120	100	2000	150	30080	0	0	0	0	0	5	5	0	0	0	0	0	0	0	0	10	0	0	0	0	0	16764159	0	0	0	0	0	0	0	0	0	0	0	0	0	0	0	0	
8600	?????	BOSS	MONSTER	MELEE	73		AGGR,BERSERK,STONESKIN,DEATHBLOW,REVIVE	0	ORC	STUN,SLOW,CURSE,TERROR	0	orc_lord	0	122	91	61	30	150	278	700000	30	5	77	116	356400	90	150	160	100	2000	350	0	0	0	0	0	0	15	20	30	25	30	30	30	50	100	50	50	50	20	0	1039	10	0	0	0	0	0	0	0	0	0	0	0	0	0	0	0	0	0	
8601	?????	KING	MONSTER	MELEE	86		AGGR,BERSERK,STONESKIN,DEATHBLOW,REVIVE	0	ORC	STUN,SLOW,CURSE,TERROR	0	orc_lord	0	122	91	61	30	150	278	1000000	30	5	23400	35100	356400	90	150	160	100	2000	350	0	0	0	0	0	0	15	20	30	25	30	30	30	50	100	50	50	50	20	1	1137	10	0	0	0	0	0	0	0	0	0	0	0	0	0	0	0	0	0	
8602	?????	BOSS	MONSTER	MELEE	73		AGGR,BERSERK,STONESKIN,DEATHBLOW,REVIVE	0	MILGYO	STUN,SLOW,CURSE,TERROR	0	milgyo_founder	0	122	91	61	30	150	278	700000	30	5	23400	35100	356400	90	150	160	100	2000	350	0	0	0	0	0	0	15	20	30	25	30	30	30	50	100	50	50	50	20	0	1039	10	0	0	0	0	0	0	0	0	0	0	0	0	0	0	0	0	0	
8603	?????	KING	MONSTER	MELEE	86		AGGR,BERSERK,STONESKIN,DEATHBLOW,REVIVE	0	MILGYO	STUN,SLOW,CURSE,TERROR	0	milgyo_founder	0	122	91	61	30	150	278	1000000	30	5	23400	35100	356400	90	150	160	100	2000	350	0	0	0	0	0	0	15	20	30	25	30	30	30	50	100	50	50	50	20	1	1137	10	0	0	0	0	0	0	0	0	0	0	0	0	0	0	0	0	0	
8604	????	BOSS	MONSTER	MELEE	73		AGGR,BERSERK,STONESKIN,DEATHBLOW,REVIVE	0	DEVIL	STUN,SLOW,CURSE,TERROR	0	skeleton_king	0	122	91	61	30	150	278	700000	30	5	23400	35100	356400	90	150	160	100	2000	350	0	0	0	0	0	0	15	20	30	25	30	30	30	50	100	50	50	50	20	0	1039	10	16756141	0	0	0	0	0	0	0	0	0	0	0	0	0	0	0	0	
8605	????	KING	MONSTER	MELEE	86		AGGR,BERSERK,STONESKIN,DEATHBLOW,REVIVE	0	DEVIL	STUN,SLOW,CURSE,TERROR	0	skeleton_king	0	122	91	61	30	150	278	1000000	30	5	23400	35100	356400	90	150	160	100	2000	350	0	0	0	0	0	0	15	20	30	25	30	30	30	50	100	50	50	50	20	1	1137	10	16756141	0	0	0	0	0	0	0	0	0	0	0	0	0	0	0	0	
8606	??	BOSS	MONSTER	MELEE	73		AGGR,BERSERK,STONESKIN,DEATHBLOW,REVIVE	0	UNDEAD	STUN,SLOW,CURSE,TERROR	0	skeleton_god	0	122	91	61	30	150	278	700000	30	5	23400	35100	356400	90	150	160	100	2000	350	0	0	0	0	0	0	15	20	30	25	30	30	30	50	100	50	50	50	20	0	1039	10	0	0	0	0	0	0	0	0	0	0	0	0	0	0	0	0	0	
8607	??	KING	MONSTER	MELEE	86		AGGR,BERSERK,STONESKIN,DEATHBLOW,REVIVE	0	UNDEAD	STUN,SLOW,CURSE,TERROR	0	skeleton_god	0	122	91	61	30	150	278	1000000	30	5	23400	35100	356400	90	150	160	100	2000	350	0	0	0	0	0	0	15	20	30	25	30	30	30	50	100	50	50	50	20	1	1137	10	0	0	0	0	0	0	0	0	0	0	0	0	0	0	0	0	0	
8608	?????	BOSS	MONSTER	MELEE	73		AGGR,BERSERK,STONESKIN,DEATHBLOW,REVIVE	0	ICE,ATT_ICE	STUN,SLOW,CURSE,TERROR	0	fox_ninetail	0	122	91	61	30	150	278	700000	30	5	23400	35100	356400	90	150	160	100	2000	350	0	0	0	0	0	0	15	20	30	25	30	30	30	50	100	50	50	50	20	0	1039	10	0	0	0	0	0	0	0	0	0	0	0	0	0	0	0	0	0	
8609	?????	KING	MONSTER	MELEE	86		AGGR,BERSERK,STONESKIN,DEATHBLOW,REVIVE	0	ICE,ATT_ICE	STUN,SLOW,CURSE,TERROR	0	fox_ninetail	0	122	91	61	30	150	278	1000000	30	5	23400	35100	356400	90	150	160	100	2000	350	0	0	0	0	0	0	15	20	30	25	30	30	30	50	100	50	50	50	20	1	1137	10	0	0	0	0	0	0	0	0	0	0	0	0	0	0	0	0	0	
8610	?????????	BOSS	MONSTER	MELEE	73		AGGR,BERSERK,STONESKIN,DEATHBLOW,REVIVE	0	ATT_WIND	STUN,SLOW,CURSE,TERROR	0	yellow_tigerman	0	122	91	61	30	150	278	700000	30	5	23400	35100	356400	90	150	160	100	2000	350	0	0	0	0	0	0	15	20	30	25	30	30	30	50	100	50	50	50	20	0	1039	10	0	0	0	0	0	0	0	0	0	0	0	0	0	0	0	0	0	
8611	?????????	KING	MONSTER	MELEE	86		AGGR,BERSERK,STONESKIN,DEATHBLOW,REVIVE	0	ATT_WIND	STUN,SLOW,CURSE,TERROR	0	yellow_tigerman	0	122	91	61	30	150	278	1000000	30	5	23400	35100	356400	90	150	160	100	2000	350	0	0	0	0	0	0	15	20	30	25	30	30	30	50	100	50	50	50	20	1	1137	10	0	0	0	0	0	0	0	0	0	0	0	0	0	0	0	0	0	
8612	????	BOSS	MONSTER	MELEE	73		AGGR,BERSERK,STONESKIN,DEATHBLOW,REVIVE	0	INSECT	STUN,SLOW,CURSE,TERROR	0	spider_queen	0	122	91	61	30	150	278	700000	30	5	23400	35100	356400	90	150	160	100	2000	350	0	0	0	0	0	0	15	20	30	25	30	30	30	50	100	50	50	50	20	0	1039	10	0	0	0	0	0	0	0	0	0	0	0	0	0	0	0	0	0	
8613	????	KING	MONSTER	MELEE	86		AGGR,BERSERK,STONESKIN,DEATHBLOW,REVIVE	0	INSECT	STUN,SLOW,CURSE,TERROR	0	spider_queen	0	122	91	61	30	150	278	1000000	30	5	23400	35100	356400	90	150	160	100	2000	350	0	0	0	0	0	0	15	20	30	25	30	30	30	50	100	50	50	50	20	1	1137	10	0	0	0	0	0	0	0	0	0	0	0	0	0	0	0	0	0	
8614	??????	BOSS	MONSTER	MELEE	73		AGGR,BERSERK,STONESKIN,DEATHBLOW,REVIVE	0	DESERT	STUN,SLOW,CURSE,TERROR	0	giant_desert_turtle	0	122	91	61	30	150	278	700000	30	5	23400	35100	356400	90	150	160	100	2000	350	0	0	0	0	0	0	15	20	30	25	30	30	30	50	100	50	50	50	20	0	1039	10	16764879	0	0	0	0	0	0	0	0	0	0	0	0	0	0	0	0	
8615	??????	KING	MONSTER	MELEE	86		AGGR,BERSERK,STONESKIN,DEATHBLOW,REVIVE	0	DESERT	STUN,SLOW,CURSE,TERROR	0	giant_desert_turtle	0	122	91	61	30	150	278	1000000	30	5	23400	35100	356400	90	150	160	100	2000	350	0	0	0	0	0	0	15	20	30	25	30	30	30	50	100	50	50	50	20	1	1137	10	16764879	0	0	0	0	0	0	0	0	0	0	0	0	0	0	0	0	
8616	????? ???????	S_KNIGHT	MONSTER	MELEE	15		AGGR,BERSERK,DEATHBLOW,REVIVE	0	HUMAN,ATT_WIND	STUN,SLOW,CURSE,TERROR	0	blacksmith_boss	0	63	94	106	31	119	146	17515	5	10	23400	35100	32987	50	100	100	50	2000	150	0	0	0	0	0	0	5	15	0	-5	-5	0	0	20	0	0	0	0	0	1	0	10	0	0	0	0	0	0	0	0	0	0	0	0	0	0	0	0	0	
8617	????? ???????	S_KNIGHT	MONSTER	MELEE	30		AGGR,BERSERK,DEATHBLOW,REVIVE	0	HUMAN,ATT_WIND	STUN,SLOW,CURSE,TERROR	0	blacksmith_boss	0	71	35	53	18	126	152	28481	5	10	0	0	32987	69	100	120	50	2000	150	0	0	0	0	3	0	5	15	0	-5	-5	0	0	20	0	0	0	0	0	1	0	10	0	0	0	0	0	0	0	0	0	0	0	0	0	0	0	0	0	
8618	????? ???????	S_KNIGHT	MONSTER	MELEE	50		AGGR,BERSERK,DEATHBLOW,REVIVE	0	HUMAN,ATT_WIND	STUN,SLOW,CURSE,TERROR	0	blacksmith_boss	0	72	36	26	18	115	173	45919	5	10	0	0	32987	83	100	110	50	2000	150	0	0	0	0	3	0	5	15	0	-5	-5	0	0	20	0	0	0	0	0	1	0	10	0	0	0	0	0	0	0	0	0	0	0	0	0	0	0	0	0	
8619	????? ???????	S_KNIGHT	MONSTER	MELEE	65		AGGR,BERSERK,DEATHBLOW,REVIVE	0	HUMAN,ATT_WIND	STUN,SLOW,CURSE,TERROR	0	blacksmith_boss	0	72	52	36	18	108	190	60348	5	10	0	0	32987	91	100	120	50	2000	150	0	0	0	0	3	0	5	15	0	-5	-10	0	0	20	0	0	0	0	0	1	0	10	0	0	0	0	0	0	0	0	0	0	0	0	0	0	0	0	0	
8620	????? ???????	S_KNIGHT	MONSTER	MELEE	75		AGGR,BERSERK,DEATHBLOW,REVIVE	0	HUMAN,ATT_WIND	STUN,SLOW,TERROR	0	blacksmith_boss	0	70	53	35	17	190	233	80540	30	5	0	0	32987	104	100	110	100	2000	150	0	0	0	0	5	0	5	15	0	-5	-10	0	0	20	0	0	0	0	0	1	0	10	0	0	0	0	0	0	0	0	0	0	0	0	0	0	0	0	0	
8621	????? ???????	S_KNIGHT	MONSTER	MELEE	85		AGGR,BERSERK,DEATHBLOW,REVIVE	0	HUMAN,ATT_WIND	STUN,SLOW,TERROR	0	blacksmith_boss	0	95	127	63	31	161	256	101785	30	5	0	0	32987	126	100	110	100	2000	150	0	0	0	0	5	0	5	15	0	-5	-15	0	0	20	0	0	0	0	0	1	0	15	0	0	0	0	0	0	0	0	0	0	0	0	0	0	0	0	0	
8622	????? ???????	S_KNIGHT	MONSTER	MELEE	95		AGGR,BERSERK,DEATHBLOW,REVIVE	0	HUMAN,ATT_WIND	STUN,SLOW,TERROR	0	blacksmith_boss	0	63	65	131	32	183	285	331540	30	5	0	0	32987	147	100	110	100	2000	150	0	0	0	0	5	0	5	15	0	-5	-25	0	0	20	0	0	0	0	0	2	0	15	0	0	0	0	0	0	0	0	0	0	0	0	0	0	0	0	0	
8623	????? ???????	S_KNIGHT	MONSTER	MELEE	110		AGGR,BERSERK,DEATHBLOW,REVIVE	0	HUMAN,ATT_WIND	STUN,SLOW,TERROR	0	blacksmith_boss	0	131	74	126	31	190	233	807688	30	5	0	0	32987	171	100	110	100	2000	150	0	0	0	0	5	0	5	15	0	-5	-25	0	0	20	0	0	0	0	0	3	0	15	0	0	0	0	0	0	0	0	0	0	0	0	0	0	0	0	0	
9001	???? ??	KING	NPC	MELEE	70		NOMOVE	0		STUN,SLOW,CURSE,TERROR	0		1	0	0	0	0	0	0	3954	3	1	0	0	562	79	100	100	0	2000	150	0	0	0	0	0	0	0	0	0	0	0	0	0	0	0	0	0	0	0	0	0	0	0	0	0	0	0	0	0	0	0	0	0	0	0	0	0	0	0	
9002	????? ??	KING	NPC	MELEE	70		NOMOVE	0		STUN,SLOW,CURSE,TERROR	0		1	0	0	0	0	0	0	3954	3	1	0	0	562	79	100	100	0	2000	150	0	0	0	0	0	0	0	0	0	0	0	0	0	0	0	0	0	0	0	0	0	0	0	0	0	0	0	0	0	0	0	0	0	0	0	0	0	0	0	
9003	???? ??	KING	NPC	MELEE	70		NOMOVE	0		STUN,SLOW,CURSE,TERROR	0		1	0	0	0	0	0	0	3954	3	1	0	0	562	79	100	100	0	2000	150	0	0	0	0	0	0	0	0	0	0	0	0	0	0	0	0	0	0	0	0	0	0	0	0	0	0	0	0	0	0	0	0	0	0	0	0	0	0	0	
9004	????? ??	KING	NPC	MELEE	70		NOMOVE	0		STUN,SLOW,CURSE,TERROR	0		1	0	0	0	0	0	0	3954	3	1	0	0	562	79	100	100	0	2000	150	0	0	0	0	0	0	0	0	0	0	0	0	0	0	0	0	0	0	0	0	0	0	0	0	0	0	0	0	0	0	0	0	0	0	0	0	0	0	0	
9005	???? ????	KING	NPC	MELEE	70		NOMOVE	0		STUN,SLOW,CURSE,TERROR	0		2	0	0	0	0	0	0	3954	3	1	0	0	562	79	100	100	0	2000	150	0	0	0	0	0	0	0	0	0	0	0	0	0	0	0	0	0	0	0	0	0	0	0	0	0	0	0	0	0	0	0	0	0	0	0	0	0	0	0	
9006	??	KING	NPC	MELEE	70		NOMOVE	0		STUN,SLOW,CURSE,TERROR	0		2	0	0	0	0	0	0	3954	3	1	0	0	562	79	100	100	0	2000	150	0	0	0	0	0	0	0	0	0	0	0	0	0	0	0	0	0	0	0	0	0	0	0	0	0	0	0	0	0	0	0	0	0	0	0	0	0	0	0	
9007	???? ??	KING	NPC	MELEE	70		NOMOVE	0		STUN,SLOW,CURSE,TERROR	0		1	0	0	0	0	0	0	3954	3	1	0	0	562	79	100	100	0	2000	150	0	0	0	0	0	0	0	0	0	0	0	0	0	0	0	0	0	0	0	0	0	0	0	0	0	0	0	0	0	0	0	0	0	0	0	0	0	0	0	
9008	????? ??	KING	NPC	MELEE	70		NOMOVE	0		STUN,SLOW,CURSE,TERROR	0		1	0	0	0	0	0	0	3954	3	1	0	0	562	79	100	100	0	2000	150	0	0	0	0	0	0	0	0	0	0	0	0	0	0	0	0	0	0	0	0	0	0	0	0	0	0	0	0	0	0	0	0	0	0	0	0	0	0	0	
9009	??	KING	NPC	MELEE	70		NOMOVE	0		STUN,SLOW,CURSE,TERROR	0		1	0	0	0	0	0	0	3954	3	1	0	0	562	79	100	100	0	2000	150	0	0	0	0	0	0	0	0	0	0	0	0	0	0	0	0	0	0	0	0	0	0	0	0	0	0	0	0	0	0	0	0	0	0	0	0	0	0	0	
9010	?????? ??	KING	NPC	MELEE	70		NOMOVE	0		STUN,SLOW,CURSE,TERROR	0		2	0	0	0	0	0	0	3954	3	1	0	0	562	79	100	100	0	2000	150	0	0	0	0	0	0	0	0	0	0	0	0	0	0	0	0	0	0	0	0	0	0	0	0	0	0	0	0	0	0	0	0	0	0	0	0	0	0	0	
9011	????? ??	KING	NPC	MELEE	70		NOMOVE	0		STUN,SLOW,CURSE,TERROR	0		2	0	0	0	0	0	0	3954	3	1	0	0	562	79	100	100	0	2000	150	0	0	0	0	0	0	0	0	0	0	0	0	0	0	0	0	0	0	0	0	0	0	0	0	0	0	0	0	0	0	0	0	0	0	0	0	0	0	0	
9012	??????	KING	NPC	MELEE	70		NOMOVE	0		STUN,SLOW,CURSE,TERROR	0		2	0	0	0	0	0	0	3954	3	1	0	0	562	79	100	100	0	2000	150	0	0	0	0	0	0	0	0	0	0	0	0	0	0	0	0	0	0	0	0	0	0	0	0	0	0	0	0	0	0	0	0	0	0	0	0	0	0	0	
10001	??? 4002 8995	PAWN	WARP	SPECIAL	70		NOMOVE	0		STUN,SLOW,CURSE,TERROR	0		0	0	0	0	0	0	0	3954	3	1	0	0	562	79	100	100	0	2000	175	0	0	0	0	0	0	0	0	0	0	0	0	0	0	0	0	0	0	0	0	0	0	0	0	0	0	0	0	0	0	0	0	0	0	0	0	0	0	0	
10002	???? 4503 9050	PAWN	WARP	SPECIAL	70		NOMOVE	0		STUN,SLOW,CURSE,TERROR	0		0	0	0	0	0	0	0	3954	3	1	0	0	562	79	100	100	0	2000	175	0	0	0	0	0	0	0	0	0	0	0	0	0	0	0	0	0	0	0	0	0	0	0	0	0	0	0	0	0	0	0	0	0	0	0	0	0	0	0	
10003	??? 1118 2161	PAWN	WARP	SPECIAL	70		NOMOVE	0		STUN,SLOW,CURSE,TERROR	0		0	0	0	0	0	0	0	3954	3	1	0	0	562	79	100	100	0	2000	175	0	0	0	0	0	0	0	0	0	0	0	0	0	0	0	0	0	0	0	0	0	0	0	0	0	0	0	0	0	0	0	0	0	0	0	0	0	0	0	
10004	???? 876 2131	PAWN	WARP	SPECIAL	70		NOMOVE	0		STUN,SLOW,CURSE,TERROR	0		0	0	0	0	0	0	0	3954	3	1	0	0	562	79	100	100	0	2000	175	0	0	0	0	0	0	0	0	0	0	0	0	0	0	0	0	0	0	0	0	0	0	0	0	0	0	0	0	0	0	0	0	0	0	0	0	0	0	0	
10005	??? 9064 2214	PAWN	WARP	SPECIAL	70		NOMOVE	0		STUN,SLOW,CURSE,TERROR	0		0	0	0	0	0	0	0	3954	3	1	0	0	562	79	100	100	0	2000	175	0	0	0	0	0	0	0	0	0	0	0	0	0	0	0	0	0	0	0	0	0	0	0	0	0	0	0	0	0	0	0	0	0	0	0	0	0	0	0	
10006	???? 9372 2188	PAWN	WARP	SPECIAL	70		NOMOVE	0		STUN,SLOW,CURSE,TERROR	0		0	0	0	0	0	0	0	3954	3	1	0	0	562	79	100	100	0	2000	175	0	0	0	0	0	0	0	0	0	0	0	0	0	0	0	0	0	0	0	0	0	0	0	0	0	0	0	0	0	0	0	0	0	0	0	0	0	0	0	
10007	???? 4188 9560	PAWN	WARP	SPECIAL	70		NOMOVE	0		STUN,SLOW,CURSE,TERROR	0		0	0	0	0	0	0	0	3954	3	1	0	0	562	79	100	100	0	2000	175	0	0	0	0	0	0	0	0	0	0	0	0	0	0	0	0	0	0	0	0	0	0	0	0	0	0	0	0	0	0	0	0	0	0	0	0	0	0	0	
10008	??? 3179 8332	PAWN	WARP	SPECIAL	70		NOMOVE	0		STUN,SLOW,CURSE,TERROR	0		0	0	0	0	0	0	0	3954	3	1	0	0	562	79	100	100	0	2000	175	0	0	0	0	0	0	0	0	0	0	0	0	0	0	0	0	0	0	0	0	0	0	0	0	0	0	0	0	0	0	0	0	0	0	0	0	0	0	0	
10009	???? 897 1127	PAWN	WARP	SPECIAL	70		NOMOVE	0		STUN,SLOW,CURSE,TERROR	0		0	0	0	0	0	0	0	3954	3	1	0	0	562	79	100	100	0	2000	175	0	0	0	0	0	0	0	0	0	0	0	0	0	0	0	0	0	0	0	0	0	0	0	0	0	0	0	0	0	0	0	0	0	0	0	0	0	0	0	
10010	??? 1759 2210	PAWN	WARP	SPECIAL	70		NOMOVE	0		STUN,SLOW,CURSE,TERROR	0		0	0	0	0	0	0	0	3954	3	1	0	0	562	79	100	100	0	2000	175	0	0	0	0	0	0	0	0	0	0	0	0	0	0	0	0	0	0	0	0	0	0	0	0	0	0	0	0	0	0	0	0	0	0	0	0	0	0	0	
10011	???? 9343 3143	PAWN	WARP	SPECIAL	70		NOMOVE	0		STUN,SLOW,CURSE,TERROR	0		0	0	0	0	0	0	0	3954	3	1	0	0	562	79	100	100	0	2000	175	0	0	0	0	0	0	0	0	0	0	0	0	0	0	0	0	0	0	0	0	0	0	0	0	0	0	0	0	0	0	0	0	0	0	0	0	0	0	0	
10012	??? 8348 2926	PAWN	WARP	SPECIAL	70		NOMOVE	0		STUN,SLOW,CURSE,TERROR	0		0	0	0	0	0	0	0	3954	3	1	0	0	562	79	100	100	0	2000	175	0	0	0	0	0	0	0	0	0	0	0	0	0	0	0	0	0	0	0	0	0	0	0	0	0	0	0	0	0	0	0	0	0	0	0	0	0	0	0	
10013	???? 5536 1441	PAWN	WARP	SPECIAL	70		NOMOVE	0		STUN,SLOW,CURSE,TERROR	0		0	0	0	0	0	0	0	3954	3	1	0	0	562	79	100	100	0	2000	175	0	0	0	0	0	0	0	0	0	0	0	0	0	0	0	0	0	0	0	0	0	0	0	0	0	0	0	0	0	0	0	0	0	0	0	0	0	0	0	
10014	??? 3326 7468	PAWN	WARP	SPECIAL	70		NOMOVE	0		STUN,SLOW,CURSE,TERROR	0		0	0	0	0	0	0	0	3954	3	1	0	0	562	79	100	100	0	2000	175	0	0	0	0	0	0	0	0	0	0	0	0	0	0	0	0	0	0	0	0	0	0	0	0	0	0	0	0	0	0	0	0	0	0	0	0	0	0	0	
10015	???? 3467 6329	PAWN	WARP	SPECIAL	70		NOMOVE	0		STUN,SLOW,CURSE,TERROR	0		0	0	0	0	0	0	0	3954	3	1	0	0	562	79	100	100	0	2000	175	0	0	0	0	0	0	0	0	0	0	0	0	0	0	0	0	0	0	0	0	0	0	0	0	0	0	0	0	0	0	0	0	0	0	0	0	0	0	0	
10016	???? 600 4960	PAWN	WARP	SPECIAL	70		NOMOVE	0		STUN,SLOW,CURSE,TERROR	0		0	0	0	0	0	0	0	3954	3	1	0	0	562	79	100	100	0	2000	175	0	0	0	0	0	0	0	0	0	0	0	0	0	0	0	0	0	0	0	0	0	0	0	0	0	0	0	0	0	0	0	0	0	0	0	0	0	0	0	
10017	???? 5906 1102	PAWN	WARP	SPECIAL	70		NOMOVE	0		STUN,SLOW,CURSE,TERROR	0		0	0	0	0	0	0	0	3954	3	1	0	0	562	79	100	100	0	2000	175	0	0	0	0	0	0	0	0	0	0	0	0	0	0	0	0	0	0	0	0	0	0	0	0	0	0	0	0	0	0	0	0	0	0	0	0	0	0	0	
10018	???? 2165 7270	PAWN	WARP	SPECIAL	70		NOMOVE	0		STUN,SLOW,CURSE,TERROR	0		0	0	0	0	0	0	0	3954	3	1	0	0	562	79	100	100	0	2000	175	0	0	0	0	0	0	0	0	0	0	0	0	0	0	0	0	0	0	0	0	0	0	0	0	0	0	0	0	0	0	0	0	0	0	0	0	0	0	0	
10019	??? 3211 9009	PAWN	WARP	SPECIAL	70		NOMOVE	0		STUN,SLOW,CURSE,TERROR	0		0	0	0	0	0	0	0	3954	3	1	0	0	562	79	100	100	0	2000	150	0	0	0	0	0	0	0	0	0	0	0	0	0	0	0	0	0	0	0	0	0	0	0	0	0	0	0	0	0	0	0	0	0	0	0	0	0	0	0	
10020	??? 1356 43	PAWN	WARP	SPECIAL	70		NOMOVE	0		STUN,SLOW,CURSE,TERROR	0		0	0	0	0	0	0	0	3954	3	1	0	0	562	79	100	100	0	2000	150	0	0	0	0	0	0	0	0	0	0	0	0	0	0	0	0	0	0	0	0	0	0	0	0	0	0	0	0	0	0	0	0	0	0	0	0	0	0	0	
10021	??? 1168 2920	PAWN	WARP	SPECIAL	70		NOMOVE	0		STUN,SLOW,CURSE,TERROR	0		0	0	0	0	0	0	0	3954	3	1	0	0	562	79	100	100	0	2000	150	0	0	0	0	0	0	0	0	0	0	0	0	0	0	0	0	0	0	0	0	0	0	0	0	0	0	0	0	0	0	0	0	0	0	0	0	0	0	0	
10022	??? 2219 93	PAWN	WARP	SPECIAL	70		NOMOVE	0		STUN,SLOW,CURSE,TERROR	0		0	0	0	0	0	0	0	3954	3	1	0	0	562	79	100	100	0	2000	150	0	0	0	0	0	0	0	0	0	0	0	0	0	0	0	0	0	0	0	0	0	0	0	0	0	0	0	0	0	0	0	0	0	0	0	0	0	0	0	
10023	??? 9098 2948	PAWN	WARP	SPECIAL	70		NOMOVE	0		STUN,SLOW,CURSE,TERROR	0		0	0	0	0	0	0	0	3954	3	1	0	0	562	79	100	100	0	2000	150	0	0	0	0	0	0	0	0	0	0	0	0	0	0	0	0	0	0	0	0	0	0	0	0	0	0	0	0	0	0	0	0	0	0	0	0	0	0	0	
10024	??? 2718 130	PAWN	WARP	SPECIAL	70		NOMOVE	0		STUN,SLOW,CURSE,TERROR	0		0	0	0	0	0	0	0	3954	3	1	0	0	562	79	100	100	0	2000	150	0	0	0	0	0	0	0	0	0	0	0	0	0	0	0	0	0	0	0	0	0	0	0	0	0	0	0	0	0	0	0	0	0	0	0	0	0	0	0	
10025	??? 4993 2984	PAWN	WARP	SPECIAL	70		NOMOVE	0		STUN,SLOW,CURSE,TERROR	0		0	0	0	0	0	0	0	3954	3	1	0	0	562	79	100	100	0	2000	150	0	0	0	0	0	0	0	0	0	0	0	0	0	0	0	0	0	0	0	0	0	0	0	0	0	0	0	0	0	0	0	0	0	0	0	0	0	0	0	
10026	??? 2887 57	PAWN	WARP	SPECIAL	70		NOMOVE	0		STUN,SLOW,CURSE,TERROR	0		0	0	0	0	0	0	0	3954	3	1	0	0	562	79	100	100	0	2000	150	0	0	0	0	0	0	0	0	0	0	0	0	0	0	0	0	0	0	0	0	0	0	0	0	0	0	0	0	0	0	0	0	0	0	0	0	0	0	0	
10027	??? 2866 437	PAWN	WARP	SPECIAL	70		NOMOVE	0		STUN,SLOW,CURSE,TERROR	0		0	0	0	0	0	0	0	3954	3	1	0	0	562	79	100	100	0	2000	150	0	0	0	0	0	0	0	0	0	0	0	0	0	0	0	0	0	0	0	0	0	0	0	0	0	0	0	0	0	0	0	0	0	0	0	0	0	0	0	
10028	???? 11199 708	PAWN	WARP	SPECIAL	70		NOMOVE	0		STUN,SLOW,CURSE,TERROR	0		0	0	0	0	0	0	0	3954	3	1	0	0	562	79	100	100	0	2000	150	0	0	0	0	0	0	0	0	0	0	0	0	0	0	0	0	0	0	0	0	0	0	0	0	0	0	0	0	0	0	0	0	0	0	0	0	0	0	0	
10029	???? 10590 7262	PAWN	WARP	SPECIAL	70		NOMOVE	0		STUN,SLOW,CURSE,TERROR	0		0	0	0	0	0	0	0	3954	3	1	0	0	562	79	100	100	0	2000	150	0	0	0	0	0	0	0	0	0	0	0	0	0	0	0	0	0	0	0	0	0	0	0	0	0	0	0	0	0	0	0	0	0	0	0	0	0	0	0	
10030	???? 3519 6223	PAWN	WARP	SPECIAL	70		NOMOVE	0		STUN,SLOW,CURSE,TERROR	0		0	0	0	0	0	0	0	3954	3	1	0	0	562	79	100	100	0	2000	150	0	0	0	0	0	0	0	0	0	0	0	0	0	0	0	0	0	0	0	0	0	0	0	0	0	0	0	0	0	0	0	0	0	0	0	0	0	0	0	
10031	???? 10594 7525	PAWN	WARP	SPECIAL	70		NOMOVE	0		STUN,SLOW,CURSE,TERROR	0		0	0	0	0	0	0	0	3954	3	1	0	0	562	79	100	100	0	2000	150	0	0	0	0	0	0	0	0	0	0	0	0	0	0	0	0	0	0	0	0	0	0	0	0	0	0	0	0	0	0	0	0	0	0	0	0	0	0	0	
10032	??? 8283 7635	PAWN	WARP	SPECIAL	70		NOMOVE	0		STUN,SLOW,CURSE,TERROR	0		0	0	0	0	0	0	0	3954	3	1	0	0	562	79	100	100	0	2000	150	0	0	0	0	0	0	0	0	0	0	0	0	0	0	0	0	0	0	0	0	0	0	0	0	0	0	0	0	0	0	0	0	0	0	0	0	0	0	0	
10033	????1? 10594 7525	PAWN	WARP	SPECIAL	70		NOMOVE	0		STUN,SLOW,CURSE,TERROR	0		0	0	0	0	0	0	0	3954	3	1	0	0	562	79	100	100	0	2000	150	0	0	0	0	0	0	0	0	0	0	0	0	0	0	0	0	0	0	0	0	0	0	0	0	0	0	0	0	0	0	0	0	0	0	0	0	0	0	0	
10034	????2? 10594 7525	PAWN	WARP	SPECIAL	70		NOMOVE	0		STUN,SLOW,CURSE,TERROR	0		0	0	0	0	0	0	0	3954	3	1	0	0	562	79	100	100	0	2000	150	0	0	0	0	0	0	0	0	0	0	0	0	0	0	0	0	0	0	0	0	0	0	0	0	0	0	0	0	0	0	0	0	0	0	0	0	0	0	0	
10035	???? 917 5253	PAWN	WARP	SPECIAL	70		NOMOVE	0		STUN,SLOW,CURSE,TERROR	0		0	0	0	0	0	0	0	3954	3	1	0	0	562	79	100	100	0	2000	150	0	0	0	0	0	0	0	0	0	0	0	0	0	0	0	0	0	0	0	0	0	0	0	0	0	0	0	0	0	0	0	0	0	0	0	0	0	0	0	
10036	?????? 7041 4642	PAWN	WARP	SPECIAL	70		NOMOVE	0		STUN,SLOW,CURSE,TERROR	0		0	0	0	0	0	0	0	3954	3	1	0	0	562	79	100	100	0	2000	150	0	0	0	0	0	0	0	0	0	0	0	0	0	0	0	0	0	0	0	0	0	0	0	0	0	0	0	0	0	0	0	0	0	0	0	0	0	0	0	
10037	??? 3809 8233	PAWN	WARP	SPECIAL	70		NOMOVE	0		STUN,SLOW,CURSE,TERROR	1		0	0	0	0	0	0	0	3954	3	1	0	0	562	79	100	100	0	2000	150	0	0	0	0	0	0	0	0	0	0	0	0	0	0	0	0	0	0	0	0	0	0	0	0	0	0	0	0	0	0	0	0	0	0	0	0	0	0	0	
10038	??? 9752 1330	PAWN	WARP	SPECIAL	70		NOMOVE	0		STUN,SLOW,CURSE,TERROR	1		0	0	0	0	0	0	0	3954	3	1	0	0	562	79	100	100	0	2000	150	0	0	0	0	0	0	0	0	0	0	0	0	0	0	0	0	0	0	0	0	0	0	0	0	0	0	0	0	0	0	0	0	0	0	0	0	0	0	0	
10039	??? 1917 2900	PAWN	WARP	SPECIAL	70		NOMOVE	0		STUN,SLOW,CURSE,TERROR	2		0	0	0	0	0	0	0	3954	3	1	0	0	562	79	100	100	0	2000	150	0	0	0	0	0	0	0	0	0	0	0	0	0	0	0	0	0	0	0	0	0	0	0	0	0	0	0	0	0	0	0	0	0	0	0	0	0	0	0	
10040	??? 9239 1836	PAWN	WARP	SPECIAL	70		NOMOVE	0		STUN,SLOW,CURSE,TERROR	2		0	0	0	0	0	0	0	3954	3	1	0	0	562	79	100	100	0	2000	150	0	0	0	0	0	0	0	0	0	0	0	0	0	0	0	0	0	0	0	0	0	0	0	0	0	0	0	0	0	0	0	0	0	0	0	0	0	0	0	
10041	??? 8316 2154	PAWN	WARP	SPECIAL	70		NOMOVE	0		STUN,SLOW,CURSE,TERROR	3		0	0	0	0	0	0	0	3954	3	1	0	0	562	79	100	100	0	2000	150	0	0	0	0	0	0	0	0	0	0	0	0	0	0	0	0	0	0	0	0	0	0	0	0	0	0	0	0	0	0	0	0	0	0	0	0	0	0	0	
10042	??? 9772 1850	PAWN	WARP	SPECIAL	70		NOMOVE	0		STUN,SLOW,CURSE,TERROR	3		0	0	0	0	0	0	0	3954	3	1	0	0	562	79	100	100	0	2000	150	0	0	0	0	0	0	0	0	0	0	0	0	0	0	0	0	0	0	0	0	0	0	0	0	0	0	0	0	0	0	0	0	0	0	0	0	0	0	0	
10043	??? 3819 2969	PAWN	WARP	SPECIAL	70		NOMOVE	0		STUN,SLOW,CURSE,TERROR	2		0	0	0	0	0	0	0	3954	3	1	0	0	562	79	100	100	0	2000	150	0	0	0	0	0	0	0	0	0	0	0	0	0	0	0	0	0	0	0	0	0	0	0	0	0	0	0	0	0	0	0	0	0	0	0	0	0	0	0	
10044	??? 10189 1484	PAWN	WARP	SPECIAL	70		NOMOVE	0		STUN,SLOW,CURSE,TERROR	2		0	0	0	0	0	0	0	3954	3	1	0	0	562	79	100	100	0	2000	150	0	0	0	0	0	0	0	0	0	0	0	0	0	0	0	0	0	0	0	0	0	0	0	0	0	0	0	0	0	0	0	0	0	0	0	0	0	0	0	
10045	??? 3819 2969	PAWN	WARP	SPECIAL	70		NOMOVE	0		STUN,SLOW,CURSE,TERROR	3		0	0	0	0	0	0	0	3954	3	1	0	0	562	79	100	100	0	2000	150	0	0	0	0	0	0	0	0	0	0	0	0	0	0	0	0	0	0	0	0	0	0	0	0	0	0	0	0	0	0	0	0	0	0	0	0	0	0	0	
10046	??? 9774 1501	PAWN	WARP	SPECIAL	70		NOMOVE	0		STUN,SLOW,CURSE,TERROR	3		0	0	0	0	0	0	0	3954	3	1	0	0	562	79	100	100	0	2000	150	0	0	0	0	0	0	0	0	0	0	0	0	0	0	0	0	0	0	0	0	0	0	0	0	0	0	0	0	0	0	0	0	0	0	0	0	0	0	0	
10047	??? 2699 6752	PAWN	WARP	SPECIAL	70		NOMOVE	0		STUN,SLOW,CURSE,TERROR	1		0	0	0	0	0	0	0	3954	3	1	0	0	562	79	100	100	0	2000	150	0	0	0	0	0	0	0	0	0	0	0	0	0	0	0	0	0	0	0	0	0	0	0	0	0	0	0	0	0	0	0	0	0	0	0	0	0	0	0	
10048	??? 9679 1994	PAWN	WARP	SPECIAL	70		NOMOVE	0		STUN,SLOW,CURSE,TERROR	1		0	0	0	0	0	0	0	3954	3	1	0	0	562	79	100	100	0	2000	150	0	0	0	0	0	0	0	0	0	0	0	0	0	0	0	0	0	0	0	0	0	0	0	0	0	0	0	0	0	0	0	0	0	0	0	0	0	0	0	
10049	??? 2699 6752	PAWN	WARP	SPECIAL	70		NOMOVE	0		STUN,SLOW,CURSE,TERROR	3		0	0	0	0	0	0	0	3954	3	1	0	0	562	79	100	100	0	2000	150	0	0	0	0	0	0	0	0	0	0	0	0	0	0	0	0	0	0	0	0	0	0	0	0	0	0	0	0	0	0	0	0	0	0	0	0	0	0	0	
10050	??? 9256 2012	PAWN	WARP	SPECIAL	70		NOMOVE	0		STUN,SLOW,CURSE,TERROR	3		0	0	0	0	0	0	0	3954	3	1	0	0	562	79	100	100	0	2000	150	0	0	0	0	0	0	0	0	0	0	0	0	0	0	0	0	0	0	0	0	0	0	0	0	0	0	0	0	0	0	0	0	0	0	0	0	0	0	0	
10051	???? 3478 6189	PAWN	WARP	SPECIAL	70		NOMOVE	0		STUN,SLOW,CURSE,TERROR	1		0	0	0	0	0	0	0	3954	3	1	0	0	562	79	100	100	0	2000	150	0	0	0	0	0	0	0	0	0	0	0	0	0	0	0	0	0	0	0	0	0	0	0	0	0	0	0	0	0	0	0	0	0	0	0	0	0	0	0	
10052	??? 9780 1995	PAWN	WARP	SPECIAL	70		NOMOVE	0		STUN,SLOW,CURSE,TERROR	1		0	0	0	0	0	0	0	3954	3	1	0	0	562	79	100	100	0	2000	150	0	0	0	0	0	0	0	0	0	0	0	0	0	0	0	0	0	0	0	0	0	0	0	0	0	0	0	0	0	0	0	0	0	0	0	0	0	0	0	
10053	???? 3478 6189	PAWN	WARP	SPECIAL	70		NOMOVE	0		STUN,SLOW,CURSE,TERROR	2		0	0	0	0	0	0	0	3954	3	1	0	0	562	79	100	100	0	2000	150	0	0	0	0	0	0	0	0	0	0	0	0	0	0	0	0	0	0	0	0	0	0	0	0	0	0	0	0	0	0	0	0	0	0	0	0	0	0	0	
10054	??? 10190 2002	PAWN	WARP	SPECIAL	70		NOMOVE	0		STUN,SLOW,CURSE,TERROR	2		0	0	0	0	0	0	0	3954	3	1	0	0	562	79	100	100	0	2000	150	0	0	0	0	0	0	0	0	0	0	0	0	0	0	0	0	0	0	0	0	0	0	0	0	0	0	0	0	0	0	0	0	0	0	0	0	0	0	0	
10055	???? 6011 6874	PAWN	WARP	SPECIAL	70		NOMOVE	0		STUN,SLOW,CURSE,TERROR	0		0	0	0	0	0	0	0	3954	3	1	0	0	562	79	100	100	0	2000	150	0	0	0	0	0	0	0	0	0	0	0	0	0	0	0	0	0	0	0	0	0	0	0	0	0	0	0	0	0	0	0	0	0	0	0	0	0	0	0	
10056	??? 4368 2158	PAWN	WARP	SPECIAL	70		NOMOVE	0		STUN,SLOW,CURSE,TERROR	0		0	0	0	0	0	0	0	3954	3	1	0	0	562	79	100	100	0	2000	150	0	0	0	0	0	0	0	0	0	0	0	0	0	0	0	0	0	0	0	0	0	0	0	0	0	0	0	0	0	0	0	0	0	0	0	0	0	0	0	
10057	??? 3355 7558	PAWN	WARP	SPECIAL	70		NOMOVE	0		STUN,SLOW,CURSE,TERROR	0		0	0	0	0	0	0	0	3954	3	1	0	0	562	79	100	100	0	2000	150	0	0	0	0	0	0	0	0	0	0	0	0	0	0	0	0	0	0	0	0	0	0	0	0	0	0	0	0	0	0	0	0	0	0	0	0	0	0	0	
10058	???? 5943 1337	PAWN	WARP	SPECIAL	70		NOMOVE	0		STUN,SLOW,CURSE,TERROR	0		0	0	0	0	0	0	0	3954	3	1	0	0	562	79	100	100	0	2000	150	0	0	0	0	0	0	0	0	0	0	0	0	0	0	0	0	0	0	0	0	0	0	0	0	0	0	0	0	0	0	0	0	0	0	0	0	0	0	0	
10059	???1 0 10496	PAWN	WARP	SPECIAL	70		NOMOVE	0		STUN,SLOW,CURSE,TERROR	0		0	0	0	0	0	0	0	3954	3	1	0	0	562	79	100	100	0	2000	150	0	0	0	0	0	0	0	0	0	0	0	0	0	0	0	0	0	0	0	0	0	0	0	0	0	0	0	0	0	0	0	0	0	0	0	0	0	0	0	
10060	????1 1536 10496	PAWN	WARP	SPECIAL	70		NOMOVE	0		STUN,SLOW,CURSE,TERROR	0		0	0	0	0	0	0	0	3954	3	1	0	0	562	79	100	100	0	2000	150	0	0	0	0	0	0	0	0	0	0	0	0	0	0	0	0	0	0	0	0	0	0	0	0	0	0	0	0	0	0	0	0	0	0	0	0	0	0	0	
10061	????1 4608 10496	PAWN	WARP	SPECIAL	70		NOMOVE	0		STUN,SLOW,CURSE,TERROR	0		0	0	0	0	0	0	0	3954	3	1	0	0	562	79	100	100	0	2000	150	0	0	0	0	0	0	0	0	0	0	0	0	0	0	0	0	0	0	0	0	0	0	0	0	0	0	0	0	0	0	0	0	0	0	0	0	0	0	0	
10062	???1 6144 10496	PAWN	WARP	SPECIAL	70		NOMOVE	0		STUN,SLOW,CURSE,TERROR	0		0	0	0	0	0	0	0	3954	3	1	0	0	562	79	100	100	0	2000	150	0	0	0	0	0	0	0	0	0	0	0	0	0	0	0	0	0	0	0	0	0	0	0	0	0	0	0	0	0	0	0	0	0	0	0	0	0	0	0	
10063	??? 3031 266	PAWN	WARP	SPECIAL	70		NOMOVE	0		STUN,SLOW,CURSE,TERROR	0		0	0	0	0	0	0	0	3954	3	1	0	0	562	79	100	100	0	2000	150	0	0	0	0	0	0	0	0	0	0	0	0	0	0	0	0	0	0	0	0	0	0	0	0	0	0	0	0	0	0	0	0	0	0	0	0	0	0	0	
10064	???? 11133 534	PAWN	WARP	SPECIAL	70		NOMOVE	0		STUN,SLOW,CURSE,TERROR	0		0	0	0	0	0	0	0	3954	3	1	0	0	562	79	100	100	0	2000	150	0	0	0	0	0	0	0	0	0	0	0	0	0	0	0	0	0	0	0	0	0	0	0	0	0	0	0	0	0	0	0	0	0	0	0	0	0	0	0	
10065	???? 7754 10553	PAWN	WARP	SPECIAL	70		NOMOVE	0		STUN,SLOW,CURSE,TERROR	0		0	0	0	0	0	0	0	3954	3	1	0	0	562	79	100	100	0	2000	150	0	0	0	0	0	0	0	0	0	0	0	0	0	0	0	0	0	0	0	0	0	0	0	0	0	0	0	0	0	0	0	0	0	0	0	0	0	0	0	
10066	????? 9915 11195	PAWN	WARP	SPECIAL	70		NOMOVE	0		STUN,SLOW,CURSE,TERROR	0		0	0	0	0	0	0	0	3954	3	1	0	0	562	79	100	100	0	2000	150	0	0	0	0	0	0	0	0	0	0	0	0	0	0	0	0	0	0	0	0	0	0	0	0	0	0	0	0	0	0	0	0	0	0	0	0	0	0	0	
10067	??? 7752  4477	PAWN	WARP	SPECIAL	70		NOMOVE	0		STUN,SLOW,CURSE,TERROR	0		0	0	0	0	0	0	0	3954	3	1	0	0	562	79	100	100	0	2000	150	0	0	0	0	0	0	0	0	0	0	0	0	0	0	0	0	0	0	0	0	0	0	0	0	0	0	0	0	0	0	0	0	0	0	0	0	0	0	0	
10068	??? 4062 8756	PAWN	WARP	SPECIAL	70		NOMOVE	0		STUN,SLOW,CURSE,TERROR	0		0	0	0	0	0	0	0	3954	3	1	0	0	562	79	100	100	0	2000	150	0	0	0	0	0	0	0	0	0	0	0	0	0	0	0	0	0	0	0	0	0	0	0	0	0	0	0	0	0	0	0	0	0	0	0	0	0	0	0	
10069	??? 8520  4477	PAWN	WARP	SPECIAL	70		NOMOVE	0		STUN,SLOW,CURSE,TERROR	0		0	0	0	0	0	0	0	3954	3	1	0	0	562	79	100	100	0	2000	150	0	0	0	0	0	0	0	0	0	0	0	0	0	0	0	0	0	0	0	0	0	0	0	0	0	0	0	0	0	0	0	0	0	0	0	0	0	0	0	
10070	??? 1611 2130	PAWN	WARP	SPECIAL	70		NOMOVE	0		STUN,SLOW,CURSE,TERROR	0		0	0	0	0	0	0	0	3954	3	1	0	0	562	79	100	100	0	2000	150	0	0	0	0	0	0	0	0	0	0	0	0	0	0	0	0	0	0	0	0	0	0	0	0	0	0	0	0	0	0	0	0	0	0	0	0	0	0	0	
10071	??? 9288  4477	PAWN	WARP	SPECIAL	70		NOMOVE	0		STUN,SLOW,CURSE,TERROR	0		0	0	0	0	0	0	0	3954	3	1	0	0	562	79	100	100	0	2000	150	0	0	0	0	0	0	0	0	0	0	0	0	0	0	0	0	0	0	0	0	0	0	0	0	0	0	0	0	0	0	0	0	0	0	0	0	0	0	0	
10072	??? 8727 2100	PAWN	WARP	SPECIAL	70		NOMOVE	0		STUN,SLOW,CURSE,TERROR	0		0	0	0	0	0	0	0	3954	3	1	0	0	562	79	100	100	0	2000	150	0	0	0	0	0	0	0	0	0	0	0	0	0	0	0	0	0	0	0	0	0	0	0	0	0	0	0	0	0	0	0	0	0	0	0	0	0	0	0	
10073	???? 3061 6202	PAWN	WARP	SPECIAL	70		NOMOVE	0		STUN,SLOW,CURSE,TERROR	0		0	0	0	0	0	0	0	3954	3	1	0	0	562	79	100	100	0	2000	150	0	0	0	0	0	0	0	0	0	0	0	0	0	0	0	0	0	0	0	0	0	0	0	0	0	0	0	0	0	0	0	0	0	0	0	0	0	0	0	
10074	??? 1352  6532	PAWN	WARP	SPECIAL	70		NOMOVE	0		STUN,SLOW,CURSE,TERROR	0		0	0	0	0	0	0	0	3954	3	1	0	0	562	79	100	100	0	2000	150	0	0	0	0	0	0	0	0	0	0	0	0	0	0	0	0	0	0	0	0	0	0	0	0	0	0	0	0	0	0	0	0	0	0	0	0	0	0	0	
10075	???? 2879 5407	PAWN	WARP	SPECIAL	70		NOMOVE	0		STUN,SLOW,CURSE,TERROR	0		0	0	0	0	0	0	0	3954	3	1	0	0	562	79	100	100	0	2000	150	0	0	0	0	0	0	0	0	0	0	0	0	0	0	0	0	0	0	0	0	0	0	0	0	0	0	0	0	0	0	0	0	0	0	0	0	0	0	0	
10076	??? 1352  7300	PAWN	WARP	SPECIAL	70		NOMOVE	0		STUN,SLOW,CURSE,TERROR	0		0	0	0	0	0	0	0	3954	3	1	0	0	562	79	100	100	0	2000	150	0	0	0	0	0	0	0	0	0	0	0	0	0	0	0	0	0	0	0	0	0	0	0	0	0	0	0	0	0	0	0	0	0	0	0	0	0	0	0	
10077	????1? 9 12078	PAWN	WARP	SPECIAL	70		NOMOVE	0		STUN,SLOW,CURSE,TERROR	0		0	0	0	0	0	0	0	3954	3	1	0	0	562	79	100	100	0	2000	150	0	0	0	0	0	0	0	0	0	0	0	0	0	0	0	0	0	0	0	0	0	0	0	0	0	0	0	0	0	0	0	0	0	0	0	0	0	0	0	
10078	??? 2842 8106	PAWN	WARP	SPECIAL	70		NOMOVE	0		STUN,SLOW,CURSE,TERROR	0		0	0	0	0	0	0	0	3954	3	1	0	0	562	79	100	100	0	2000	150	0	0	0	0	0	0	0	0	0	0	0	0	0	0	0	0	0	0	0	0	0	0	0	0	0	0	0	0	0	0	0	0	0	0	0	0	0	0	0	
10079	????1? 1459 13236	PAWN	WARP	SPECIAL	70		NOMOVE	0		STUN,SLOW,CURSE,TERROR	0		0	0	0	0	0	0	0	3954	3	1	0	0	562	79	100	100	0	2000	150	0	0	0	0	0	0	0	0	0	0	0	0	0	0	0	0	0	0	0	0	0	0	0	0	0	0	0	0	0	0	0	0	0	0	0	0	0	0	0	
10080	????2? 2413 12755	PAWN	WARP	SPECIAL	70		NOMOVE	0		STUN,SLOW,CURSE,TERROR	0		0	0	0	0	0	0	0	3954	3	1	0	0	562	79	100	100	0	2000	150	0	0	0	0	0	0	0	0	0	0	0	0	0	0	0	0	0	0	0	0	0	0	0	0	0	0	0	0	0	0	0	0	0	0	0	0	0	0	0	
10081	????1? 99 13618	PAWN	WARP	SPECIAL	70		NOMOVE	0		STUN,SLOW,CURSE,TERROR	0		0	0	0	0	0	0	0	3954	3	1	0	0	562	79	100	100	0	2000	150	0	0	0	0	0	0	0	0	0	0	0	0	0	0	0	0	0	0	0	0	0	0	0	0	0	0	0	0	0	0	0	0	0	0	0	0	0	0	0	
10082	???? 5028 9998	PAWN	WARP	SPECIAL	70		NOMOVE	0		STUN,SLOW,CURSE,TERROR	0		0	0	0	0	0	0	0	3954	3	1	0	0	562	79	100	100	0	2000	150	0	0	0	0	0	0	0	0	0	0	0	0	0	0	0	0	0	0	0	0	0	0	0	0	0	0	0	0	0	0	0	0	0	0	0	0	0	0	0	
10083	????1? 1360 14972	PAWN	WARP	SPECIAL	70		NOMOVE	0		STUN,SLOW,CURSE,TERROR	0		0	0	0	0	0	0	0	3954	3	1	0	0	562	79	100	100	0	2000	150	0	0	0	0	0	0	0	0	0	0	0	0	0	0	0	0	0	0	0	0	0	0	0	0	0	0	0	0	0	0	0	0	0	0	0	0	0	0	0	
10084	????2? 2414 14289	PAWN	WARP	SPECIAL	70		NOMOVE	0		STUN,SLOW,CURSE,TERROR	0		0	0	0	0	0	0	0	3954	3	1	0	0	562	79	100	100	0	2000	150	0	0	0	0	0	0	0	0	0	0	0	0	0	0	0	0	0	0	0	0	0	0	0	0	0	0	0	0	0	0	0	0	0	0	0	0	0	0	0	
10085	????1? 99 15154	PAWN	WARP	SPECIAL	70		NOMOVE	0		STUN,SLOW,CURSE,TERROR	0		0	0	0	0	0	0	0	3954	3	1	0	0	562	79	100	100	0	2000	150	0	0	0	0	0	0	0	0	0	0	0	0	0	0	0	0	0	0	0	0	0	0	0	0	0	0	0	0	0	0	0	0	0	0	0	0	0	0	0	
10086	???? 616 1148	PAWN	WARP	SPECIAL	70		NOMOVE	0		STUN,SLOW,CURSE,TERROR	0		0	0	0	0	0	0	0	3954	3	1	0	0	562	79	100	100	0	2000	150	0	0	0	0	0	0	0	0	0	0	0	0	0	0	0	0	0	0	0	0	0	0	0	0	0	0	0	0	0	0	0	0	0	0	0	0	0	0	0	
10087	????1? 1360 16508	PAWN	WARP	SPECIAL	70		NOMOVE	0		STUN,SLOW,CURSE,TERROR	0		0	0	0	0	0	0	0	3954	3	1	0	0	562	79	100	100	0	2000	150	0	0	0	0	0	0	0	0	0	0	0	0	0	0	0	0	0	0	0	0	0	0	0	0	0	0	0	0	0	0	0	0	0	0	0	0	0	0	0	
10088	????2? 2414 15825	PAWN	WARP	SPECIAL	70		NOMOVE	0		STUN,SLOW,CURSE,TERROR	0		0	0	0	0	0	0	0	3954	3	1	0	0	562	79	100	100	0	2000	150	0	0	0	0	0	0	0	0	0	0	0	0	0	0	0	0	0	0	0	0	0	0	0	0	0	0	0	0	0	0	0	0	0	0	0	0	0	0	0	
10089	????1? 99 16690	PAWN	WARP	SPECIAL	70		NOMOVE	0		STUN,SLOW,CURSE,TERROR	0		0	0	0	0	0	0	0	3954	3	1	0	0	562	79	100	100	0	2000	150	0	0	0	0	0	0	0	0	0	0	0	0	0	0	0	0	0	0	0	0	0	0	0	0	0	0	0	0	0	0	0	0	0	0	0	0	0	0	0	
10090	???? 9609 3188	PAWN	WARP	SPECIAL	70		NOMOVE	0		STUN,SLOW,CURSE,TERROR	0		0	0	0	0	0	0	0	3954	3	1	0	0	562	79	100	100	0	2000	150	0	0	0	0	0	0	0	0	0	0	0	0	0	0	0	0	0	0	0	0	0	0	0	0	0	0	0	0	0	0	0	0	0	0	0	0	0	0	0	
10091	????1? 1360 18044	PAWN	WARP	SPECIAL	70		NOMOVE	0		STUN,SLOW,CURSE,TERROR	0		0	0	0	0	0	0	0	3954	3	1	0	0	562	79	100	100	0	2000	150	0	0	0	0	0	0	0	0	0	0	0	0	0	0	0	0	0	0	0	0	0	0	0	0	0	0	0	0	0	0	0	0	0	0	0	0	0	0	0	
10092	????2? 2414 17361	PAWN	WARP	SPECIAL	70		NOMOVE	0		STUN,SLOW,CURSE,TERROR	0		0	0	0	0	0	0	0	3954	3	1	0	0	562	79	100	100	0	2000	150	0	0	0	0	0	0	0	0	0	0	0	0	0	0	0	0	0	0	0	0	0	0	0	0	0	0	0	0	0	0	0	0	0	0	0	0	0	0	0	
10093	????? 1731 12205	PAWN	WARP	SPECIAL	70		NOMOVE	0		STUN,SLOW,CURSE,TERROR	0		0	0	0	0	0	0	0	3954	3	1	0	0	562	79	100	100	0	2000	150	0	0	0	0	0	0	0	0	0	0	0	0	0	0	0	0	0	0	0	0	0	0	0	0	0	0	0	0	0	0	0	0	0	0	0	0	0	0	0	
10094	????? 1733  13743	PAWN	WARP	SPECIAL	70		NOMOVE	0		STUN,SLOW,CURSE,TERROR	0		0	0	0	0	0	0	0	3954	3	1	0	0	562	79	100	100	0	2000	150	0	0	0	0	0	0	0	0	0	0	0	0	0	0	0	0	0	0	0	0	0	0	0	0	0	0	0	0	0	0	0	0	0	0	0	0	0	0	0	
10095	????? 1728 15277	PAWN	WARP	SPECIAL	70		NOMOVE	0		STUN,SLOW,CURSE,TERROR	0		0	0	0	0	0	0	0	3954	3	1	0	0	562	79	100	100	0	2000	150	0	0	0	0	0	0	0	0	0	0	0	0	0	0	0	0	0	0	0	0	0	0	0	0	0	0	0	0	0	0	0	0	0	0	0	0	0	0	0	
10096	????? 1724 16824	PAWN	WARP	SPECIAL	70		NOMOVE	0		STUN,SLOW,CURSE,TERROR	0		0	0	0	0	0	0	0	3954	3	1	0	0	562	79	100	100	0	2000	150	0	0	0	0	0	0	0	0	0	0	0	0	0	0	0	0	0	0	0	0	0	0	0	0	0	0	0	0	0	0	0	0	0	0	0	0	0	0	0	
10097	??????2?? 7040 5235 	PAWN	WARP	SPECIAL	70		NOMOVE	0		STUN,SLOW,CURSE,TERROR	0		0	0	0	0	0	0	0	3954	3	1	0	0	562	79	100	100	0	2000	150	0	0	0	0	0	0	0	0	0	0	0	0	0	0	0	0	0	0	0	0	0	0	0	0	0	0	0	0	0	0	0	0	0	0	0	0	0	0	0	
10098	??????3?? 984 5711	PAWN	WARP	SPECIAL	70		NOMOVE	0		STUN,SLOW,CURSE,TERROR	0		0	0	0	0	0	0	0	3954	3	1	0	0	562	79	100	100	0	2000	150	0	0	0	0	0	0	0	0	0	0	0	0	0	0	0	0	0	0	0	0	0	0	0	0	0	0	0	0	0	0	0	0	0	0	0	0	0	0	0	
10099	????? 11043 17885	PAWN	WARP	SPECIAL	70		NOMOVE	0		STUN,SLOW,CURSE,TERROR	0		0	0	0	0	0	0	0	3954	3	1	0	0	562	79	100	100	0	2000	150	0	0	0	0	0	0	0	0	0	0	0	0	0	0	0	0	0	0	0	0	0	0	0	0	0	0	0	0	0	0	0	0	0	0	0	0	0	0	0	
10100	????? 10963 16744	PAWN	WARP	SPECIAL	70		NOMOVE	0		STUN,SLOW,CURSE,TERROR	0		0	0	0	0	0	0	0	3954	3	1	0	0	562	79	100	100	0	2000	150	0	0	0	0	0	0	0	0	0	0	0	0	0	0	0	0	0	0	0	0	0	0	0	0	0	0	0	0	0	0	0	0	0	0	0	0	0	0	0	
10101	???? 10869 16558	PAWN	WARP	SPECIAL	70		NOMOVE	0		STUN,SLOW,CURSE,TERROR	0		0	0	0	0	0	0	0	3954	3	1	0	0	562	79	100	100	0	2000	150	0	0	0	0	0	0	0	0	0	0	0	0	0	0	0	0	0	0	0	0	0	0	0	0	0	0	0	0	0	0	0	0	0	0	0	0	0	0	0	
10102	????? 11664 16779	PAWN	WARP	SPECIAL	70		NOMOVE	0		STUN,SLOW,CURSE,TERROR	0		0	0	0	0	0	0	0	3954	3	1	0	0	562	79	100	100	0	2000	150	0	0	0	0	0	0	0	0	0	0	0	0	0	0	0	0	0	0	0	0	0	0	0	0	0	0	0	0	0	0	0	0	0	0	0	0	0	0	0	
10103	?????? 11345 16546	PAWN	WARP	SPECIAL	70		NOMOVE	0		STUN,SLOW,CURSE,TERROR	0		0	0	0	0	0	0	0	3954	3	1	0	0	562	79	100	100	0	2000	150	0	0	0	0	0	0	0	0	0	0	0	0	0	0	0	0	0	0	0	0	0	0	0	0	0	0	0	0	0	0	0	0	0	0	0	0	0	0	0	
10104	?????? 11921 16550	PAWN	WARP	SPECIAL	70		NOMOVE	0		STUN,SLOW,CURSE,TERROR	0		0	0	0	0	0	0	0	3954	3	1	0	0	562	79	100	100	0	2000	150	0	0	0	0	0	0	0	0	0	0	0	0	0	0	0	0	0	0	0	0	0	0	0	0	0	0	0	0	0	0	0	0	0	0	0	0	0	0	0	
10105	????? 12263 16811	PAWN	WARP	SPECIAL	70		NOMOVE	0		STUN,SLOW,CURSE,TERROR	0		0	0	0	0	0	0	0	3954	3	1	0	0	562	79	100	100	0	2000	150	0	0	0	0	0	0	0	0	0	0	0	0	0	0	0	0	0	0	0	0	0	0	0	0	0	0	0	0	0	0	0	0	0	0	0	0	0	0	0	
10501	. 345 361	KING	GOTO	MELEE	1		NOMOVE	0			0		2	0	0	0	0	0	0	1	1	1	0	0	1	1	1	1	1	2000	1	0	0	0	0	0	0	0	0	0	0	0	0	0	0	0	0	0	0	0	0	0	0	0	0	0	0	0	0	0	0	0	0	0	0	0	0	0	0	0	
10502	. 106 547	KING	GOTO	MELEE	1		NOMOVE	0			0		2	0	0	0	0	0	0	1	1	1	0	0	1	1	1	1	1	2000	1	0	0	0	0	0	0	0	0	0	0	0	0	0	0	0	0	0	0	0	0	0	0	0	0	0	0	0	0	0	0	0	0	0	0	0	0	0	0	0	
10503	. 75 368	KING	GOTO	MELEE	1		NOMOVE	0			0		2	0	0	0	0	0	0	1	1	1	0	0	1	1	1	1	1	2000	1	0	0	0	0	0	0	0	0	0	0	0	0	0	0	0	0	0	0	0	0	0	0	0	0	0	0	0	0	0	0	0	0	0	0	0	0	0	0	0	
10504	. 89 746	KING	GOTO	MELEE	1		NOMOVE	0			0		2	0	0	0	0	0	0	1	1	1	0	0	1	1	1	1	1	2000	1	0	0	0	0	0	0	0	0	0	0	0	0	0	0	0	0	0	0	0	0	0	0	0	0	0	0	0	0	0	0	0	0	0	0	0	0	0	0	0	
10505	. 520 352	KING	GOTO	MELEE	1		NOMOVE	0			0		2	0	0	0	0	0	0	1	1	1	0	0	1	1	1	1	1	2000	1	0	0	0	0	0	0	0	0	0	0	0	0	0	0	0	0	0	0	0	0	0	0	0	0	0	0	0	0	0	0	0	0	0	0	0	0	0	0	0	
10506	. 541 45	KING	GOTO	MELEE	1		NOMOVE	0			0		2	0	0	0	0	0	0	1	1	1	0	0	1	1	1	1	1	2000	1	0	0	0	0	0	0	0	0	0	0	0	0	0	0	0	0	0	0	0	0	0	0	0	0	0	0	0	0	0	0	0	0	0	0	0	0	0	0	0	
10507	. 211 109	KING	GOTO	MELEE	1		NOMOVE	0			0		2	0	0	0	0	0	0	1	1	1	0	0	1	1	1	1	1	2000	1	0	0	0	0	0	0	0	0	0	0	0	0	0	0	0	0	0	0	0	0	0	0	0	0	0	0	0	0	0	0	0	0	0	0	0	0	0	0	0	
10508	. 615 49	KING	GOTO	MELEE	1		NOMOVE	0			0		2	0	0	0	0	0	0	1	1	1	0	0	1	1	1	1	1	2000	1	0	0	0	0	0	0	0	0	0	0	0	0	0	0	0	0	0	0	0	0	0	0	0	0	0	0	0	0	0	0	0	0	0	0	0	0	0	0	0	
10509	. 284 705	KING	GOTO	MELEE	1		NOMOVE	0			0		2	0	0	0	0	0	0	1	1	1	0	0	1	1	1	1	1	2000	1	0	0	0	0	0	0	0	0	0	0	0	0	0	0	0	0	0	0	0	0	0	0	0	0	0	0	0	0	0	0	0	0	0	0	0	0	0	0	0	
10510	. 145 310	KING	GOTO	MELEE	1		NOMOVE	0			0		2	0	0	0	0	0	0	1	1	1	0	0	1	1	1	1	1	2000	1	0	0	0	0	0	0	0	0	0	0	0	0	0	0	0	0	0	0	0	0	0	0	0	0	0	0	0	0	0	0	0	0	0	0	0	0	0	0	0	
10511	. 553 285	KING	GOTO	MELEE	1		NOMOVE	0			0		2	0	0	0	0	0	0	1	1	1	0	0	1	1	1	1	1	2000	1	0	0	0	0	0	0	0	0	0	0	0	0	0	0	0	0	0	0	0	0	0	0	0	0	0	0	0	0	0	0	0	0	0	0	0	0	0	0	0	
10512	. 487 274	KING	GOTO	MELEE	1		NOMOVE	0			0		2	0	0	0	0	0	0	1	1	1	0	0	1	1	1	1	1	2000	1	0	0	0	0	0	0	0	0	0	0	0	0	0	0	0	0	0	0	0	0	0	0	0	0	0	0	0	0	0	0	0	0	0	0	0	0	0	0	0	
10513	. 626 291	KING	GOTO	MELEE	1		NOMOVE	0			0		2	0	0	0	0	0	0	1	1	1	0	0	1	1	1	1	1	2000	1	0	0	0	0	0	0	0	0	0	0	0	0	0	0	0	0	0	0	0	0	0	0	0	0	0	0	0	0	0	0	0	0	0	0	0	0	0	0	0	
10514	. 285 569	KING	GOTO	MELEE	1		NOMOVE	0			0		2	0	0	0	0	0	0	1	1	1	0	0	1	1	1	1	1	2000	1	0	0	0	0	0	0	0	0	0	0	0	0	0	0	0	0	0	0	0	0	0	0	0	0	0	0	0	0	0	0	0	0	0	0	0	0	0	0	0	
10515	. 80 303	KING	GOTO	MELEE	1		NOMOVE	0			0		2	0	0	0	0	0	0	1	1	1	0	0	1	1	1	1	1	2000	1	0	0	0	0	0	0	0	0	0	0	0	0	0	0	0	0	0	0	0	0	0	0	0	0	0	0	0	0	0	0	0	0	0	0	0	0	0	0	0	
10516	. 315 238	KING	GOTO	MELEE	1		NOMOVE	0			0		2	0	0	0	0	0	0	1	1	1	0	0	1	1	1	1	1	2000	1	0	0	0	0	0	0	0	0	0	0	0	0	0	0	0	0	0	0	0	0	0	0	0	0	0	0	0	0	0	0	0	0	0	0	0	0	0	0	0	
10517	. 416 272	KING	GOTO	MELEE	1		NOMOVE	0			0		2	0	0	0	0	0	0	1	1	1	0	0	1	1	1	1	1	2000	1	0	0	0	0	0	0	0	0	0	0	0	0	0	0	0	0	0	0	0	0	0	0	0	0	0	0	0	0	0	0	0	0	0	0	0	0	0	0	0	
10518	. 72 498	KING	GOTO	MELEE	1		NOMOVE	0			0		2	0	0	0	0	0	0	1	1	1	0	0	1	1	1	1	1	2000	1	0	0	0	0	0	0	0	0	0	0	0	0	0	0	0	0	0	0	0	0	0	0	0	0	0	0	0	0	0	0	0	0	0	0	0	0	0	0	0	
10519	. 215 495	KING	GOTO	MELEE	1		NOMOVE	0			0		2	0	0	0	0	0	0	1	1	1	0	0	1	1	1	1	1	2000	1	0	0	0	0	0	0	0	0	0	0	0	0	0	0	0	0	0	0	0	0	0	0	0	0	0	0	0	0	0	0	0	0	0	0	0	0	0	0	0	
10520	. 523 415	KING	GOTO	MELEE	1		NOMOVE	0			0		2	0	0	0	0	0	0	1	1	1	0	0	1	1	1	1	1	2000	1	0	0	0	0	0	0	0	0	0	0	0	0	0	0	0	0	0	0	0	0	0	0	0	0	0	0	0	0	0	0	0	0	0	0	0	0	0	0	0	
10521	. 72 498	KING	GOTO	MELEE	1		NOMOVE	0			0		2	0	0	0	0	0	0	1	1	1	0	0	1	1	1	1	1	2000	1	0	0	0	0	0	0	0	0	0	0	0	0	0	0	0	0	0	0	0	0	0	0	0	0	0	0	0	0	0	0	0	0	0	0	0	0	0	0	0	
10522	. 518 480	KING	GOTO	MELEE	1		NOMOVE	0			0		2	0	0	0	0	0	0	1	1	1	0	0	1	1	1	1	1	2000	1	0	0	0	0	0	0	0	0	0	0	0	0	0	0	0	0	0	0	0	0	0	0	0	0	0	0	0	0	0	0	0	0	0	0	0	0	0	0	0	
10523	. 583 379	KING	GOTO	MELEE	1		NOMOVE	0			0		2	0	0	0	0	0	0	1	1	1	0	0	1	1	1	1	1	2000	1	0	0	0	0	0	0	0	0	0	0	0	0	0	0	0	0	0	0	0	0	0	0	0	0	0	0	0	0	0	0	0	0	0	0	0	0	0	0	0	
10524	. 459 558	KING	GOTO	MELEE	1		NOMOVE	0			0		2	0	0	0	0	0	0	1	1	1	0	0	1	1	1	1	1	2000	1	0	0	0	0	0	0	0	0	0	0	0	0	0	0	0	0	0	0	0	0	0	0	0	0	0	0	0	0	0	0	0	0	0	0	0	0	0	0	0	
10601	. 345 361	KING	GOTO	MELEE	1		NOMOVE	0			0		2	0	0	0	0	0	0	1	1	1	0	0	1	1	1	1	1	2000	1	0	0	0	0	0	0	0	0	0	0	0	0	0	0	0	0	0	0	0	0	0	0	0	0	0	0	0	0	0	0	0	0	0	0	0	0	0	0	0	
10602	. 520 352	KING	GOTO	MELEE	1		NOMOVE	0			0		2	0	0	0	0	0	0	1	1	1	0	0	1	1	1	1	1	2000	1	0	0	0	0	0	0	0	0	0	0	0	0	0	0	0	0	0	0	0	0	0	0	0	0	0	0	0	0	0	0	0	0	0	0	0	0	0	0	0	
10603	. 487 274	KING	GOTO	MELEE	1		NOMOVE	0			0		2	0	0	0	0	0	0	1	1	1	0	0	1	1	1	1	1	2000	1	0	0	0	0	0	0	0	0	0	0	0	0	0	0	0	0	0	0	0	0	0	0	0	0	0	0	0	0	0	0	0	0	0	0	0	0	0	0	0	
10604	. 75 368	KING	GOTO	MELEE	1		NOMOVE	0			0		2	0	0	0	0	0	0	1	1	1	0	0	1	1	1	1	1	2000	1	0	0	0	0	0	0	0	0	0	0	0	0	0	0	0	0	0	0	0	0	0	0	0	0	0	0	0	0	0	0	0	0	0	0	0	0	0	0	0	
10605	. 211 109	KING	GOTO	MELEE	1		NOMOVE	0			0		2	0	0	0	0	0	0	1	1	1	0	0	1	1	1	1	1	2000	1	0	0	0	0	0	0	0	0	0	0	0	0	0	0	0	0	0	0	0	0	0	0	0	0	0	0	0	0	0	0	0	0	0	0	0	0	0	0	0	
10606	. 215 495	KING	GOTO	MELEE	1		NOMOVE	0			0		2	0	0	0	0	0	0	1	1	1	0	0	1	1	1	1	1	2000	1	0	0	0	0	0	0	0	0	0	0	0	0	0	0	0	0	0	0	0	0	0	0	0	0	0	0	0	0	0	0	0	0	0	0	0	0	0	0	0	
10607	. 315 238	KING	GOTO	MELEE	1		NOMOVE	0			0		2	0	0	0	0	0	0	1	1	1	0	0	1	1	1	1	1	2000	1	0	0	0	0	0	0	0	0	0	0	0	0	0	0	0	0	0	0	0	0	0	0	0	0	0	0	0	0	0	0	0	0	0	0	0	0	0	0	0	
10608	. 520 352	KING	GOTO	MELEE	1		NOMOVE	0			0		2	0	0	0	0	0	0	1	1	1	0	0	1	1	1	1	1	2000	1	0	0	0	0	0	0	0	0	0	0	0	0	0	0	0	0	0	0	0	0	0	0	0	0	0	0	0	0	0	0	0	0	0	0	0	0	0	0	0	
10609	. 284 705	KING	GOTO	MELEE	1		NOMOVE	0			0		2	0	0	0	0	0	0	1	1	1	0	0	1	1	1	1	1	2000	1	0	0	0	0	0	0	0	0	0	0	0	0	0	0	0	0	0	0	0	0	0	0	0	0	0	0	0	0	0	0	0	0	0	0	0	0	0	0	0	
10610	. 145 310	KING	GOTO	MELEE	1		NOMOVE	0			0		2	0	0	0	0	0	0	1	1	1	0	0	1	1	1	1	1	2000	1	0	0	0	0	0	0	0	0	0	0	0	0	0	0	0	0	0	0	0	0	0	0	0	0	0	0	0	0	0	0	0	0	0	0	0	0	0	0	0	
10611	. 416 272	KING	GOTO	MELEE	1		NOMOVE	0			0		2	0	0	0	0	0	0	1	1	1	0	0	1	1	1	1	1	2000	1	0	0	0	0	0	0	0	0	0	0	0	0	0	0	0	0	0	0	0	0	0	0	0	0	0	0	0	0	0	0	0	0	0	0	0	0	0	0	0	
10612	. 80 303	KING	GOTO	MELEE	1		NOMOVE	0			0		2	0	0	0	0	0	0	1	1	1	0	0	1	1	1	1	1	2000	1	0	0	0	0	0	0	0	0	0	0	0	0	0	0	0	0	0	0	0	0	0	0	0	0	0	0	0	0	0	0	0	0	0	0	0	0	0	0	0	
10613	. 72 498	KING	GOTO	MELEE	1		NOMOVE	0			0		2	0	0	0	0	0	0	1	1	1	0	0	1	1	1	1	1	2000	1	0	0	0	0	0	0	0	0	0	0	0	0	0	0	0	0	0	0	0	0	0	0	0	0	0	0	0	0	0	0	0	0	0	0	0	0	0	0	0	
10614	. 106 547	KING	GOTO	MELEE	1		NOMOVE	0			0		2	0	0	0	0	0	0	1	1	1	0	0	1	1	1	1	1	2000	1	0	0	0	0	0	0	0	0	0	0	0	0	0	0	0	0	0	0	0	0	0	0	0	0	0	0	0	0	0	0	0	0	0	0	0	0	0	0	0	
10615	. 523 415	KING	GOTO	MELEE	1		NOMOVE	0			0		2	0	0	0	0	0	0	1	1	1	0	0	1	1	1	1	1	2000	1	0	0	0	0	0	0	0	0	0	0	0	0	0	0	0	0	0	0	0	0	0	0	0	0	0	0	0	0	0	0	0	0	0	0	0	0	0	0	0	
10616	. 541 45	KING	GOTO	MELEE	1		NOMOVE	0			0		2	0	0	0	0	0	0	1	1	1	0	0	1	1	1	1	1	2000	1	0	0	0	0	0	0	0	0	0	0	0	0	0	0	0	0	0	0	0	0	0	0	0	0	0	0	0	0	0	0	0	0	0	0	0	0	0	0	0	
10617	. 72 121	KING	GOTO	MELEE	1		NOMOVE	0			0		2	0	0	0	0	0	0	1	1	1	0	0	1	1	1	1	1	2000	1	0	0	0	0	0	0	0	0	0	0	0	0	0	0	0	0	0	0	0	0	0	0	0	0	0	0	0	0	0	0	0	0	0	0	0	0	0	0	0	
10618	. 518 480	KING	GOTO	MELEE	1		NOMOVE	0			0		2	0	0	0	0	0	0	1	1	1	0	0	1	1	1	1	1	2000	1	0	0	0	0	0	0	0	0	0	0	0	0	0	0	0	0	0	0	0	0	0	0	0	0	0	0	0	0	0	0	0	0	0	0	0	0	0	0	0	
10619	. 89 746	KING	GOTO	MELEE	1		NOMOVE	0			0		2	0	0	0	0	0	0	1	1	1	0	0	1	1	1	1	1	2000	1	0	0	0	0	0	0	0	0	0	0	0	0	0	0	0	0	0	0	0	0	0	0	0	0	0	0	0	0	0	0	0	0	0	0	0	0	0	0	0	
10620	. 285 569	KING	GOTO	MELEE	1		NOMOVE	0			0		2	0	0	0	0	0	0	1	1	1	0	0	1	1	1	1	1	2000	1	0	0	0	0	0	0	0	0	0	0	0	0	0	0	0	0	0	0	0	0	0	0	0	0	0	0	0	0	0	0	0	0	0	0	0	0	0	0	0	
10621	. 615 49	KING	GOTO	MELEE	1		NOMOVE	0			0		2	0	0	0	0	0	0	1	1	1	0	0	1	1	1	1	1	2000	1	0	0	0	0	0	0	0	0	0	0	0	0	0	0	0	0	0	0	0	0	0	0	0	0	0	0	0	0	0	0	0	0	0	0	0	0	0	0	0	
10622	. 72 498	KING	GOTO	MELEE	1		NOMOVE	0			0		2	0	0	0	0	0	0	1	1	1	0	0	1	1	1	1	1	2000	1	0	0	0	0	0	0	0	0	0	0	0	0	0	0	0	0	0	0	0	0	0	0	0	0	0	0	0	0	0	0	0	0	0	0	0	0	0	0	0	
10623	. 583 379	KING	GOTO	MELEE	1		NOMOVE	0			0		2	0	0	0	0	0	0	1	1	1	0	0	1	1	1	1	1	2000	1	0	0	0	0	0	0	0	0	0	0	0	0	0	0	0	0	0	0	0	0	0	0	0	0	0	0	0	0	0	0	0	0	0	0	0	0	0	0	0	
10624	. 459 558	KING	GOTO	MELEE	1		NOMOVE	0			0		2	0	0	0	0	0	0	1	1	1	0	0	1	1	1	1	1	2000	1	0	0	0	0	0	0	0	0	0	0	0	0	0	0	0	0	0	0	0	0	0	0	0	0	0	0	0	0	0	0	0	0	0	0	0	0	0	0	0	
10625	. 609 553	KING	GOTO	MELEE	1		NOMOVE	0			0		2	0	0	0	0	0	0	1	1	1	0	0	1	1	1	1	1	2000	1	0	0	0	0	0	0	0	0	0	0	0	0	0	0	0	0	0	0	0	0	0	0	0	0	0	0	0	0	0	0	0	0	0	0	0	0	0	0	0	
10626	. 594 338	KING	GOTO	MELEE	1		NOMOVE	0			0		2	0	0	0	0	0	0	1	1	1	0	0	1	1	1	1	1	2000	1	0	0	0	0	0	0	0	0	0	0	0	0	0	0	0	0	0	0	0	0	0	0	0	0	0	0	0	0	0	0	0	0	0	0	0	0	0	0	0	
10701	. 75 368	KING	GOTO	MELEE	1		NOMOVE	0			0		2	0	0	0	0	0	0	1	1	1	0	0	1	1	1	1	1	2000	1	0	0	0	0	0	0	0	0	0	0	0	0	0	0	0	0	0	0	0	0	0	0	0	0	0	0	0	0	0	0	0	0	0	0	0	0	0	0	0	
10702	. 541 45	KING	GOTO	MELEE	1		NOMOVE	0			0		2	0	0	0	0	0	0	1	1	1	0	0	1	1	1	1	1	2000	1	0	0	0	0	0	0	0	0	0	0	0	0	0	0	0	0	0	0	0	0	0	0	0	0	0	0	0	0	0	0	0	0	0	0	0	0	0	0	0	
10703	. 615 49	KING	GOTO	MELEE	1		NOMOVE	0			0		2	0	0	0	0	0	0	1	1	1	0	0	1	1	1	1	1	2000	1	0	0	0	0	0	0	0	0	0	0	0	0	0	0	0	0	0	0	0	0	0	0	0	0	0	0	0	0	0	0	0	0	0	0	0	0	0	0	0	
10704	. 284 705	KING	GOTO	MELEE	1		NOMOVE	0			0		2	0	0	0	0	0	0	1	1	1	0	0	1	1	1	1	1	2000	1	0	0	0	0	0	0	0	0	0	0	0	0	0	0	0	0	0	0	0	0	0	0	0	0	0	0	0	0	0	0	0	0	0	0	0	0	0	0	0	
10705	. 520 352	KING	GOTO	MELEE	1		NOMOVE	0			0		2	0	0	0	0	0	0	1	1	1	0	0	1	1	1	1	1	2000	1	0	0	0	0	0	0	0	0	0	0	0	0	0	0	0	0	0	0	0	0	0	0	0	0	0	0	0	0	0	0	0	0	0	0	0	0	0	0	0	
10706	. 553 285	KING	GOTO	MELEE	1		NOMOVE	0			0		2	0	0	0	0	0	0	1	1	1	0	0	1	1	1	1	1	2000	1	0	0	0	0	0	0	0	0	0	0	0	0	0	0	0	0	0	0	0	0	0	0	0	0	0	0	0	0	0	0	0	0	0	0	0	0	0	0	0	
10707	. 145 310	KING	GOTO	MELEE	1		NOMOVE	0			0		2	0	0	0	0	0	0	1	1	1	0	0	1	1	1	1	1	2000	1	0	0	0	0	0	0	0	0	0	0	0	0	0	0	0	0	0	0	0	0	0	0	0	0	0	0	0	0	0	0	0	0	0	0	0	0	0	0	0	
10708	. 345 361	KING	GOTO	MELEE	1		NOMOVE	0			0		2	0	0	0	0	0	0	1	1	1	0	0	1	1	1	1	1	2000	1	0	0	0	0	0	0	0	0	0	0	0	0	0	0	0	0	0	0	0	0	0	0	0	0	0	0	0	0	0	0	0	0	0	0	0	0	0	0	0	
10709	. 523 415	KING	GOTO	MELEE	1		NOMOVE	0			0		2	0	0	0	0	0	0	1	1	1	0	0	1	1	1	1	1	2000	1	0	0	0	0	0	0	0	0	0	0	0	0	0	0	0	0	0	0	0	0	0	0	0	0	0	0	0	0	0	0	0	0	0	0	0	0	0	0	0	
10710	. 72 498	KING	GOTO	MELEE	1		NOMOVE	0			0		2	0	0	0	0	0	0	1	1	1	0	0	1	1	1	1	1	2000	1	0	0	0	0	0	0	0	0	0	0	0	0	0	0	0	0	0	0	0	0	0	0	0	0	0	0	0	0	0	0	0	0	0	0	0	0	0	0	0	
10711	. 626 291	KING	GOTO	MELEE	1		NOMOVE	0			0		2	0	0	0	0	0	0	1	1	1	0	0	1	1	1	1	1	2000	1	0	0	0	0	0	0	0	0	0	0	0	0	0	0	0	0	0	0	0	0	0	0	0	0	0	0	0	0	0	0	0	0	0	0	0	0	0	0	0	
10712	. 487 274	KING	GOTO	MELEE	1		NOMOVE	0			0		2	0	0	0	0	0	0	1	1	1	0	0	1	1	1	1	1	2000	1	0	0	0	0	0	0	0	0	0	0	0	0	0	0	0	0	0	0	0	0	0	0	0	0	0	0	0	0	0	0	0	0	0	0	0	0	0	0	0	
10713	. 72 498	KING	GOTO	MELEE	1		NOMOVE	0			0		2	0	0	0	0	0	0	1	1	1	0	0	1	1	1	1	1	2000	1	0	0	0	0	0	0	0	0	0	0	0	0	0	0	0	0	0	0	0	0	0	0	0	0	0	0	0	0	0	0	0	0	0	0	0	0	0	0	0	
10714	. 106 547	KING	GOTO	MELEE	1		NOMOVE	0			0		2	0	0	0	0	0	0	1	1	1	0	0	1	1	1	1	1	2000	1	0	0	0	0	0	0	0	0	0	0	0	0	0	0	0	0	0	0	0	0	0	0	0	0	0	0	0	0	0	0	0	0	0	0	0	0	0	0	0	
10715	. 518 480	KING	GOTO	MELEE	1		NOMOVE	0			0		2	0	0	0	0	0	0	1	1	1	0	0	1	1	1	1	1	2000	1	0	0	0	0	0	0	0	0	0	0	0	0	0	0	0	0	0	0	0	0	0	0	0	0	0	0	0	0	0	0	0	0	0	0	0	0	0	0	0	
10716	. 285 569	KING	GOTO	MELEE	1		NOMOVE	0			0		2	0	0	0	0	0	0	1	1	1	0	0	1	1	1	1	1	2000	1	0	0	0	0	0	0	0	0	0	0	0	0	0	0	0	0	0	0	0	0	0	0	0	0	0	0	0	0	0	0	0	0	0	0	0	0	0	0	0	
10717	. 80 303	KING	GOTO	MELEE	1		NOMOVE	0			0		2	0	0	0	0	0	0	1	1	1	0	0	1	1	1	1	1	2000	1	0	0	0	0	0	0	0	0	0	0	0	0	0	0	0	0	0	0	0	0	0	0	0	0	0	0	0	0	0	0	0	0	0	0	0	0	0	0	0	
10718	. 211 109	KING	GOTO	MELEE	1		NOMOVE	0			0		2	0	0	0	0	0	0	1	1	1	0	0	1	1	1	1	1	2000	1	0	0	0	0	0	0	0	0	0	0	0	0	0	0	0	0	0	0	0	0	0	0	0	0	0	0	0	0	0	0	0	0	0	0	0	0	0	0	0	
10719	. 416 272	KING	GOTO	MELEE	1		NOMOVE	0			0		2	0	0	0	0	0	0	1	1	1	0	0	1	1	1	1	1	2000	1	0	0	0	0	0	0	0	0	0	0	0	0	0	0	0	0	0	0	0	0	0	0	0	0	0	0	0	0	0	0	0	0	0	0	0	0	0	0	0	
10720	. 215 495	KING	GOTO	MELEE	1		NOMOVE	0			0		2	0	0	0	0	0	0	1	1	1	0	0	1	1	1	1	1	2000	1	0	0	0	0	0	0	0	0	0	0	0	0	0	0	0	0	0	0	0	0	0	0	0	0	0	0	0	0	0	0	0	0	0	0	0	0	0	0	0	
10721	. 315 238	KING	GOTO	MELEE	1		NOMOVE	0			0		2	0	0	0	0	0	0	1	1	1	0	0	1	1	1	1	1	2000	1	0	0	0	0	0	0	0	0	0	0	0	0	0	0	0	0	0	0	0	0	0	0	0	0	0	0	0	0	0	0	0	0	0	0	0	0	0	0	0	
10722	. 89 746	KING	GOTO	MELEE	1		NOMOVE	0			0		2	0	0	0	0	0	0	1	1	1	0	0	1	1	1	1	1	2000	1	0	0	0	0	0	0	0	0	0	0	0	0	0	0	0	0	0	0	0	0	0	0	0	0	0	0	0	0	0	0	0	0	0	0	0	0	0	0	0	
10723	. 583 379	KING	GOTO	MELEE	1		NOMOVE	0			0		2	0	0	0	0	0	0	1	1	1	0	0	1	1	1	1	1	2000	1	0	0	0	0	0	0	0	0	0	0	0	0	0	0	0	0	0	0	0	0	0	0	0	0	0	0	0	0	0	0	0	0	0	0	0	0	0	0	0	
10724	. 459 558	KING	GOTO	MELEE	1		NOMOVE	0			0		2	0	0	0	0	0	0	1	1	1	0	0	1	1	1	1	1	2000	1	0	0	0	0	0	0	0	0	0	0	0	0	0	0	0	0	0	0	0	0	0	0	0	0	0	0	0	0	0	0	0	0	0	0	0	0	0	0	0	
10725	. 609 553	KING	GOTO	MELEE	1		NOMOVE	0			0		2	0	0	0	0	0	0	1	1	1	0	0	1	1	1	1	1	2000	1	0	0	0	0	0	0	0	0	0	0	0	0	0	0	0	0	0	0	0	0	0	0	0	0	0	0	0	0	0	0	0	0	0	0	0	0	0	0	0	
10726	. 594 338	KING	GOTO	MELEE	1		NOMOVE	0			0		2	0	0	0	0	0	0	1	1	1	0	0	1	1	1	1	1	2000	1	0	0	0	0	0	0	0	0	0	0	0	0	0	0	0	0	0	0	0	0	0	0	0	0	0	0	0	0	0	0	0	0	0	0	0	0	0	0	0	
10801	. 70 581	KING	GOTO	MELEE	1		NOMOVE	0		STUN,SLOW,CURSE,TERROR	0		2	0	0	0	0	0	0	1	1	1	0	0	1	1	1	1	1	2000	1	0	0	0	0	0	0	0	0	0	0	0	0	0	0	0	0	0	0	0	0	0	0	0	0	0	0	0	0	0	0	0	0	0	0	0	0	0	0	0	
10802	. 69 664	KING	GOTO	MELEE	1		NOMOVE	0		STUN,SLOW,CURSE,TERROR	0		2	0	0	0	0	0	0	1	1	1	0	0	1	1	1	1	1	2000	1	0	0	0	0	0	0	0	0	0	0	0	0	0	0	0	0	0	0	0	0	0	0	0	0	0	0	0	0	0	0	0	0	0	0	0	0	0	0	0	
10803	. 132 660	KING	GOTO	MELEE	1		NOMOVE	0		STUN,SLOW,CURSE,TERROR	0		2	0	0	0	0	0	0	1	1	1	0	0	1	1	1	1	1	2000	1	0	0	0	0	0	0	0	0	0	0	0	0	0	0	0	0	0	0	0	0	0	0	0	0	0	0	0	0	0	0	0	0	0	0	0	0	0	0	0	
10804	. 184 566	KING	GOTO	MELEE	1		NOMOVE	0		STUN,SLOW,CURSE,TERROR	0		2	0	0	0	0	0	0	1	1	1	0	0	1	1	1	1	1	2000	1	0	0	0	0	0	0	0	0	0	0	0	0	0	0	0	0	0	0	0	0	0	0	0	0	0	0	0	0	0	0	0	0	0	0	0	0	0	0	0	
10805	. 285 567	KING	GOTO	MELEE	1		NOMOVE	0		STUN,SLOW,CURSE,TERROR	0		2	0	0	0	0	0	0	1	1	1	0	0	1	1	1	1	1	2000	1	0	0	0	0	0	0	0	0	0	0	0	0	0	0	0	0	0	0	0	0	0	0	0	0	0	0	0	0	0	0	0	0	0	0	0	0	0	0	0	
10806	. 272 636	KING	GOTO	MELEE	1		NOMOVE	0		STUN,SLOW,CURSE,TERROR	0		2	0	0	0	0	0	0	1	1	1	0	0	1	1	1	1	1	2000	1	0	0	0	0	0	0	0	0	0	0	0	0	0	0	0	0	0	0	0	0	0	0	0	0	0	0	0	0	0	0	0	0	0	0	0	0	0	0	0	
10807	. 191 667	KING	GOTO	MELEE	1		NOMOVE	0		STUN,SLOW,CURSE,TERROR	0		2	0	0	0	0	0	0	1	1	1	0	0	1	1	1	1	1	2000	1	0	0	0	0	0	0	0	0	0	0	0	0	0	0	0	0	0	0	0	0	0	0	0	0	0	0	0	0	0	0	0	0	0	0	0	0	0	0	0	
10808	. 345 563	KING	GOTO	MELEE	1		NOMOVE	0		STUN,SLOW,CURSE,TERROR	0		2	0	0	0	0	0	0	1	1	1	0	0	1	1	1	1	1	2000	1	0	0	0	0	0	0	0	0	0	0	0	0	0	0	0	0	0	0	0	0	0	0	0	0	0	0	0	0	0	0	0	0	0	0	0	0	0	0	0	
10809	. 400 570	KING	GOTO	MELEE	1		NOMOVE	0		STUN,SLOW,CURSE,TERROR	0		2	0	0	0	0	0	0	1	1	1	0	0	1	1	1	1	1	2000	1	0	0	0	0	0	0	0	0	0	0	0	0	0	0	0	0	0	0	0	0	0	0	0	0	0	0	0	0	0	0	0	0	0	0	0	0	0	0	0	
10810	. 68 806	KING	GOTO	MELEE	1		NOMOVE	0		STUN,SLOW,CURSE,TERROR	0		2	0	0	0	0	0	0	1	1	1	0	0	1	1	1	1	1	2000	1	0	0	0	0	0	0	0	0	0	0	0	0	0	0	0	0	0	0	0	0	0	0	0	0	0	0	0	0	0	0	0	0	0	0	0	0	0	0	0	
10811	. 140 811	KING	GOTO	MELEE	1		NOMOVE	0		STUN,SLOW,CURSE,TERROR	0		2	0	0	0	0	0	0	1	1	1	0	0	1	1	1	1	1	2000	1	0	0	0	0	0	0	0	0	0	0	0	0	0	0	0	0	0	0	0	0	0	0	0	0	0	0	0	0	0	0	0	0	0	0	0	0	0	0	0	
10812	. 189 722	KING	GOTO	MELEE	1		NOMOVE	0		STUN,SLOW,CURSE,TERROR	0		2	0	0	0	0	0	0	1	1	1	0	0	1	1	1	1	1	2000	1	0	0	0	0	0	0	0	0	0	0	0	0	0	0	0	0	0	0	0	0	0	0	0	0	0	0	0	0	0	0	0	0	0	0	0	0	0	0	0	
10813	. 274 722	KING	GOTO	MELEE	1		NOMOVE	0		STUN,SLOW,CURSE,TERROR	0		2	0	0	0	0	0	0	1	1	1	0	0	1	1	1	1	1	2000	1	0	0	0	0	0	0	0	0	0	0	0	0	0	0	0	0	0	0	0	0	0	0	0	0	0	0	0	0	0	0	0	0	0	0	0	0	0	0	0	
10814	. 233 780	KING	GOTO	MELEE	1		NOMOVE	0		STUN,SLOW,CURSE,TERROR	0		2	0	0	0	0	0	0	1	1	1	0	0	1	1	1	1	1	2000	1	0	0	0	0	0	0	0	0	0	0	0	0	0	0	0	0	0	0	0	0	0	0	0	0	0	0	0	0	0	0	0	0	0	0	0	0	0	0	0	
10815	. 318 780	KING	GOTO	MELEE	1		NOMOVE	0		STUN,SLOW,CURSE,TERROR	0		2	0	0	0	0	0	0	1	1	1	0	0	1	1	1	1	1	2000	1	0	0	0	0	0	0	0	0	0	0	0	0	0	0	0	0	0	0	0	0	0	0	0	0	0	0	0	0	0	0	0	0	0	0	0	0	0	0	0	
10816	. 273 833	KING	GOTO	MELEE	1		NOMOVE	0		STUN,SLOW,CURSE,TERROR	0		2	0	0	0	0	0	0	1	1	1	0	0	1	1	1	1	1	2000	1	0	0	0	0	0	0	0	0	0	0	0	0	0	0	0	0	0	0	0	0	0	0	0	0	0	0	0	0	0	0	0	0	0	0	0	0	0	0	0	
10817	. 359 717	KING	GOTO	MELEE	1		NOMOVE	0		STUN,SLOW,CURSE,TERROR	0		2	0	0	0	0	0	0	1	1	1	0	0	1	1	1	1	1	2000	1	0	0	0	0	0	0	0	0	0	0	0	0	0	0	0	0	0	0	0	0	0	0	0	0	0	0	0	0	0	0	0	0	0	0	0	0	0	0	0	
10818	. 410 712	KING	GOTO	MELEE	1		NOMOVE	0		STUN,SLOW,CURSE,TERROR	0		2	0	0	0	0	0	0	1	1	1	0	0	1	1	1	1	1	2000	1	0	0	0	0	0	0	0	0	0	0	0	0	0	0	0	0	0	0	0	0	0	0	0	0	0	0	0	0	0	0	0	0	0	0	0	0	0	0	0	
10819	. 372 776	KING	GOTO	MELEE	1		NOMOVE	0		STUN,SLOW,CURSE,TERROR	0		2	0	0	0	0	0	0	1	1	1	0	0	1	1	1	1	1	2000	1	0	0	0	0	0	0	0	0	0	0	0	0	0	0	0	0	0	0	0	0	0	0	0	0	0	0	0	0	0	0	0	0	0	0	0	0	0	0	0	
10820	. 354 840	KING	GOTO	MELEE	1		NOMOVE	0		STUN,SLOW,CURSE,TERROR	0		2	0	0	0	0	0	0	1	1	1	0	0	1	1	1	1	1	2000	1	0	0	0	0	0	0	0	0	0	0	0	0	0	0	0	0	0	0	0	0	0	0	0	0	0	0	0	0	0	0	0	0	0	0	0	0	0	0	0	
10821	. 366 817	KING	GOTO	MELEE	1		NOMOVE	0		STUN,SLOW,CURSE,TERROR	0		2	0	0	0	0	0	0	1	1	1	0	0	1	1	1	1	1	2000	1	0	0	0	0	0	0	0	0	0	0	0	0	0	0	0	0	0	0	0	0	0	0	0	0	0	0	0	0	0	0	0	0	0	0	0	0	0	0	0	
10822	. 420 841	KING	GOTO	MELEE	1		NOMOVE	0		STUN,SLOW,CURSE,TERROR	0		2	0	0	0	0	0	0	1	1	1	0	0	1	1	1	1	1	2000	1	0	0	0	0	0	0	0	0	0	0	0	0	0	0	0	0	0	0	0	0	0	0	0	0	0	0	0	0	0	0	0	0	0	0	0	0	0	0	0	
10823	. 94 846	KING	GOTO	MELEE	1		NOMOVE	0		STUN,SLOW,CURSE,TERROR	0		2	0	0	0	0	0	0	1	1	1	0	0	1	1	1	1	1	2000	1	0	0	0	0	0	0	0	0	0	0	0	0	0	0	0	0	0	0	0	0	0	0	0	0	0	0	0	0	0	0	0	0	0	0	0	0	0	0	0	
10824	. 63 864	KING	GOTO	MELEE	1		NOMOVE	0		STUN,SLOW,CURSE,TERROR	0		2	0	0	0	0	0	0	1	1	1	0	0	1	1	1	1	1	2000	1	0	0	0	0	0	0	0	0	0	0	0	0	0	0	0	0	0	0	0	0	0	0	0	0	0	0	0	0	0	0	0	0	0	0	0	0	0	0	0	
10825	. 131 866	KING	GOTO	MELEE	1		NOMOVE	0		STUN,SLOW,CURSE,TERROR	0		2	0	0	0	0	0	0	1	1	1	0	0	1	1	1	1	1	2000	1	0	0	0	0	0	0	0	0	0	0	0	0	0	0	0	0	0	0	0	0	0	0	0	0	0	0	0	0	0	0	0	0	0	0	0	0	0	0	0	
10826	. 59 920	KING	GOTO	MELEE	1		NOMOVE	0		STUN,SLOW,CURSE,TERROR	0		2	0	0	0	0	0	0	1	1	1	0	0	1	1	1	1	1	2000	1	0	0	0	0	0	0	0	0	0	0	0	0	0	0	0	0	0	0	0	0	0	0	0	0	0	0	0	0	0	0	0	0	0	0	0	0	0	0	0	
10827	. 91 940	KING	GOTO	MELEE	1		NOMOVE	0		STUN,SLOW,CURSE,TERROR	0		2	0	0	0	0	0	0	1	1	1	0	0	1	1	1	1	1	2000	1	0	0	0	0	0	0	0	0	0	0	0	0	0	0	0	0	0	0	0	0	0	0	0	0	0	0	0	0	0	0	0	0	0	0	0	0	0	0	0	
10828	. 135 919	KING	GOTO	MELEE	1		NOMOVE	0		STUN,SLOW,CURSE,TERROR	0		2	0	0	0	0	0	0	1	1	1	0	0	1	1	1	1	1	2000	1	0	0	0	0	0	0	0	0	0	0	0	0	0	0	0	0	0	0	0	0	0	0	0	0	0	0	0	0	0	0	0	0	0	0	0	0	0	0	0	
10829	. 194 870	KING	GOTO	MELEE	1		NOMOVE	0		STUN,SLOW,CURSE,TERROR	0		2	0	0	0	0	0	0	1	1	1	0	0	1	1	1	1	1	2000	1	0	0	0	0	0	0	0	0	0	0	0	0	0	0	0	0	0	0	0	0	0	0	0	0	0	0	0	0	0	0	0	0	0	0	0	0	0	0	0	
10830	. 243 862	KING	GOTO	MELEE	1		NOMOVE	0		STUN,SLOW,CURSE,TERROR	0		2	0	0	0	0	0	0	1	1	1	0	0	1	1	1	1	1	2000	1	0	0	0	0	0	0	0	0	0	0	0	0	0	0	0	0	0	0	0	0	0	0	0	0	0	0	0	0	0	0	0	0	0	0	0	0	0	0	0	
10831	. 312 861	KING	GOTO	MELEE	1		NOMOVE	0		STUN,SLOW,CURSE,TERROR	0		2	0	0	0	0	0	0	1	1	1	0	0	1	1	1	1	1	2000	1	0	0	0	0	0	0	0	0	0	0	0	0	0	0	0	0	0	0	0	0	0	0	0	0	0	0	0	0	0	0	0	0	0	0	0	0	0	0	0	
10832	. 373 893	KING	GOTO	MELEE	1		NOMOVE	0		STUN,SLOW,CURSE,TERROR	0		2	0	0	0	0	0	0	1	1	1	0	0	1	1	1	1	1	2000	1	0	0	0	0	0	0	0	0	0	0	0	0	0	0	0	0	0	0	0	0	0	0	0	0	0	0	0	0	0	0	0	0	0	0	0	0	0	0	0	
10833	. 406 880	KING	GOTO	MELEE	1		NOMOVE	0		STUN,SLOW,CURSE,TERROR	0		2	0	0	0	0	0	0	1	1	1	0	0	1	1	1	1	1	2000	1	0	0	0	0	0	0	0	0	0	0	0	0	0	0	0	0	0	0	0	0	0	0	0	0	0	0	0	0	0	0	0	0	0	0	0	0	0	0	0	
10834	. 422 935	KING	GOTO	MELEE	1		NOMOVE	0		STUN,SLOW,CURSE,TERROR	0		2	0	0	0	0	0	0	1	1	1	0	0	1	1	1	1	1	2000	1	0	0	0	0	0	0	0	0	0	0	0	0	0	0	0	0	0	0	0	0	0	0	0	0	0	0	0	0	0	0	0	0	0	0	0	0	0	0	0	
10835	. 500 807	KING	GOTO	MELEE	1		NOMOVE	0		STUN,SLOW,CURSE,TERROR	0		2	0	0	0	0	0	0	1	1	1	0	0	1	1	1	1	1	2000	1	0	0	0	0	0	0	0	0	0	0	0	0	0	0	0	0	0	0	0	0	0	0	0	0	0	0	0	0	0	0	0	0	0	0	0	0	0	0	0	
11000	???	KNIGHT	NPC	MELEE	100		NOMOVE	0		STUN,SLOW,CURSE,TERROR	1		2	0	0	0	0	0	0	6938	3	1	0	0	802	109	100	100	0	2000	175	0	0	0	0	0	0	0	0	0	0	0	0	0	0	0	0	0	0	0	0	0	0	0	0	0	0	0	0	0	0	0	0	0	0	0	0	0	0	0	
11001	???	KNIGHT	NPC	RANGE	100		NOMOVE	0		STUN,SLOW,CURSE,TERROR	1		2	0	0	0	0	0	0	6938	3	1	0	0	802	109	100	100	0	2000	175	0	0	0	0	0	0	0	0	0	0	0	0	0	0	0	0	0	0	0	0	0	0	0	0	0	0	0	0	0	0	0	0	0	0	0	0	0	0	0	
11002	???	KNIGHT	NPC	MELEE	100		NOMOVE	0		STUN,SLOW,CURSE,TERROR	2		2	0	0	0	0	0	0	6938	3	1	0	0	802	109	100	100	0	2000	175	0	0	0	0	0	0	0	0	0	0	0	0	0	0	0	0	0	0	0	0	0	0	0	0	0	0	0	0	0	0	0	0	0	0	0	0	0	0	0	
11003	???	KNIGHT	NPC	RANGE	100		NOMOVE	0		STUN,SLOW,CURSE,TERROR	2		2	0	0	0	0	0	0	6938	3	1	0	0	802	109	100	100	0	2000	175	0	0	0	0	0	0	0	0	0	0	0	0	0	0	0	0	0	0	0	0	0	0	0	0	0	0	0	0	0	0	0	0	0	0	0	0	0	0	0	
11004	???	KNIGHT	NPC	MELEE	100		NOMOVE	0		STUN,SLOW,CURSE,TERROR	3		2	0	0	0	0	0	0	6938	3	1	0	0	802	109	100	100	0	2000	175	0	0	0	0	0	0	0	0	0	0	0	0	0	0	0	0	0	0	0	0	0	0	0	0	0	0	0	0	0	0	0	0	0	0	0	0	0	0	0	
11005	???	KNIGHT	NPC	RANGE	100		NOMOVE	0		STUN,SLOW,CURSE,TERROR	3		2	0	0	0	0	0	0	6938	3	1	0	0	802	109	100	100	0	2000	175	0	0	0	0	0	0	0	0	0	0	0	0	0	0	0	0	0	0	0	0	0	0	0	0	0	0	0	0	0	0	0	0	0	0	0	0	0	0	0	
11100	???	KNIGHT	MONSTER	MELEE	50		AGGR,NOATTSHINSU	0		STUN,SLOW,CURSE,TERROR	0		0	47	35	24	12	110	139	5000	3	5	0	0	2000	70	110	170	100	2000	150	1	0	0	0	0	0	3	0	-3	-3	-5	-10	-10	5	0	0	0	0	0	0	0	0	0	0	0	0	0	0	0	0	0	0	0	0	0	0	0	0	0	
11101	???	KNIGHT	MONSTER	RANGE	50		AGGR,NOATTSHINSU	0		STUN,SLOW,CURSE,TERROR	0		0	50	37	25	12	168	196	4000	5	10	0	0	2000	70	110	150	100	2000	600	1	0	0	0	0	0	0	5	5	5	3	0	0	-3	0	0	0	0	0	0	0	0	0	0	0	0	0	0	0	0	0	0	0	0	0	0	0	0	0	
11102	???	KNIGHT	MONSTER	MELEE	50		AGGR,NOATTJINNO	0		STUN,SLOW,CURSE,TERROR	0		0	52	39	26	13	110	139	5000	3	5	0	0	2000	70	110	170	100	2000	150	1	0	0	0	0	0	3	0	-3	-3	-5	-10	-10	5	0	0	0	0	0	0	0	0	0	0	0	0	0	0	0	0	0	0	0	0	0	0	0	0	0	
11103	???	KNIGHT	MONSTER	RANGE	50		AGGR,NOATTJINNO	0		STUN,SLOW,CURSE,TERROR	0		0	53	40	27	13	168	196	4000	5	10	0	0	2000	70	110	150	100	2000	600	1	0	0	0	0	0	0	5	5	5	3	0	0	-3	0	0	0	0	0	0	0	0	0	0	0	0	0	0	0	0	0	0	0	0	0	0	0	0	0	
11104	???	KNIGHT	MONSTER	MELEE	50		AGGR,NOATTCHUNJO	0		STUN,SLOW,CURSE,TERROR	0		0	55	41	27	14	110	139	5000	3	5	0	0	2000	70	110	160	100	2000	150	1	0	0	0	0	0	3	0	-3	-3	-5	-10	-10	5	0	0	0	0	0	0	0	0	0	0	0	0	0	0	0	0	0	0	0	0	0	0	0	0	0	
11105	???	KNIGHT	MONSTER	RANGE	50		AGGR,NOATTCHUNJO	0		STUN,SLOW,CURSE,TERROR	0		0	52	39	26	13	168	196	4000	5	10	0	0	2000	70	100	100	100	2000	600	1	0	0	0	0	0	0	5	5	5	3	0	0	-3	0	0	0	0	0	0	0	0	0	0	0	0	0	0	0	0	0	0	0	0	0	0	0	0	0	
11106	???	KNIGHT	MONSTER	MELEE	70		AGGR,NOATTSHINSU	0		STUN,SLOW,CURSE,TERROR	0		0	47	35	24	12	184	231	13000	3	5	0	0	2000	90	110	170	100	2000	150	3	0	0	0	1	1	3	0	-5	-5	-8	-12	-12	8	0	0	0	0	0	0	0	0	16764159	0	0	0	0	0	0	0	0	0	0	0	0	0	0	0	0	
11107	???	KNIGHT	MONSTER	RANGE	70		AGGR,NOATTSHINSU	0		STUN,SLOW,CURSE,TERROR	0		0	50	37	25	12	280	327	8000	5	10	0	0	2000	90	110	150	100	2000	600	3	0	0	0	1	0	3	5	5	5	3	0	0	-10	0	0	0	0	0	0	0	0	16764159	0	0	0	0	0	0	0	0	0	0	0	0	0	0	0	0	
11108	???	KNIGHT	MONSTER	MELEE	70		AGGR,NOATTJINNO	0		STUN,SLOW,CURSE,TERROR	0		0	52	39	26	13	184	231	13000	3	5	0	0	2000	90	110	170	100	2000	150	3	0	0	0	1	1	3	0	-5	-5	-8	-12	-12	8	0	0	0	0	0	0	0	0	16764159	0	0	0	0	0	0	0	0	0	0	0	0	0	0	0	0	
11109	???	KNIGHT	MONSTER	RANGE	70		AGGR,NOATTJINNO	0		STUN,SLOW,CURSE,TERROR	0		0	53	40	27	13	280	327	8000	5	10	0	0	2000	90	110	150	100	2000	600	3	0	0	0	1	0	3	5	5	5	3	0	0	-10	0	0	0	0	0	0	0	0	16764159	0	0	0	0	0	0	0	0	0	0	0	0	0	0	0	0	
11110	???	KNIGHT	MONSTER	MELEE	70		AGGR,NOATTCHUNJO	0		STUN,SLOW,CURSE,TERROR	0		0	55	41	27	14	184	231	13000	3	5	0	0	2000	90	110	160	100	2000	150	3	0	0	0	1	1	3	0	-5	-5	-8	-12	-12	8	0	0	0	0	0	0	0	0	16764159	0	0	0	0	0	0	0	0	0	0	0	0	0	0	0	0	
11111	???	KNIGHT	MONSTER	RANGE	70		AGGR,NOATTCHUNJO	0		STUN,SLOW,CURSE,TERROR	0		0	52	39	26	13	280	327	8000	5	10	0	0	2000	90	100	100	100	2000	600	3	0	0	0	1	0	3	5	5	5	3	0	0	-10	0	0	0	0	0	0	0	0	16764159	0	0	0	0	0	0	0	0	0	0	0	0	0	0	0	0	
11112	???	KNIGHT	MONSTER	MELEE	90		AGGR,NOATTSHINSU	0		STUN,SLOW,CURSE,TERROR	0		0	99	99	99	30	263	331	30000	3	5	0	0	2000	120	110	170	100	2000	150	5	0	0	1	0	3	5	0	-10	-10	-15	-20	-20	10	0	0	0	0	0	0	0	0	16764108	0	0	0	0	0	0	0	0	0	0	0	0	0	0	0	0	
11113	???	KNIGHT	MONSTER	RANGE	90		AGGR,NOATTSHINSU	0		STUN,SLOW,CURSE,TERROR	0		0	99	99	99	30	400	468	20000	5	10	0	0	2000	120	110	150	100	2000	600	5	0	0	1	0	0	5	5	5	5	5	0	0	-15	0	0	0	0	0	0	0	0	16764108	0	0	0	0	0	0	0	0	0	0	0	0	0	0	0	0	
11114	???	KNIGHT	MONSTER	MELEE	90		AGGR,NOATTJINNO	0		STUN,SLOW,CURSE,TERROR	0		0	99	99	99	30	263	331	30000	3	5	0	0	2000	120	110	170	100	2000	150	5	0	0	1	0	3	5	0	-10	-10	-15	-20	-20	10	0	0	0	0	0	0	0	0	16764108	0	0	0	0	0	0	0	0	0	0	0	0	0	0	0	0	
11115	???	KNIGHT	MONSTER	RANGE	90		AGGR,NOATTJINNO	0		STUN,SLOW,CURSE,TERROR	0		0	99	99	99	30	400	468	20000	5	10	0	0	2000	120	110	150	100	2000	600	5	0	0	1	0	0	5	5	5	5	5	0	0	-15	0	0	0	0	0	0	0	0	16764108	0	0	0	0	0	0	0	0	0	0	0	0	0	0	0	0	
11116	???	KNIGHT	MONSTER	MELEE	90		AGGR,NOATTCHUNJO	0		STUN,SLOW,CURSE,TERROR	0		0	99	99	99	30	263	331	30000	3	5	0	0	2000	120	110	160	100	2000	150	5	0	0	1	0	3	5	0	-10	-10	-15	-20	-20	10	0	0	0	0	0	0	0	0	16764108	0	0	0	0	0	0	0	0	0	0	0	0	0	0	0	0	
11117	???	KNIGHT	MONSTER	RANGE	90		AGGR,NOATTCHUNJO	0		STUN,SLOW,CURSE,TERROR	0		0	99	99	99	30	400	468	20000	5	10	0	0	2000	120	100	100	100	2000	600	5	0	0	1	0	0	5	5	5	5	5	0	0	-15	0	0	0	0	0	0	0	0	16764108	0	0	0	0	0	0	0	0	0	0	0	0	0	0	0	0	
11505	?????	KNIGHT	MONSTER	RANGE	100		NOMOVE	0		STUN,SLOW,CURSE,TERROR	0		0	0	0	90	0	0	0	500000	3	1	0	0	802	109	100	100	0	2000	150	0	0	0	0	0	0	0	0	0	0	0	0	0	0	0	0	0	0	0	0	0	0	0	0	0	0	0	0	0	0	0	0	0	0	0	0	0	0	0	
11506	??	KNIGHT	MONSTER	MELEE	100		NOMOVE	0		STUN,SLOW,CURSE,TERROR	0		0	0	0	90	0	0	0	6000000	10	1	0	0	100000	100	101	101	0	2000	150	0	0	0	0	0	0	0	0	-30	-30	-30	-30	-30	-30	0	0	-15	0	0	0	0	0	0	0	0	0	0	0	0	0	0	0	0	0	0	0	0	0	0	
11507	??	KNIGHT	MONSTER	MELEE	100		NOMOVE	0		STUN,SLOW,CURSE,TERROR	0		0	0	0	90	0	0	0	3000000	10	3	0	0	100000	100	101	101	0	2000	150	0	0	0	0	0	0	0	0	-30	-30	-30	-30	-30	-30	0	0	-15	0	0	0	0	0	0	0	0	0	0	0	0	0	0	0	0	0	0	0	0	0	0	
11508	??	KNIGHT	MONSTER	MELEE	100		NOMOVE	0		STUN,SLOW,CURSE,TERROR	0		0	0	0	90	0	0	0	6000000	20	1	0	0	100000	150	101	101	0	2000	150	0	0	0	0	0	0	0	0	-30	-30	-30	-30	-30	-30	0	0	-15	0	0	0	0	0	0	0	0	0	0	0	0	0	0	0	0	0	0	0	0	0	0	
11509	??	KNIGHT	MONSTER	MELEE	100		NOMOVE	0		STUN,SLOW,CURSE,TERROR	0		0	0	0	90	0	0	0	3000000	20	3	0	0	100000	150	101	101	0	2000	150	0	0	0	0	0	0	0	0	-30	-30	-30	-30	-30	-30	0	0	-15	0	0	0	0	0	0	0	0	0	0	0	0	0	0	0	0	0	0	0	0	0	0	
11510	??	KNIGHT	MONSTER	MELEE	100		NOMOVE	0		STUN,SLOW,CURSE,TERROR	0		0	0	0	90	0	0	0	3000000	20	1	0	0	100000	150	101	101	0	2000	150	0	0	0	0	0	0	0	0	-30	-30	-30	-30	-30	-30	0	0	-15	0	0	0	0	0	0	0	0	0	0	0	0	0	0	0	0	0	0	0	0	0	0	
12000	???	PAWN	NPC	SPECIAL	100		NOMOVE	0		STUN,SLOW,CURSE,TERROR	0		0	0	0	0	0	0	0	6938	3	1	0	0	802	109	100	100	0	2000	175	0	0	0	0	0	0	0	0	0	0	0	0	0	0	0	0	0	0	0	0	0	0	0	0	0	0	0	0	0	0	0	0	0	0	0	0	0	0	0	
13000	???	KING	DOOR	SPECIAL	70		NOMOVE	0		STUN,SLOW,CURSE,TERROR	0		0	0	0	0	0	0	0	3954	3	1	0	0	562	79	100	100	0	2000	175	0	0	0	0	0	0	0	0	0	0	0	0	0	0	0	0	0	0	0	0	0	0	0	0	0	0	0	0	0	0	0	0	0	0	0	0	0	0	0	
13001	??	KING	DOOR	SPECIAL	70		NOMOVE	0		STUN,SLOW,CURSE,TERROR	0		0	0	0	0	0	0	0	3954	3	1	0	0	562	79	100	100	0	2000	175	0	0	0	0	0	0	0	0	0	0	0	0	0	0	0	0	0	0	0	0	0	0	0	0	0	0	0	0	0	0	0	0	0	0	0	0	0	0	0	
14000	???	KING	BUILDING	SPECIAL	70		NOMOVE	0		STUN,SLOW,CURSE,TERROR	0		0	0	0	0	0	0	0	3954	3	1	0	0	562	79	100	100	0	2000	150	0	0	0	0	0	0	0	0	0	0	0	0	0	0	0	0	0	0	0	0	0	0	0	0	0	0	0	0	0	0	0	0	0	0	0	0	0	0	0	
14001	???	KING	BUILDING	SPECIAL	70		NOMOVE	0		STUN,SLOW,CURSE,TERROR	0		0	0	0	0	0	0	0	3954	3	1	0	0	562	79	100	100	0	2000	150	0	0	0	0	0	0	0	0	0	0	0	0	0	0	0	0	0	0	0	0	0	0	0	0	0	0	0	0	0	0	0	0	0	0	0	0	0	0	0	
14002	???	KING	BUILDING	SPECIAL	70		NOMOVE	0		STUN,SLOW,CURSE,TERROR	0		0	0	0	0	0	0	0	3954	3	1	0	0	562	79	100	100	0	2000	150	0	0	0	0	0	0	0	0	0	0	0	0	0	0	0	0	0	0	0	0	0	0	0	0	0	0	0	0	0	0	0	0	0	0	0	0	0	0	0	
14003	???	KING	BUILDING	SPECIAL	70		NOMOVE	0		STUN,SLOW,CURSE,TERROR	0		0	0	0	0	0	0	0	3954	3	1	0	0	562	79	100	100	0	2000	150	0	0	0	0	0	0	0	0	0	0	0	0	0	0	0	0	0	0	0	0	0	0	0	0	0	0	0	0	0	0	0	0	0	0	0	0	0	0	0	
14004	???	KING	BUILDING	SPECIAL	70		NOMOVE	0		STUN,SLOW,CURSE,TERROR	0		0	0	0	0	0	0	0	3954	3	1	0	0	562	79	100	100	0	2000	150	0	0	0	0	0	0	0	0	0	0	0	0	0	0	0	0	0	0	0	0	0	0	0	0	0	0	0	0	0	0	0	0	0	0	0	0	0	0	0	
14005	???	KING	BUILDING	SPECIAL	70		NOMOVE	0		STUN,SLOW,CURSE,TERROR	0		0	0	0	0	0	0	0	3954	3	1	0	0	562	79	100	100	0	2000	150	0	0	0	0	0	0	0	0	0	0	0	0	0	0	0	0	0	0	0	0	0	0	0	0	0	0	0	0	0	0	0	0	0	0	0	0	0	0	0	
14006	???	KING	BUILDING	SPECIAL	70		NOMOVE	0		STUN,SLOW,CURSE,TERROR	0		0	0	0	0	0	0	0	3954	3	1	0	0	562	79	100	100	0	2000	150	0	0	0	0	0	0	0	0	0	0	0	0	0	0	0	0	0	0	0	0	0	0	0	0	0	0	0	0	0	0	0	0	0	0	0	0	0	0	0	
14007	???	KING	BUILDING	SPECIAL	70		NOMOVE	0		STUN,SLOW,CURSE,TERROR	0		0	0	0	0	0	0	0	3954	3	1	0	0	562	79	100	100	0	2000	150	0	0	0	0	0	0	0	0	0	0	0	0	0	0	0	0	0	0	0	0	0	0	0	0	0	0	0	0	0	0	0	0	0	0	0	0	0	0	0	
14008	???	KING	BUILDING	SPECIAL	70		NOMOVE	0		STUN,SLOW,CURSE,TERROR	0		0	0	0	0	0	0	0	3954	3	1	0	0	562	79	100	100	0	2000	150	0	0	0	0	0	0	0	0	0	0	0	0	0	0	0	0	0	0	0	0	0	0	0	0	0	0	0	0	0	0	0	0	0	0	0	0	0	0	0	
14009	???	KING	BUILDING	SPECIAL	70		NOMOVE	0		STUN,SLOW,CURSE,TERROR	0		0	0	0	0	0	0	0	3954	3	1	0	0	562	79	100	100	0	2000	150	0	0	0	0	0	0	0	0	0	0	0	0	0	0	0	0	0	0	0	0	0	0	0	0	0	0	0	0	0	0	0	0	0	0	0	0	0	0	0	
14010	??	KING	BUILDING	SPECIAL	70		NOMOVE	0		STUN,SLOW,CURSE,TERROR	0		0	0	0	0	0	0	0	3954	3	1	0	0	562	79	100	100	0	2000	150	0	0	0	0	0	0	0	0	0	0	0	0	0	0	0	0	0	0	0	0	0	0	0	0	0	0	0	0	0	0	0	0	0	0	0	0	0	0	0	
14011	??	KING	BUILDING	SPECIAL	70		NOMOVE	0		STUN,SLOW,CURSE,TERROR	0		0	0	0	0	0	0	0	3954	3	1	0	0	562	79	100	100	0	2000	150	0	0	0	0	0	0	0	0	0	0	0	0	0	0	0	0	0	0	0	0	0	0	0	0	0	0	0	0	0	0	0	0	0	0	0	0	0	0	0	
14012	??	KING	BUILDING	SPECIAL	70		NOMOVE	0		STUN,SLOW,CURSE,TERROR	0		0	0	0	0	0	0	0	3954	3	1	0	0	562	79	100	100	0	2000	150	0	0	0	0	0	0	0	0	0	0	0	0	0	0	0	0	0	0	0	0	0	0	0	0	0	0	0	0	0	0	0	0	0	0	0	0	0	0	0	
14013	??	KING	BUILDING	SPECIAL	70		NOMOVE	0		STUN,SLOW,CURSE,TERROR	0		0	0	0	0	0	0	0	3954	3	1	0	0	562	79	100	100	0	2000	150	0	0	0	0	0	0	0	0	0	0	0	0	0	0	0	0	0	0	0	0	0	0	0	0	0	0	0	0	0	0	0	0	0	0	0	0	0	0	0	
14014	??	KING	BUILDING	SPECIAL	70		NOMOVE	0		STUN,SLOW,CURSE,TERROR	0		0	0	0	0	0	0	0	3954	3	1	0	0	562	79	100	100	0	2000	150	0	0	0	0	0	0	0	0	0	0	0	0	0	0	0	0	0	0	0	0	0	0	0	0	0	0	0	0	0	0	0	0	0	0	0	0	0	0	0	
14015	??	KING	BUILDING	SPECIAL	70		NOMOVE	0		STUN,SLOW,CURSE,TERROR	0		0	0	0	0	0	0	0	3954	3	1	0	0	562	79	100	100	0	2000	150	0	0	0	0	0	0	0	0	0	0	0	0	0	0	0	0	0	0	0	0	0	0	0	0	0	0	0	0	0	0	0	0	0	0	0	0	0	0	0	
14016	??	KING	BUILDING	SPECIAL	70		NOMOVE	0		STUN,SLOW,CURSE,TERROR	0		0	0	0	0	0	0	0	3954	3	1	0	0	562	79	100	100	0	2000	150	0	0	0	0	0	0	0	0	0	0	0	0	0	0	0	0	0	0	0	0	0	0	0	0	0	0	0	0	0	0	0	0	0	0	0	0	0	0	0	
14017	??	KING	BUILDING	SPECIAL	70		NOMOVE	0		STUN,SLOW,CURSE,TERROR	0		0	0	0	0	0	0	0	3954	3	1	0	0	562	79	100	100	0	2000	150	0	0	0	0	0	0	0	0	0	0	0	0	0	0	0	0	0	0	0	0	0	0	0	0	0	0	0	0	0	0	0	0	0	0	0	0	0	0	0	
14018	??	KING	BUILDING	SPECIAL	70		NOMOVE	0		STUN,SLOW,CURSE,TERROR	0		0	0	0	0	0	0	0	3954	3	1	0	0	562	79	100	100	0	2000	150	0	0	0	0	0	0	0	0	0	0	0	0	0	0	0	0	0	0	0	0	0	0	0	0	0	0	0	0	0	0	0	0	0	0	0	0	0	0	0	
14019	??	KING	BUILDING	SPECIAL	70		NOMOVE	0		STUN,SLOW,CURSE,TERROR	0		0	0	0	0	0	0	0	3954	3	1	0	0	562	79	100	100	0	2000	150	0	0	0	0	0	0	0	0	0	0	0	0	0	0	0	0	0	0	0	0	0	0	0	0	0	0	0	0	0	0	0	0	0	0	0	0	0	0	0	
14020	???	KING	BUILDING	SPECIAL	70		NOMOVE	0		STUN,SLOW,CURSE,TERROR	0		0	0	0	0	0	0	0	3954	3	1	0	0	562	79	100	100	0	2000	150	0	0	0	0	0	0	0	0	0	0	0	0	0	0	0	0	0	0	0	0	0	0	0	0	0	0	0	0	0	0	0	0	0	0	0	0	0	0	0	
14021	???	KING	BUILDING	SPECIAL	70		NOMOVE	0		STUN,SLOW,CURSE,TERROR	0		0	0	0	0	0	0	0	3954	3	1	0	0	562	79	100	100	0	2000	150	0	0	0	0	0	0	0	0	0	0	0	0	0	0	0	0	0	0	0	0	0	0	0	0	0	0	0	0	0	0	0	0	0	0	0	0	0	0	0	
14022	???	KING	BUILDING	SPECIAL	70		NOMOVE	0		STUN,SLOW,CURSE,TERROR	0		0	0	0	0	0	0	0	3954	3	1	0	0	562	79	100	100	0	2000	150	0	0	0	0	0	0	0	0	0	0	0	0	0	0	0	0	0	0	0	0	0	0	0	0	0	0	0	0	0	0	0	0	0	0	0	0	0	0	0	
14023	???	KING	BUILDING	SPECIAL	70		NOMOVE	0		STUN,SLOW,CURSE,TERROR	0		0	0	0	0	0	0	0	3954	3	1	0	0	562	79	100	100	0	2000	150	0	0	0	0	0	0	0	0	0	0	0	0	0	0	0	0	0	0	0	0	0	0	0	0	0	0	0	0	0	0	0	0	0	0	0	0	0	0	0	
14024	???	KING	BUILDING	SPECIAL	70		NOMOVE	0		STUN,SLOW,CURSE,TERROR	0		0	0	0	0	0	0	0	3954	3	1	0	0	562	79	100	100	0	2000	150	0	0	0	0	0	0	0	0	0	0	0	0	0	0	0	0	0	0	0	0	0	0	0	0	0	0	0	0	0	0	0	0	0	0	0	0	0	0	0	
14025	???	KING	BUILDING	SPECIAL	70		NOMOVE	0		STUN,SLOW,CURSE,TERROR	0		0	0	0	0	0	0	0	3954	3	1	0	0	562	79	100	100	0	2000	150	0	0	0	0	0	0	0	0	0	0	0	0	0	0	0	0	0	0	0	0	0	0	0	0	0	0	0	0	0	0	0	0	0	0	0	0	0	0	0	
14026	???	KING	BUILDING	SPECIAL	70		NOMOVE	0		STUN,SLOW,CURSE,TERROR	0		0	0	0	0	0	0	0	3954	3	1	0	0	562	79	100	100	0	2000	150	0	0	0	0	0	0	0	0	0	0	0	0	0	0	0	0	0	0	0	0	0	0	0	0	0	0	0	0	0	0	0	0	0	0	0	0	0	0	0	
14027	???	KING	BUILDING	SPECIAL	70		NOMOVE	0		STUN,SLOW,CURSE,TERROR	0		0	0	0	0	0	0	0	3954	3	1	0	0	562	79	100	100	0	2000	150	0	0	0	0	0	0	0	0	0	0	0	0	0	0	0	0	0	0	0	0	0	0	0	0	0	0	0	0	0	0	0	0	0	0	0	0	0	0	0	
14028	???	KING	BUILDING	SPECIAL	70		NOMOVE	0		STUN,SLOW,CURSE,TERROR	0		0	0	0	0	0	0	0	3954	3	1	0	0	562	79	100	100	0	2000	150	0	0	0	0	0	0	0	0	0	0	0	0	0	0	0	0	0	0	0	0	0	0	0	0	0	0	0	0	0	0	0	0	0	0	0	0	0	0	0	
14029	???	KING	BUILDING	SPECIAL	70		NOMOVE	0		STUN,SLOW,CURSE,TERROR	0		0	0	0	0	0	0	0	3954	3	1	0	0	562	79	100	100	0	2000	150	0	0	0	0	0	0	0	0	0	0	0	0	0	0	0	0	0	0	0	0	0	0	0	0	0	0	0	0	0	0	0	0	0	0	0	0	0	0	0	
14030	???	KING	BUILDING	SPECIAL	70		NOMOVE	0		STUN,SLOW,CURSE,TERROR	0		0	0	0	0	0	0	0	3954	3	1	0	0	562	79	100	100	0	2000	150	0	0	0	0	0	0	0	0	0	0	0	0	0	0	0	0	0	0	0	0	0	0	0	0	0	0	0	0	0	0	0	0	0	0	0	0	0	0	0	
14031	???	KING	BUILDING	SPECIAL	70		NOMOVE	0		STUN,SLOW,CURSE,TERROR	0		0	0	0	0	0	0	0	3954	3	1	0	0	562	79	100	100	0	2000	150	0	0	0	0	0	0	0	0	0	0	0	0	0	0	0	0	0	0	0	0	0	0	0	0	0	0	0	0	0	0	0	0	0	0	0	0	0	0	0	
14032	???	KING	BUILDING	SPECIAL	70		NOMOVE	0		STUN,SLOW,CURSE,TERROR	0		0	0	0	0	0	0	0	3954	3	1	0	0	562	79	100	100	0	2000	150	0	0	0	0	0	0	0	0	0	0	0	0	0	0	0	0	0	0	0	0	0	0	0	0	0	0	0	0	0	0	0	0	0	0	0	0	0	0	0	
14033	???	KING	BUILDING	SPECIAL	70		NOMOVE	0		STUN,SLOW,CURSE,TERROR	0		0	0	0	0	0	0	0	3954	3	1	0	0	562	79	100	100	0	2000	150	0	0	0	0	0	0	0	0	0	0	0	0	0	0	0	0	0	0	0	0	0	0	0	0	0	0	0	0	0	0	0	0	0	0	0	0	0	0	0	
14034	???	KING	BUILDING	SPECIAL	70		NOMOVE	0		STUN,SLOW,CURSE,TERROR	0		0	0	0	0	0	0	0	3954	3	1	0	0	562	79	100	100	0	2000	150	0	0	0	0	0	0	0	0	0	0	0	0	0	0	0	0	0	0	0	0	0	0	0	0	0	0	0	0	0	0	0	0	0	0	0	0	0	0	0	
14035	???	KING	BUILDING	SPECIAL	70		NOMOVE	0		STUN,SLOW,CURSE,TERROR	0		0	0	0	0	0	0	0	3954	3	1	0	0	562	79	100	100	0	2000	150	0	0	0	0	0	0	0	0	0	0	0	0	0	0	0	0	0	0	0	0	0	0	0	0	0	0	0	0	0	0	0	0	0	0	0	0	0	0	0	
14036	???	KING	BUILDING	SPECIAL	70		NOMOVE	0		STUN,SLOW,CURSE,TERROR	0		0	0	0	0	0	0	0	3954	3	1	0	0	562	79	100	100	0	2000	150	0	0	0	0	0	0	0	0	0	0	0	0	0	0	0	0	0	0	0	0	0	0	0	0	0	0	0	0	0	0	0	0	0	0	0	0	0	0	0	
14037	???	KING	BUILDING	SPECIAL	70		NOMOVE	0		STUN,SLOW,CURSE,TERROR	0		0	0	0	0	0	0	0	3954	3	1	0	0	562	79	100	100	0	2000	150	0	0	0	0	0	0	0	0	0	0	0	0	0	0	0	0	0	0	0	0	0	0	0	0	0	0	0	0	0	0	0	0	0	0	0	0	0	0	0	
14038	???	KING	BUILDING	SPECIAL	70		NOMOVE	0		STUN,SLOW,CURSE,TERROR	0		0	0	0	0	0	0	0	3954	3	1	0	0	562	79	100	100	0	2000	150	0	0	0	0	0	0	0	0	0	0	0	0	0	0	0	0	0	0	0	0	0	0	0	0	0	0	0	0	0	0	0	0	0	0	0	0	0	0	0	
14039	???	KING	BUILDING	SPECIAL	70		NOMOVE	0		STUN,SLOW,CURSE,TERROR	0		0	0	0	0	0	0	0	3954	3	1	0	0	562	79	100	100	0	2000	150	0	0	0	0	0	0	0	0	0	0	0	0	0	0	0	0	0	0	0	0	0	0	0	0	0	0	0	0	0	0	0	0	0	0	0	0	0	0	0	
14040	???	KING	BUILDING	SPECIAL	70		NOMOVE	0		STUN,SLOW,CURSE,TERROR	0		0	0	0	0	0	0	0	3954	3	1	0	0	562	79	100	100	0	2000	150	0	0	0	0	0	0	0	0	0	0	0	0	0	0	0	0	0	0	0	0	0	0	0	0	0	0	0	0	0	0	0	0	0	0	0	0	0	0	0	
14041	???	KING	BUILDING	SPECIAL	70		NOMOVE	0		STUN,SLOW,CURSE,TERROR	0		0	0	0	0	0	0	0	3954	3	1	0	0	562	79	100	100	0	2000	150	0	0	0	0	0	0	0	0	0	0	0	0	0	0	0	0	0	0	0	0	0	0	0	0	0	0	0	0	0	0	0	0	0	0	0	0	0	0	0	
14042	???	KING	BUILDING	SPECIAL	70		NOMOVE	0		STUN,SLOW,CURSE,TERROR	0		0	0	0	0	0	0	0	3954	3	1	0	0	562	79	100	100	0	2000	150	0	0	0	0	0	0	0	0	0	0	0	0	0	0	0	0	0	0	0	0	0	0	0	0	0	0	0	0	0	0	0	0	0	0	0	0	0	0	0	
14043	???	KING	BUILDING	SPECIAL	70		NOMOVE	0		STUN,SLOW,CURSE,TERROR	0		0	0	0	0	0	0	0	3954	3	1	0	0	562	79	100	100	0	2000	150	0	0	0	0	0	0	0	0	0	0	0	0	0	0	0	0	0	0	0	0	0	0	0	0	0	0	0	0	0	0	0	0	0	0	0	0	0	0	0	
14044	???	KING	BUILDING	SPECIAL	70		NOMOVE	0		STUN,SLOW,CURSE,TERROR	0		0	0	0	0	0	0	0	3954	3	1	0	0	562	79	100	100	0	2000	150	0	0	0	0	0	0	0	0	0	0	0	0	0	0	0	0	0	0	0	0	0	0	0	0	0	0	0	0	0	0	0	0	0	0	0	0	0	0	0	
14045	???	KING	BUILDING	SPECIAL	70		NOMOVE	0		STUN,SLOW,CURSE,TERROR	0		0	0	0	0	0	0	0	3954	3	1	0	0	562	79	100	100	0	2000	150	0	0	0	0	0	0	0	0	0	0	0	0	0	0	0	0	0	0	0	0	0	0	0	0	0	0	0	0	0	0	0	0	0	0	0	0	0	0	0	
14046	???	KING	BUILDING	SPECIAL	70		NOMOVE	0		STUN,SLOW,CURSE,TERROR	0		0	0	0	0	0	0	0	3954	3	1	0	0	562	79	100	100	0	2000	150	0	0	0	0	0	0	0	0	0	0	0	0	0	0	0	0	0	0	0	0	0	0	0	0	0	0	0	0	0	0	0	0	0	0	0	0	0	0	0	
14047	???	KING	BUILDING	SPECIAL	70		NOMOVE	0		STUN,SLOW,CURSE,TERROR	0		0	0	0	0	0	0	0	3954	3	1	0	0	562	79	100	100	0	2000	150	0	0	0	0	0	0	0	0	0	0	0	0	0	0	0	0	0	0	0	0	0	0	0	0	0	0	0	0	0	0	0	0	0	0	0	0	0	0	0	
14048	???	KING	BUILDING	SPECIAL	70		NOMOVE	0		STUN,SLOW,CURSE,TERROR	0		0	0	0	0	0	0	0	3954	3	1	0	0	562	79	100	100	0	2000	150	0	0	0	0	0	0	0	0	0	0	0	0	0	0	0	0	0	0	0	0	0	0	0	0	0	0	0	0	0	0	0	0	0	0	0	0	0	0	0	
14049	???	KING	BUILDING	SPECIAL	70		NOMOVE	0		STUN,SLOW,CURSE,TERROR	0		0	0	0	0	0	0	0	3954	3	1	0	0	562	79	100	100	0	2000	150	0	0	0	0	0	0	0	0	0	0	0	0	0	0	0	0	0	0	0	0	0	0	0	0	0	0	0	0	0	0	0	0	0	0	0	0	0	0	0	
20001	????	KING	NPC	MELEE	1		NOMOVE	0		STUN,SLOW,CURSE,TERROR	0		2	0	0	0	0	0	0	120	3	1	0	0	10	4	100	100	0	2000	175	0	0	0	0	0	0	0	0	0	0	0	0	0	0	0	0	0	0	0	0	0	0	0	0	0	0	0	0	0	0	0	0	0	0	0	0	0	0	0	
20002	???	KING	NPC	MELEE	1		NOMOVE	0		STUN,SLOW,CURSE,TERROR	0		2	0	0	0	0	0	0	120	3	1	0	0	10	4	100	100	0	2000	175	0	0	0	0	0	0	0	0	0	0	0	0	0	0	0	0	0	0	0	0	0	0	0	0	0	0	0	0	0	0	0	0	0	0	0	0	0	0	0	
20003	??	KING	NPC	MELEE	1		NOMOVE	0		STUN,SLOW,CURSE,TERROR	0		2	0	0	0	0	0	0	120	3	1	0	0	10	4	100	100	0	2000	175	0	0	0	0	0	0	0	0	0	0	0	0	0	0	0	0	0	0	0	0	0	0	0	0	0	0	0	0	0	0	0	0	0	0	0	0	0	0	0	
20004	??	KING	NPC	MELEE	1		NOMOVE	0		STUN,SLOW,CURSE,TERROR	0	beggar	2	0	0	0	0	0	0	120	3	1	0	0	10	4	100	100	0	2000	175	0	0	0	0	0	0	0	0	0	0	0	0	0	0	0	0	0	0	0	0	0	0	0	0	0	0	0	0	0	0	0	0	0	0	0	0	0	0	0	
20005	???	KING	NPC	MELEE	1		NOMOVE	0		STUN,SLOW,CURSE,TERROR	0		2	0	0	0	0	0	0	120	3	1	0	0	10	4	100	100	0	2000	175	0	0	0	0	0	0	0	0	0	0	0	0	0	0	0	0	0	0	0	0	0	0	0	0	0	0	0	0	0	0	0	0	0	0	0	0	0	0	0	
20006	???	KING	NPC	MELEE	1		NOMOVE	0		STUN,SLOW,CURSE,TERROR	0		2	0	0	0	0	0	0	120	3	1	0	0	10	4	100	100	0	2000	175	0	0	0	0	0	0	0	0	0	0	0	0	0	0	0	0	0	0	0	0	0	0	0	0	0	0	0	0	0	0	0	0	0	0	0	0	0	0	0	
20007	???	KING	NPC	MELEE	1		NOMOVE	0		STUN,SLOW,CURSE,TERROR	0		2	0	0	0	0	0	0	120	3	1	0	0	10	4	100	100	0	2000	175	0	0	0	0	0	0	0	0	0	0	0	0	0	0	0	0	0	0	0	0	0	0	0	0	0	0	0	0	0	0	0	0	0	0	0	0	0	0	0	
20008	??	KING	NPC	MELEE	1		NOMOVE	0		STUN,SLOW,CURSE,TERROR	0		2	0	0	0	0	0	0	120	3	1	0	0	10	4	100	100	0	2000	175	0	0	0	0	0	0	0	0	0	0	0	0	0	0	0	0	0	0	0	0	0	0	0	0	0	0	0	0	0	0	0	0	0	0	0	0	0	0	0	
20009	??	KING	NPC	MELEE	1		NOMOVE	0		STUN,SLOW,CURSE,TERROR	0		2	0	0	0	0	0	0	120	3	1	0	0	10	4	100	100	0	2000	175	0	0	0	0	0	0	0	0	0	0	0	0	0	0	0	0	0	0	0	0	0	0	0	0	0	0	0	0	0	0	0	0	0	0	0	0	0	0	0	
20010	???	KING	NPC	MELEE	1		NOMOVE	0		STUN,SLOW,CURSE,TERROR	0	peddler	2	0	0	0	0	0	0	120	3	1	0	0	10	4	100	100	0	2000	175	0	0	0	0	0	0	0	0	0	0	0	0	0	0	0	0	0	0	0	0	0	0	0	0	0	0	0	0	0	0	0	0	0	0	0	0	0	0	0	
20011	???	KING	NPC	MELEE	1		NOMOVE	0		STUN,SLOW,CURSE,TERROR	0		2	0	0	0	0	0	0	120	3	1	0	0	10	4	100	100	0	2000	175	0	0	0	0	0	0	0	0	0	0	0	0	0	0	0	0	0	0	0	0	0	0	0	0	0	0	0	0	0	0	0	0	0	0	0	0	0	0	0	
20012	??	KING	NPC	MELEE	1		NOMOVE	0		STUN,SLOW,CURSE,TERROR	0		2	0	0	0	0	0	0	120	3	1	0	0	10	4	100	100	0	2000	175	0	0	0	0	0	0	0	0	0	0	0	0	0	0	0	0	0	0	0	0	0	0	0	0	0	0	0	0	0	0	0	0	0	0	0	0	0	0	0	
20013	??	KING	NPC	MELEE	1		NOMOVE	0		STUN,SLOW,CURSE,TERROR	0		2	0	0	0	0	0	0	120	3	1	0	0	10	4	100	100	0	2000	175	0	0	0	0	0	0	0	0	0	0	0	0	0	0	0	0	0	0	0	0	0	0	0	0	0	0	0	0	0	0	0	0	0	0	0	0	0	0	0	
20014	???	KING	NPC	MELEE	1		NOMOVE	0		STUN,SLOW,CURSE,TERROR	0		2	0	0	0	0	0	0	120	3	1	0	0	10	4	100	100	0	2000	175	0	0	0	0	0	0	0	0	0	0	0	0	0	0	0	0	0	0	0	0	0	0	0	0	0	0	0	0	0	0	0	0	0	0	0	0	0	0	0	
20015	??? ??	KING	NPC	MELEE	1		NOMOVE	0		STUN,SLOW,CURSE,TERROR	0		2	0	0	0	0	0	0	120	3	1	0	0	10	4	100	100	0	2000	175	0	0	0	0	0	0	0	0	0	0	0	0	0	0	0	0	0	0	0	0	0	0	0	0	0	0	0	0	0	0	0	0	0	0	0	0	0	0	0	
20016	????	KING	NPC	MELEE	1		NOMOVE	0		STUN,SLOW,CURSE,TERROR	0		2	0	0	0	0	0	0	120	3	1	0	0	10	4	100	100	0	2000	175	0	0	0	0	0	0	0	0	0	0	0	0	0	0	0	0	0	0	0	0	0	0	0	0	0	0	0	0	0	0	0	0	0	0	0	0	0	0	0	
20017	??	KING	NPC	MELEE	1		NOMOVE	0		STUN,SLOW,CURSE,TERROR	0		2	0	0	0	0	0	0	120	3	1	0	0	10	4	100	100	0	2000	175	0	0	0	0	0	0	0	0	0	0	0	0	0	0	0	0	0	0	0	0	0	0	0	0	0	0	0	0	0	0	0	0	0	0	0	0	0	0	0	
20018	??	KING	NPC	MELEE	1		NOMOVE	0		STUN,SLOW,CURSE,TERROR	0		2	0	0	0	0	0	0	120	3	1	0	0	10	4	100	100	0	2000	175	0	0	0	0	0	0	0	0	0	0	0	0	0	0	0	0	0	0	0	0	0	0	0	0	0	0	0	0	0	0	0	0	0	0	0	0	0	0	0	
20019	??	KING	NPC	MELEE	1		NOMOVE	0		STUN,SLOW,CURSE,TERROR	0		2	0	0	0	0	0	0	120	3	1	0	0	10	4	100	100	0	2000	175	0	0	0	0	0	0	0	0	0	0	0	0	0	0	0	0	0	0	0	0	0	0	0	0	0	0	0	0	0	0	0	0	0	0	0	0	0	0	0	
20020	??? ??	KING	NPC	MELEE	1		NOMOVE	0		STUN,SLOW,CURSE,TERROR	0		2	0	0	0	0	0	0	120	3	1	0	0	10	4	100	100	0	2000	175	0	0	0	0	0	0	0	0	0	0	0	0	0	0	0	0	0	0	0	0	0	0	0	0	0	0	0	0	0	0	0	0	0	0	0	0	0	0	0	
20021	???	KING	NPC	MELEE	1		NOMOVE	0		STUN,SLOW,CURSE,TERROR	0		2	0	0	0	0	0	0	120	3	1	0	0	10	4	100	100	0	2000	175	0	0	0	0	0	0	0	0	0	0	0	0	0	0	0	0	0	0	0	0	0	0	0	0	0	0	0	0	0	0	0	0	0	0	0	0	0	0	0	
20022	???	KING	NPC	MELEE	1		NOMOVE	0		STUN,SLOW,CURSE,TERROR	0		2	0	0	0	0	0	0	120	3	1	0	0	10	4	100	100	0	2000	175	0	0	0	0	0	0	0	0	0	0	0	0	0	0	0	0	0	0	0	0	0	0	0	0	0	0	0	0	0	0	0	0	0	0	0	0	0	0	0	
20023	???	KING	NPC	MELEE	1		NOMOVE	0		STUN,SLOW,CURSE,TERROR	0		2	0	0	0	0	0	0	120	3	1	0	0	10	4	100	100	0	2000	175	0	0	0	0	0	0	0	0	0	0	0	0	0	0	0	0	0	0	0	0	0	0	0	0	0	0	0	0	0	0	0	0	0	0	0	0	0	0	0	
20024	???	KING	NPC	MELEE	1		NOMOVE	0		STUN,SLOW,CURSE,TERROR	0		2	0	0	0	0	0	0	120	3	1	0	0	10	4	100	100	0	2000	175	0	0	0	0	0	0	0	0	0	0	0	0	0	0	0	0	0	0	0	0	0	0	0	0	0	0	0	0	0	0	0	0	0	0	0	0	0	0	0	
20025	.	KING	NPC	MELEE	1		NOMOVE	0		STUN,SLOW,CURSE,TERROR	0		2	0	0	0	0	0	0	120	3	1	0	0	10	4	100	100	0	2000	175	0	0	0	0	0	0	0	0	0	0	0	0	0	0	0	0	0	0	0	0	0	0	0	0	0	0	0	0	0	0	0	0	0	0	0	0	0	0	0	
20026	???	KING	NPC	MELEE	1		NOMOVE	0		STUN,SLOW,CURSE,TERROR	0		2	0	0	0	0	0	0	120	3	1	0	0	10	4	100	100	0	2000	175	0	0	0	0	0	0	0	0	0	0	0	0	0	0	0	0	0	0	0	0	0	0	0	0	0	0	0	0	0	0	0	0	0	0	0	0	0	0	0	
20027	???	KING	NPC	MELEE	1		NOMOVE	0		STUN,SLOW,CURSE,TERROR	0		2	0	0	0	0	0	0	120	3	1	0	0	10	4	100	100	0	2000	175	0	0	0	0	0	0	0	0	0	0	0	0	0	0	0	0	0	0	0	0	0	0	0	0	0	0	0	0	0	0	0	0	0	0	0	0	0	0	0	
20028	?????	KING	NPC	MELEE	1		NOMOVE	0		STUN,SLOW,CURSE,TERROR	0		2	0	0	0	0	0	0	120	3	1	0	0	10	4	100	100	0	2000	175	0	0	0	0	0	0	0	0	0	0	0	0	0	0	0	0	0	0	0	0	0	0	0	0	0	0	0	0	0	0	0	0	0	0	0	0	0	0	0	
20029	???	KING	NPC	MELEE	1			0		STUN,SLOW,CURSE,TERROR	0	horse	0	0	0	0	0	0	0	120	3	1	0	0	10	4	100	100	0	2000	150	0	0	0	0	0	0	0	0	0	0	0	0	0	0	0	0	0	0	0	0	0	0	0	0	0	0	0	0	0	0	0	0	0	0	0	0	0	0	0	
20030	?	KING	NPC	MELEE	1			0		STUN,SLOW,CURSE,TERROR	0	horse	2	0	0	0	0	0	0	120	3	1	0	0	10	4	100	100	0	2000	150	0	0	0	0	0	0	0	0	0	0	0	0	0	0	0	0	0	0	0	0	0	0	0	0	0	0	0	0	0	0	0	0	0	0	0	0	0	0	0	
20031	?????	KING	NPC	MELEE	1		NOMOVE	0		STUN,SLOW,CURSE,TERROR	0		2	0	0	0	0	0	0	120	3	1	0	0	10	4	100	100	0	2000	150	0	0	0	0	0	0	0	0	0	0	0	0	0	0	0	0	0	0	0	0	0	0	0	0	0	0	0	0	0	0	0	0	0	0	0	0	0	0	0	
20032	????? ??	KING	NPC	MELEE	1		NOMOVE	0		STUN,SLOW,CURSE,TERROR	0		2	0	0	0	0	0	0	120	3	1	0	0	10	4	100	100	0	2000	150	0	0	0	0	0	0	0	0	0	0	0	0	0	0	0	0	0	0	0	0	0	0	0	0	0	0	0	0	0	0	0	0	0	0	0	0	0	0	0	
20033	????? ??	KING	NPC	MELEE	1		NOMOVE	0		STUN,SLOW,CURSE,TERROR	0		2	0	0	0	0	0	0	120	3	1	0	0	10	4	100	100	0	2000	150	0	0	0	0	0	0	0	0	0	0	0	0	0	0	0	0	0	0	0	0	0	0	0	0	0	0	0	0	0	0	0	0	0	0	0	0	0	0	0	
20034	????? ??	KING	NPC	MELEE	1		NOMOVE	0		STUN,SLOW,CURSE,TERROR	0		2	0	0	0	0	0	0	120	3	1	0	0	10	4	100	100	0	2000	150	0	0	0	0	0	0	0	0	0	0	0	0	0	0	0	0	0	0	0	0	0	0	0	0	0	0	0	0	0	0	0	0	0	0	0	0	0	0	0	
20035	??	KING	NPC	MELEE	1		NOMOVE	0		STUN,SLOW,CURSE,TERROR	1		2	0	0	0	0	0	0	1	1	1	0	0	1	1	1	1	1	2000	1	0	0	0	0	0	0	0	0	0	0	0	0	0	0	0	0	0	0	0	0	0	0	0	0	0	0	0	0	0	0	0	0	0	0	0	0	0	0	0	
20036	??	KING	NPC	MELEE	1		NOMOVE	0		STUN,SLOW,CURSE,TERROR	2		2	0	0	0	0	0	0	1	1	1	0	0	1	1	1	1	1	2000	1	0	0	0	0	0	0	0	0	0	0	0	0	0	0	0	0	0	0	0	0	0	0	0	0	0	0	0	0	0	0	0	0	0	0	0	0	0	0	0	
20037	??	KING	NPC	MELEE	1		NOMOVE	0		STUN,SLOW,CURSE,TERROR	3		2	0	0	0	0	0	0	1	1	1	0	0	1	1	1	1	1	2000	1	0	0	0	0	0	0	0	0	0	0	0	0	0	0	0	0	0	0	0	0	0	0	0	0	0	0	0	0	0	0	0	0	0	0	0	0	0	0	0	
20038	..	KING	NPC	MELEE	1		NOMOVE	0		STUN,SLOW,CURSE,TERROR	0		2	0	0	0	0	0	0	1	1	1	0	0	1	1	1	1	1	2000	1	0	0	0	0	0	0	0	0	0	0	0	0	0	0	0	0	0	0	0	0	0	0	0	0	0	0	0	0	0	0	0	0	0	0	0	0	0	0	0	
20039	.	KING	GOTO	MELEE	1		NOMOVE	0		STUN,SLOW,CURSE,TERROR	0		2	0	0	0	0	0	0	1	1	1	0	0	1	1	1	1	1	2000	1	0	0	0	0	0	0	0	0	0	0	0	0	0	0	0	0	0	0	0	0	0	0	0	0	0	0	0	0	0	0	0	0	0	0	0	0	0	0	0	
20040	????	KING	NPC	MELEE	1		NOMOVE	0		STUN,SLOW,CURSE,TERROR	0		2	0	0	0	0	0	0	1	1	1	0	0	1	1	1	1	1	2000	1	0	0	0	0	0	0	0	0	0	0	0	0	0	0	0	0	0	0	0	0	0	0	0	0	0	0	0	0	0	0	0	0	0	0	0	0	0	0	0	
20041	??? ??	KING	NPC	MELEE	1			0		STUN,SLOW,CURSE,TERROR	0	beggar	0	0	0	0	0	0	0	120	3	1	0	0	10	4	100	100	0	2000	150	0	0	0	0	0	0	0	0	0	0	0	0	0	0	0	0	0	0	0	0	0	0	16764159	0	0	0	0	0	0	0	0	0	0	0	0	0	0	0	0	
20042	??? ???	KING	NPC	MELEE	1			0		STUN,SLOW,CURSE,TERROR	0	peddler	1	0	0	0	0	0	0	120	3	1	0	0	10	4	100	100	0	2000	150	0	0	0	0	0	0	0	0	0	0	0	0	0	0	0	0	0	0	0	0	0	0	16764159	0	0	0	0	0	0	0	0	0	0	0	0	0	0	0	0	
20043	.	KING	NPC	MELEE	1			0		STUN,SLOW,CURSE,TERROR	0		2	0	0	0	0	0	0	120	3	1	0	0	10	4	100	100	0	2000	150	0	0	0	0	0	0	0	0	0	0	0	0	0	0	0	0	0	0	0	0	0	0	0	0	0	0	0	0	0	0	0	0	0	0	0	0	0	0	0	
20044	?? ???? ??	KING	NPC	MELEE	1		NOMOVE	0		STUN,SLOW,CURSE,TERROR	0		2	0	0	0	0	0	0	120	3	1	0	0	10	4	100	100	0	2000	150	0	0	0	0	0	0	0	0	0	0	0	0	0	0	0	0	0	0	0	0	0	0	0	0	0	0	0	0	0	0	0	0	0	0	0	0	0	0	0	
20045	??? ???? ??	KING	NPC	MELEE	1		NOMOVE	0		STUN,SLOW,CURSE,TERROR	0		2	0	0	0	0	0	0	120	3	1	0	0	10	4	100	100	0	2000	150	0	0	0	0	0	0	0	0	0	0	0	0	0	0	0	0	0	0	0	0	0	0	0	0	0	0	0	0	0	0	0	0	0	0	0	0	0	0	0	
20046	???? ???? ??	KING	NPC	MELEE	1		NOMOVE	0		STUN,SLOW,CURSE,TERROR	0		2	0	0	0	0	0	0	120	3	1	0	0	10	4	100	100	0	2000	150	0	0	0	0	0	0	0	0	0	0	0	0	0	0	0	0	0	0	0	0	0	0	0	0	0	0	0	0	0	0	0	0	0	0	0	0	0	0	0	
20047	???????	KING	NPC	MELEE	1		NOMOVE	0		STUN,SLOW,CURSE,TERROR	0		2	0	0	0	0	0	0	120	3	1	0	0	10	4	100	100	0	2000	150	0	0	0	0	0	0	0	0	0	0	0	0	0	0	0	0	0	0	0	0	0	0	0	0	0	0	0	0	0	0	0	0	0	0	0	0	0	0	0	
20048	????	KING	NPC	MELEE	1		NOMOVE	0		STUN,SLOW,CURSE,TERROR	0		2	0	0	0	0	0	0	120	3	1	0	0	10	4	100	100	0	2000	150	0	0	0	0	0	0	0	0	0	0	0	0	0	0	0	0	0	0	0	0	0	0	0	0	0	0	0	0	0	0	0	0	0	0	0	0	0	0	0	
20049	?????	KING	NPC	MELEE	1		NOMOVE	0		STUN,SLOW,CURSE,TERROR	0		2	0	0	0	0	0	0	120	3	1	0	0	10	4	100	100	0	2000	150	0	0	0	0	0	0	0	0	0	0	0	0	0	0	0	0	0	0	0	0	0	0	0	0	0	0	0	0	0	0	0	0	0	0	0	0	0	0	0	
20050	????	KING	NPC	MELEE	1		NOMOVE	0		STUN,SLOW,CURSE,TERROR	0		2	0	0	0	0	0	0	120	3	1	0	0	10	4	100	100	0	2000	150	0	0	0	0	0	0	0	0	0	0	0	0	0	0	0	0	0	0	0	0	0	0	0	0	0	0	0	0	0	0	0	0	0	0	0	0	0	0	0	
20051	??	KING	NPC	MELEE	1		NOMOVE	0		STUN,SLOW,CURSE,TERROR	0		2	0	0	0	0	0	0	120	3	1	0	0	10	4	100	100	0	2000	150	0	0	0	0	0	0	0	0	0	0	0	0	0	0	0	0	0	0	0	0	0	0	0	0	0	0	0	0	0	0	0	0	0	0	0	0	0	0	0	
20052	??	KING	NPC	MELEE	1		NOMOVE	0		STUN,SLOW,CURSE,TERROR	0		2	0	0	0	0	0	0	120	3	1	0	0	10	4	100	100	0	2000	150	0	0	0	0	0	0	0	0	0	0	0	0	0	0	0	0	0	0	0	0	0	0	0	0	0	0	0	0	0	0	0	0	0	0	0	0	0	0	0	
20053	???	KING	NPC	MELEE	1		NOMOVE	0		STUN,SLOW,CURSE,TERROR	0		2	0	0	0	0	0	0	120	3	1	0	0	10	4	100	100	0	2000	150	0	0	0	0	0	0	0	0	0	0	0	0	0	0	0	0	0	0	0	0	0	0	0	0	0	0	0	0	0	0	0	0	0	0	0	0	0	0	0	
20054	????	KING	NPC	MELEE	1		NOMOVE	0		STUN,SLOW,CURSE,TERROR	0		2	0	0	0	0	0	0	120	3	1	0	0	10	4	100	100	0	2000	150	0	0	0	0	0	0	0	0	0	0	0	0	0	0	0	0	0	0	0	0	0	0	0	0	0	0	0	0	0	0	0	0	0	0	0	0	0	0	0	
20055	?????	KING	NPC	MELEE	1		NOMOVE	0		STUN,SLOW,CURSE,TERROR	0		2	0	0	0	0	0	0	120	3	1	0	0	10	4	100	100	0	2000	150	0	0	0	0	0	0	0	0	0	0	0	0	0	0	0	0	0	0	0	0	0	0	0	0	0	0	0	0	0	0	0	0	0	0	0	0	0	0	0	
20056	???	KING	NPC	MELEE	1		NOMOVE	0		STUN,SLOW,CURSE,TERROR	0		2	0	0	0	0	0	0	120	3	1	0	0	10	4	100	100	0	2000	150	0	0	0	0	0	0	0	0	0	0	0	0	0	0	0	0	0	0	0	0	0	0	0	0	0	0	0	0	0	0	0	0	0	0	0	0	0	0	0	
20057	????	KING	NPC	MELEE	1		NOMOVE	0		STUN,SLOW,CURSE,TERROR	0		2	0	0	0	0	0	0	120	3	1	0	0	10	4	100	100	0	2000	150	0	0	0	0	0	0	0	0	0	0	0	0	0	0	0	0	0	0	0	0	0	0	0	0	0	0	0	0	0	0	0	0	0	0	0	0	0	0	0	
20058	?????	KING	NPC	MELEE	1		NOMOVE	0		STUN,SLOW,CURSE,TERROR	0		2	0	0	0	0	0	0	120	3	1	0	0	10	4	100	100	0	2000	150	0	0	0	0	0	0	0	0	0	0	0	0	0	0	0	0	0	0	0	0	0	0	0	0	0	0	0	0	0	0	0	0	0	0	0	0	0	0	0	
20059	????	KING	NPC	MELEE	1		NOMOVE	0		STUN,SLOW,CURSE,TERROR	0		2	0	0	0	0	0	0	120	3	1	0	0	10	4	100	100	0	2000	150	0	0	0	0	0	0	0	0	0	0	0	0	0	0	0	0	0	0	0	0	0	0	0	0	0	0	0	0	0	0	0	0	0	0	0	0	0	0	0	
20060	????? ???? ??	KING	NPC	MELEE	1		NOMOVE	0		STUN,SLOW,CURSE,TERROR	0		2	0	0	0	0	0	0	120	3	1	0	0	10	4	100	100	0	2000	150	0	0	0	0	0	0	0	0	0	0	0	0	0	0	0	0	0	0	0	0	0	0	0	0	0	0	0	0	0	0	0	0	0	0	0	0	0	0	0	
20061	?? ???? ??	KING	NPC	MELEE	1		NOMOVE	0		STUN,SLOW,CURSE,TERROR	0		2	0	0	0	0	0	0	120	3	1	0	0	10	4	100	100	0	2000	150	0	0	0	0	0	0	0	0	0	0	0	0	0	0	0	0	0	0	0	0	0	0	0	0	0	0	0	0	0	0	0	0	0	0	0	0	0	0	0	
20062	??? ???? ??	KING	NPC	MELEE	1		NOMOVE	0		STUN,SLOW,CURSE,TERROR	0		2	0	0	0	0	0	0	120	3	1	0	0	10	4	100	100	0	2000	150	0	0	0	0	0	0	0	0	0	0	0	0	0	0	0	0	0	0	0	0	0	0	0	0	0	0	0	0	0	0	0	0	0	0	0	0	0	0	0	
20063	?? ???? ??	KING	NPC	MELEE	1		NOMOVE	0		STUN,SLOW,CURSE,TERROR	0		2	0	0	0	0	0	0	120	3	1	0	0	10	4	100	100	0	2000	150	0	0	0	0	0	0	0	0	0	0	0	0	0	0	0	0	0	0	0	0	0	0	0	0	0	0	0	0	0	0	0	0	0	0	0	0	0	0	0	
20064	? ???? ??	KING	NPC	MELEE	1		NOMOVE	0		STUN,SLOW,CURSE,TERROR	0		2	0	0	0	0	0	0	120	3	1	0	0	10	4	100	100	0	2000	150	0	0	0	0	0	0	0	0	0	0	0	0	0	0	0	0	0	0	0	0	0	0	0	0	0	0	0	0	0	0	0	0	0	0	0	0	0	0	0	
20065	? ???? ???	KING	NPC	MELEE	1		NOMOVE	0		STUN,SLOW,CURSE,TERROR	0		2	0	0	0	0	0	0	120	3	1	0	0	10	4	100	100	0	2000	150	0	0	0	0	0	0	0	0	0	0	0	0	0	0	0	0	0	0	0	0	0	0	0	0	0	0	0	0	0	0	0	0	0	0	0	0	0	0	0	
20066	?? ???? ??	KING	NPC	MELEE	1		NOMOVE	0		STUN,SLOW,CURSE,TERROR	0		2	0	0	0	0	0	0	120	3	1	0	0	10	4	100	100	0	2000	150	0	0	0	0	0	0	0	0	0	0	0	0	0	0	0	0	0	0	0	0	0	0	0	0	0	0	0	0	0	0	0	0	0	0	0	0	0	0	0	
20067	?? ???? ???	KING	NPC	MELEE	1		NOMOVE	0		STUN,SLOW,CURSE,TERROR	0		2	0	0	0	0	0	0	120	3	1	0	0	10	4	100	100	0	2000	150	0	0	0	0	0	0	0	0	0	0	0	0	0	0	0	0	0	0	0	0	0	0	0	0	0	0	0	0	0	0	0	0	0	0	0	0	0	0	0	
20068	?? ???? ??	KING	NPC	MELEE	1		NOMOVE	0		STUN,SLOW,CURSE,TERROR	0		2	0	0	0	0	0	0	120	3	1	0	0	10	4	100	100	0	2000	150	0	0	0	0	0	0	0	0	0	0	0	0	0	0	0	0	0	0	0	0	0	0	0	0	0	0	0	0	0	0	0	0	0	0	0	0	0	0	0	
20069	?? ???? ??	KING	NPC	MELEE	1		NOMOVE	0		STUN,SLOW,CURSE,TERROR	0		2	0	0	0	0	0	0	120	3	1	0	0	10	4	100	100	0	2000	150	0	0	0	0	0	0	0	0	0	0	0	0	0	0	0	0	0	0	0	0	0	0	0	0	0	0	0	0	0	0	0	0	0	0	0	0	0	0	0	
20070	?? ???? ??	KING	NPC	MELEE	1		NOMOVE	0		STUN,SLOW,CURSE,TERROR	0		2	0	0	0	0	0	0	120	3	1	0	0	10	4	100	100	0	2000	150	0	0	0	0	0	0	0	0	0	0	0	0	0	0	0	0	0	0	0	0	0	0	0	0	0	0	0	0	0	0	0	0	0	0	0	0	0	0	0	
20071	??? ???? ??	KING	NPC	MELEE	1		NOMOVE	0		STUN,SLOW,CURSE,TERROR	0		2	0	0	0	0	0	0	120	3	1	0	0	10	4	100	100	0	2000	150	0	0	0	0	0	0	0	0	0	0	0	0	0	0	0	0	0	0	0	0	0	0	0	0	0	0	0	0	0	0	0	0	0	0	0	0	0	0	0	
20072	?? ???? ??	KING	NPC	MELEE	1		NOMOVE	0		STUN,SLOW,CURSE,TERROR	0		2	0	0	0	0	0	0	120	3	1	0	0	10	4	100	100	0	2000	150	0	0	0	0	0	0	0	0	0	0	0	0	0	0	0	0	0	0	0	0	0	0	0	0	0	0	0	0	0	0	0	0	0	0	0	0	0	0	0	
20073	???	KING	NPC	MELEE	1		NOMOVE	0		STUN,SLOW,CURSE,TERROR	0		2	0	0	0	0	0	0	120	3	1	0	0	10	4	100	100	0	2000	150	0	0	0	0	0	0	0	0	0	0	0	0	0	0	0	0	0	0	0	0	0	0	0	0	0	0	0	0	0	0	0	0	0	0	0	0	0	0	0	
20074	??? ?? ????	KING	NPC	MELEE	1		NOMOVE	0		STUN,SLOW,CURSE,TERROR	0		2	0	0	0	0	0	0	120	3	1	0	0	10	4	100	100	0	2000	150	0	0	0	0	0	0	0	0	0	0	0	0	0	0	0	0	0	0	0	0	0	0	0	0	0	0	0	0	0	0	0	0	0	0	0	0	0	0	0	
20075	??? ??? ????	KING	NPC	MELEE	1		NOMOVE	0		STUN,SLOW,CURSE,TERROR	0		2	0	0	0	0	0	0	120	3	1	0	0	10	4	100	100	0	2000	150	0	0	0	0	0	0	0	0	0	0	0	0	0	0	0	0	0	0	0	0	0	0	0	0	0	0	0	0	0	0	0	0	0	0	0	0	0	0	0	
20076	??? ???? ????	KING	NPC	MELEE	1		NOMOVE	0		STUN,SLOW,CURSE,TERROR	0		2	0	0	0	0	0	0	120	3	1	0	0	10	4	100	100	0	2000	150	0	0	0	0	0	0	0	0	0	0	0	0	0	0	0	0	0	0	0	0	0	0	0	0	0	0	0	0	0	0	0	0	0	0	0	0	0	0	0	
20077	???? ??? ??	KING	NPC	MELEE	70		NOMOVE	0		STUN,SLOW,CURSE,TERROR	0		2	0	0	0	0	0	0	3954	3	1	0	0	562	79	100	100	0	2000	150	0	0	0	0	0	0	0	0	0	0	0	0	0	0	0	0	0	0	0	0	0	0	0	0	0	0	0	0	0	0	0	0	0	0	0	0	0	0	0	
20078	???? ??? ??	KING	NPC	MELEE	70		NOMOVE	0		STUN,SLOW,CURSE,TERROR	0		2	0	0	0	0	0	0	3954	3	1	0	0	562	79	100	100	0	2000	150	0	0	0	0	0	0	0	0	0	0	0	0	0	0	0	0	0	0	0	0	0	0	0	0	0	0	0	0	0	0	0	0	0	0	0	0	0	0	0	
20079	???? ??? ??	KING	NPC	MELEE	70		NOMOVE	0		STUN,SLOW,CURSE,TERROR	0		2	0	0	0	0	0	0	3954	3	1	0	0	562	79	100	100	0	2000	150	0	0	0	0	0	0	0	0	0	0	0	0	0	0	0	0	0	0	0	0	0	0	0	0	0	0	0	0	0	0	0	0	0	0	0	0	0	0	0	
20080	??? ??? ??	KING	NPC	MELEE	1		NOMOVE	0		STUN,SLOW,CURSE,TERROR	0		2	0	0	0	0	0	0	120	3	1	0	0	10	4	100	100	0	2000	150	0	0	0	0	0	0	0	0	0	0	0	0	0	0	0	0	0	0	0	0	0	0	16764159	0	0	0	0	0	0	0	0	0	0	0	0	0	0	0	0	
20081	?? ???	KING	NPC	MELEE	1		NOMOVE	0		STUN,SLOW,CURSE,TERROR	0		2	0	0	0	0	0	0	120	3	1	0	0	10	4	100	100	0	2000	150	0	0	0	0	0	0	0	0	0	0	0	0	0	0	0	0	0	0	0	0	0	0	0	0	0	0	0	0	0	0	0	0	0	0	0	0	0	0	0	
20082	???	KING	NPC	MELEE	1		NOMOVE	0		STUN,SLOW,CURSE,TERROR	0		2	0	0	0	0	0	0	120	3	1	0	0	10	4	100	100	0	2000	150	0	0	0	0	0	0	0	0	0	0	0	0	0	0	0	0	0	0	0	0	0	0	0	0	0	0	0	0	0	0	0	0	0	0	0	0	0	0	0	
20083	????? ????	KING	NPC	MELEE	1		NOMOVE	0		STUN,SLOW,CURSE,TERROR	0		2	0	0	0	0	0	0	120	3	1	0	0	10	4	100	100	0	2000	150	0	0	0	0	0	0	0	0	0	0	0	0	0	0	0	0	0	0	0	0	0	0	16764159	0	0	0	0	0	0	0	0	0	0	0	0	0	0	0	0	
20084	???? ???	KING	NPC	MELEE	1		NOMOVE	0		STUN,SLOW,CURSE,TERROR	0		2	0	0	0	0	0	0	120	3	1	0	0	10	4	100	100	0	2000	150	0	0	0	0	0	0	0	0	0	0	0	0	0	0	0	0	0	0	0	0	0	0	16764159	0	0	0	0	0	0	0	0	0	0	0	0	0	0	0	0	
20085	???? ???	KING	NPC	MELEE	1		NOMOVE	0		STUN,SLOW,CURSE,TERROR	0		2	0	0	0	0	0	0	120	3	1	0	0	10	4	100	100	0	2000	150	0	0	0	0	0	0	0	0	0	0	0	0	0	0	0	0	0	0	0	0	0	0	0	0	0	0	0	0	0	0	0	0	0	0	0	0	0	0	0	
20086	???	KING	NPC	MELEE	1		NOMOVE	0		STUN,SLOW,CURSE,TERROR	0		2	0	0	0	0	0	0	120	3	1	0	0	10	4	100	100	0	2000	150	0	0	0	0	0	0	0	0	0	0	0	0	0	0	0	0	0	0	0	0	0	0	16764159	0	0	0	0	0	0	0	0	0	0	0	0	0	0	0	0	
20087	???	KING	NPC	MELEE	1		NOMOVE	0		STUN,SLOW,CURSE,TERROR	0		2	0	0	0	0	0	0	120	3	1	0	0	10	4	100	100	0	2000	150	0	0	0	0	0	0	0	0	0	0	0	0	0	0	0	0	0	0	0	0	0	0	16764159	0	0	0	0	0	0	0	0	0	0	0	0	0	0	0	0	
20088	??? ??	KING	NPC	MELEE	1		NOMOVE	0		STUN,SLOW,CURSE,TERROR	0		2	0	0	0	0	0	0	120	3	1	0	0	10	4	100	100	0	2000	150	0	0	0	0	0	0	0	0	0	0	0	0	0	0	0	0	0	0	0	0	0	0	0	0	0	0	0	0	0	0	0	0	0	0	0	0	0	0	0	
20089	?? ???	KING	NPC	MELEE	1		NOMOVE	0		STUN,SLOW,CURSE,TERROR	0		2	0	0	0	0	0	0	120	3	1	0	0	10	4	100	100	0	2000	150	0	0	0	0	0	0	0	0	0	0	0	0	0	0	0	0	0	0	0	0	0	0	0	0	0	0	0	0	0	0	0	0	0	0	0	0	0	0	0	
20090	??? ??	KING	NPC	MELEE	1		NOMOVE	0		STUN,SLOW,CURSE,TERROR	0		2	0	0	0	0	0	0	120	3	1	0	0	10	4	100	100	0	2000	150	0	0	0	0	0	0	0	0	0	0	0	0	0	0	0	0	0	0	0	0	0	0	0	0	0	0	0	0	0	0	0	0	0	0	0	0	0	0	0	
20091	?? ??	KING	NPC	MELEE	1		NOMOVE	0		STUN,SLOW,CURSE,TERROR	0		2	0	0	0	0	0	0	120	3	1	0	0	10	4	100	100	0	2000	150	0	0	0	0	0	0	0	0	0	0	0	0	0	0	0	0	0	0	0	0	0	0	0	0	0	0	0	0	0	0	0	0	0	0	0	0	0	0	0	
20092	??? ??	KING	NPC	MELEE	1		NOMOVE	0		STUN,SLOW,CURSE,TERROR	0		2	0	0	0	0	0	0	120	3	1	0	0	10	4	100	100	0	2000	150	0	0	0	0	0	0	0	0	0	0	0	0	0	0	0	0	0	0	0	0	0	0	0	0	0	0	0	0	0	0	0	0	0	0	0	0	0	0	0	
20093	??? ??	KING	NPC	MELEE	1		NOMOVE	0		STUN,SLOW,CURSE,TERROR	0		2	0	0	0	0	0	0	120	3	1	0	0	10	4	100	100	0	2000	150	0	0	0	0	0	0	0	0	0	0	0	0	0	0	0	0	0	0	0	0	0	0	0	0	0	0	0	0	0	0	0	0	0	0	0	0	0	0	0	
20094	?? ??	KING	NPC	MELEE	1		NOMOVE	0		STUN,SLOW,CURSE,TERROR	0		2	0	0	0	0	0	0	120	3	1	0	0	10	4	100	100	0	2000	150	0	0	0	0	0	0	0	0	0	0	0	0	0	0	0	0	0	0	0	0	0	0	0	0	0	0	0	0	0	0	0	0	0	0	0	0	0	0	0	
20095	????? ?	KING	NPC	MELEE	1		NOMOVE	0		STUN,SLOW,CURSE,TERROR	0		2	0	0	0	0	0	0	120	3	1	0	0	10	4	100	100	0	2000	150	0	0	0	0	0	0	0	0	0	0	0	0	0	0	0	0	0	0	0	0	0	0	0	0	0	0	0	0	0	0	0	0	0	0	0	0	0	0	0	
20096	??? ???	KING	NPC	MELEE	1		NOMOVE	0		STUN,SLOW,CURSE,TERROR	0		0	0	0	0	0	0	0	120	3	1	0	0	10	4	100	100	0	2000	150	0	0	0	0	0	0	0	0	0	0	0	0	0	0	0	0	0	0	0	0	0	0	16764159	0	0	0	0	0	0	0	0	0	0	0	0	0	0	0	0	
20097	????	KING	NPC	MELEE	1		NOMOVE	0		STUN,SLOW,CURSE,TERROR	0		2	0	0	0	0	0	0	120	3	1	0	0	10	4	100	100	0	2000	150	0	0	0	0	0	0	0	0	0	0	0	0	0	0	0	0	0	0	0	0	0	0	16764159	0	0	0	0	0	0	0	0	0	0	0	0	0	0	0	0	
20098	????	KING	NPC	MELEE	1		NOMOVE	0		STUN,SLOW,CURSE,TERROR	0		2	0	0	0	0	0	0	120	3	1	0	0	10	4	100	100	0	2000	150	0	0	0	0	0	0	0	0	0	0	0	0	0	0	0	0	0	0	0	0	0	0	16764159	0	0	0	0	0	0	0	0	0	0	0	0	0	0	0	0	
20099	????	KING	NPC	MELEE	1		NOMOVE	0		STUN,SLOW,CURSE,TERROR	0		2	0	0	0	0	0	0	120	3	1	0	0	10	4	100	100	0	2000	150	0	0	0	0	0	0	0	0	0	0	0	0	0	0	0	0	0	0	0	0	0	0	16764159	0	0	0	0	0	0	0	0	0	0	0	0	0	0	0	0	
20101	??	KING	NPC	MELEE	1			0		STUN,SLOW,CURSE,TERROR	0	horse	2	0	0	0	0	0	0	120	3	1	0	0	10	4	100	100	0	2000	150	0	0	0	0	0	0	0	0	0	0	0	0	0	0	0	0	0	0	0	0	0	0	0	0	0	0	0	0	0	0	0	0	0	0	0	0	0	0	0	
20102	??	KING	NPC	MELEE	1			0		STUN,SLOW,CURSE,TERROR	0	horse	2	0	0	0	0	0	0	120	3	1	0	0	10	4	100	100	0	2000	150	0	0	0	0	0	0	0	0	0	0	0	0	0	0	0	0	0	0	0	0	0	0	0	0	0	0	0	0	0	0	0	0	0	0	0	0	0	0	0	
20103	??	KING	NPC	MELEE	1			0		STUN,SLOW,CURSE,TERROR	0	horse	2	0	0	0	0	0	0	120	3	1	0	0	10	4	100	100	0	2000	150	0	0	0	0	0	0	0	0	0	0	0	0	0	0	0	0	0	0	0	0	0	0	0	0	0	0	0	0	0	0	0	0	0	0	0	0	0	0	0	
20104	??	KING	NPC	MELEE	1			0		STUN,SLOW,CURSE,TERROR	0	horse	2	0	0	0	0	0	0	120	3	1	0	0	10	4	100	100	0	2000	150	0	0	0	0	0	0	0	0	0	0	0	0	0	0	0	0	0	0	0	0	0	0	0	0	0	0	0	0	0	0	0	0	0	0	0	0	0	0	0	
20105	??	KING	NPC	MELEE	1			0		STUN,SLOW,CURSE,TERROR	0	horse	2	0	0	0	0	0	0	120	3	1	0	0	10	4	100	100	0	2000	150	0	0	0	0	0	0	0	0	0	0	0	0	0	0	0	0	0	0	0	0	0	0	0	0	0	0	0	0	0	0	0	0	0	0	0	0	0	0	0	
20106	??	KING	NPC	MELEE	1			0		STUN,SLOW,CURSE,TERROR	0	horse	2	0	0	0	0	0	0	120	3	1	0	0	10	4	100	100	0	2000	150	0	0	0	0	0	0	0	0	0	0	0	0	0	0	0	0	0	0	0	0	0	0	0	0	0	0	0	0	0	0	0	0	0	0	0	0	0	0	0	
20107	??	KING	NPC	MELEE	1			0		STUN,SLOW,CURSE,TERROR	0	horse	2	0	0	0	0	0	0	120	3	1	0	0	10	4	100	100	0	2000	150	0	0	0	0	0	0	0	0	0	0	0	0	0	0	0	0	0	0	0	0	0	0	0	0	0	0	0	0	0	0	0	0	0	0	0	0	0	0	0	
20108	??	KING	NPC	MELEE	1			0		STUN,SLOW,CURSE,TERROR	0	horse	2	0	0	0	0	0	0	120	3	1	0	0	10	4	100	100	0	2000	150	0	0	0	0	0	0	0	0	0	0	0	0	0	0	0	0	0	0	0	0	0	0	0	0	0	0	0	0	0	0	0	0	0	0	0	0	0	0	0	
20109	??	KING	NPC	MELEE	1			0		STUN,SLOW,CURSE,TERROR	0	horse	2	0	0	0	0	0	0	120	3	1	0	0	10	4	100	100	0	2000	150	0	0	0	0	0	0	0	0	0	0	0	0	0	0	0	0	0	0	0	0	0	0	0	0	0	0	0	0	0	0	0	0	0	0	0	0	0	0	0	
20110	boar	KING	NPC	MELEE	1			0		STUN,SLOW,CURSE,TERROR	0	horse	2	0	0	0	0	0	0	120	3	1	0	0	10	4	100	100	0	2000	150	0	0	0	0	0	0	0	0	0	0	0	0	0	0	0	0	0	0	0	0	0	0	0	0	0	0	0	0	0	0	0	0	0	0	0	0	0	0	0	
20111	dog_god	KING	NPC	MELEE	1			0		STUN,SLOW,CURSE,TERROR	0	horse	2	0	0	0	0	0	0	120	3	1	0	0	10	4	100	100	0	2000	150	0	0	0	0	0	0	0	0	0	0	0	0	0	0	0	0	0	0	0	0	0	0	0	0	0	0	0	0	0	0	0	0	0	0	0	0	0	0	0	
20112	fire_tiger	KING	NPC	MELEE	1			0		STUN,SLOW,CURSE,TERROR	0	horse	2	0	0	0	0	0	0	120	3	1	0	0	10	4	100	100	0	2000	150	0	0	0	0	0	0	0	0	0	0	0	0	0	0	0	0	0	0	0	0	0	0	0	0	0	0	0	0	0	0	0	0	0	0	0	0	0	0	0	
20113	lion	KING	NPC	MELEE	1			0		STUN,SLOW,CURSE,TERROR	0	horse	2	0	0	0	0	0	0	120	3	1	0	0	10	4	100	100	0	2000	150	0	0	0	0	0	0	0	0	0	0	0	0	0	0	0	0	0	0	0	0	0	0	0	0	0	0	0	0	0	0	0	0	0	0	0	0	0	0	0	
20114	white lion	KING	NPC	MELEE	1			0		STUN,SLOW,CURSE,TERROR	0	horse	2	0	0	0	0	0	0	120	3	1	0	0	10	4	100	100	0	2000	150	0	0	0	0	0	0	0	0	0	0	0	0	0	0	0	0	0	0	0	0	0	0	0	0	0	0	0	0	0	0	0	0	0	0	0	0	0	0	0	
20115	boar2	KING	NPC	MELEE	1			0		STUN,SLOW,CURSE,TERROR	0	horse	2	0	0	0	0	0	0	120	3	1	0	0	10	4	100	100	0	2000	150	0	0	0	0	0	0	0	0	0	0	0	0	0	0	0	0	0	0	0	0	0	0	0	0	0	0	0	0	0	0	0	0	0	0	0	0	0	0	0	
20116	dog_god2	KING	NPC	MELEE	1			0		STUN,SLOW,CURSE,TERROR	0	horse	2	0	0	0	0	0	0	120	3	1	0	0	10	4	100	100	0	2000	150	0	0	0	0	0	0	0	0	0	0	0	0	0	0	0	0	0	0	0	0	0	0	0	0	0	0	0	0	0	0	0	0	0	0	0	0	0	0	0	
20117	fire_tiger2	KING	NPC	MELEE	1			0		STUN,SLOW,CURSE,TERROR	0	horse	2	0	0	0	0	0	0	120	3	1	0	0	10	4	100	100	0	2000	150	0	0	0	0	0	0	0	0	0	0	0	0	0	0	0	0	0	0	0	0	0	0	0	0	0	0	0	0	0	0	0	0	0	0	0	0	0	0	0	
20118	lion2	KING	NPC	MELEE	1			0		STUN,SLOW,CURSE,TERROR	0		2	0	0	0	0	0	0	120	3	1	0	0	10	4	100	100	0	2000	150	0	0	0	0	0	0	0	0	0	0	0	0	0	0	0	0	0	0	0	0	0	0	0	0	0	0	0	0	0	0	0	0	0	0	0	0	0	0	0	
20119	blackhorse	KING	NPC	MELEE	1			0		STUN,SLOW,CURSE,TERROR	0	horse	2	0	0	0	0	0	0	120	3	1	0	0	10	4	100	100	0	2000	150	0	0	0	0	0	0	0	0	0	0	0	0	0	0	0	0	0	0	0	0	0	0	0	0	0	0	0	0	0	0	0	0	0	0	0	0	0	0	0	
20120	?????	KING	NPC	MELEE	1			0		STUN,SLOW,CURSE,TERROR	0	horse	2	0	0	0	0	0	0	120	3	1	0	0	10	4	100	100	0	2000	150	0	0	0	0	0	0	0	0	0	0	0	0	0	0	0	0	0	0	0	0	0	0	0	0	0	0	0	0	0	0	0	0	0	0	0	0	0	0	0	
20121	?????	KING	NPC	MELEE	1			0		STUN,SLOW,CURSE,TERROR	0	horse	2	0	0	0	0	0	0	120	3	1	0	0	10	4	100	100	0	2000	150	0	0	0	0	0	0	0	0	0	0	0	0	0	0	0	0	0	0	0	0	0	0	0	0	0	0	0	0	0	0	0	0	0	0	0	0	0	0	0	
20122	?????	KING	NPC	MELEE	1			0		STUN,SLOW,CURSE,TERROR	0	horse	2	0	0	0	0	0	0	120	3	1	0	0	10	4	100	100	0	2000	150	0	0	0	0	0	0	0	0	0	0	0	0	0	0	0	0	0	0	0	0	0	0	0	0	0	0	0	0	0	0	0	0	0	0	0	0	0	0	0	
20123	?????	KING	NPC	MELEE	1			0		STUN,SLOW,CURSE,TERROR	0	horse	2	0	0	0	0	0	0	120	3	1	0	0	10	4	100	100	0	2000	150	0	0	0	0	0	0	0	0	0	0	0	0	0	0	0	0	0	0	0	0	0	0	0	0	0	0	0	0	0	0	0	0	0	0	0	0	0	0	0	
20124	?????	KING	NPC	MELEE	1			0		STUN,SLOW,CURSE,TERROR	0	horse	2	0	0	0	0	0	0	120	3	1	0	0	10	4	100	100	0	2000	150	0	0	0	0	0	0	0	0	0	0	0	0	0	0	0	0	0	0	0	0	0	0	0	0	0	0	0	0	0	0	0	0	0	0	0	0	0	0	0	
20125	?????	KING	NPC	MELEE	1			0		STUN,SLOW,CURSE,TERROR	0	horse	2	0	0	0	0	0	0	120	3	1	0	0	10	4	100	100	0	2000	150	0	0	0	0	0	0	0	0	0	0	0	0	0	0	0	0	0	0	0	0	0	0	0	0	0	0	0	0	0	0	0	0	0	0	0	0	0	0	0	
20126	???????	KING	NPC	MELEE	1		NOMOVE	0		STUN,SLOW,CURSE,TERROR	0		2	0	0	0	0	0	0	120	3	1	0	0	10	4	100	100	0	2000	150	0	0	0	0	0	0	0	0	0	0	0	0	0	0	0	0	0	0	0	0	0	0	0	0	0	0	0	0	0	0	0	0	0	0	0	0	0	0	0	
20127	???????	KING	NPC	MELEE	1		NOMOVE	0		STUN,SLOW,TERROR	0		2	0	0	0	0	0	0	120	3	1	0	0	10	4	100	100	0	2000	150	0	0	0	0	0	0	0	0	0	0	0	0	0	0	0	0	0	0	0	0	0	0	0	0	0	0	0	0	0	0	0	0	0	0	0	0	0	0	0	
20128	???????	KING	NPC	MELEE	1		NOMOVE	0		STUN,SLOW,TERROR	0		2	0	0	0	0	0	0	120	3	1	0	0	10	4	100	100	0	2000	150	0	0	0	0	0	0	0	0	0	0	0	0	0	0	0	0	0	0	0	0	0	0	0	0	0	0	0	0	0	0	0	0	0	0	0	0	0	0	0	
20129	???????	KING	NPC	MELEE	1		NOMOVE	0		STUN,SLOW,TERROR	0		2	0	0	0	0	0	0	120	3	1	0	0	10	4	100	100	0	2000	150	0	0	0	0	0	0	0	0	0	0	0	0	0	0	0	0	0	0	0	0	0	0	0	0	0	0	0	0	0	0	0	0	0	0	0	0	0	0	0	
20130	???????	KING	NPC	MELEE	1		NOMOVE	0		STUN,SLOW,TERROR	0		2	0	0	0	0	0	0	120	3	1	0	0	10	4	100	100	0	2000	150	0	0	0	0	0	0	0	0	0	0	0	0	0	0	0	0	0	0	0	0	0	0	0	0	0	0	0	0	0	0	0	0	0	0	0	0	0	0	0	
20131	???????	KING	NPC	MELEE	1		NOMOVE	0		STUN,SLOW,TERROR	0		2	0	0	0	0	0	0	120	3	1	0	0	10	4	100	100	0	2000	150	0	0	0	0	0	0	0	0	0	0	0	0	0	0	0	0	0	0	0	0	0	0	0	0	0	0	0	0	0	0	0	0	0	0	0	0	0	0	0	
20132	???????	KING	NPC	MELEE	1		NOMOVE	0		STUN,SLOW,TERROR	0		2	0	0	0	0	0	0	120	3	1	0	0	10	4	100	100	0	2000	150	0	0	0	0	0	0	0	0	0	0	0	0	0	0	0	0	0	0	0	0	0	0	0	0	0	0	0	0	0	0	0	0	0	0	0	0	0	0	0	
20133	???????	KING	NPC	MELEE	1		NOMOVE	0		STUN,SLOW,TERROR	0		2	0	0	0	0	0	0	120	3	1	0	0	10	4	100	100	0	2000	150	0	0	0	0	0	0	0	0	0	0	0	0	0	0	0	0	0	0	0	0	0	0	0	0	0	0	0	0	0	0	0	0	0	0	0	0	0	0	0	
20134	???????	KING	NPC	MELEE	1		NOMOVE	0		STUN,SLOW,TERROR	0		2	0	0	0	0	0	0	120	3	1	0	0	10	4	100	100	0	2000	150	0	0	0	0	0	0	0	0	0	0	0	0	0	0	0	0	0	0	0	0	0	0	0	0	0	0	0	0	0	0	0	0	0	0	0	0	0	0	0	
20138	?????????	KING	NPC	MELEE	1		NOMOVE	0		STUN,SLOW,TERROR	0		2	0	0	0	0	0	0	120	3	1	0	0	10	4	100	100	0	2000	150	0	0	0	0	0	0	0	0	0	0	0	0	0	0	0	0	0	0	0	0	0	0	0	0	0	0	0	0	0	0	0	0	0	0	0	0	0	0	0	
20139	???????	KING	NPC	MELEE	1		NOMOVE	0		STUN,SLOW,TERROR	0		2	0	0	0	0	0	0	120	3	1	0	0	10	4	100	100	0	2000	150	0	0	0	0	0	0	0	0	0	0	0	0	0	0	0	0	0	0	0	0	0	0	0	0	0	0	0	0	0	0	0	0	0	0	0	0	0	0	0	
20140	???????	KING	NPC	MELEE	1		NOMOVE	0		STUN,SLOW,TERROR	0		2	0	0	0	0	0	0	120	3	1	0	0	10	4	100	100	0	2000	150	0	0	0	0	0	0	0	0	0	0	0	0	0	0	0	0	0	0	0	0	0	0	0	0	0	0	0	0	0	0	0	0	0	0	0	0	0	0	0	
20141	???????	KING	NPC	MELEE	1		NOMOVE	0		STUN,SLOW,TERROR	0		2	0	0	0	0	0	0	120	3	1	0	0	10	4	100	100	0	2000	150	0	0	0	0	0	0	0	0	0	0	0	0	0	0	0	0	0	0	0	0	0	0	0	0	0	0	0	0	0	0	0	0	0	0	0	0	0	0	0	
20201	??????	KING	NPC	MELEE	1			0		STUN,SLOW,CURSE,TERROR	0	boar	2	0	0	0	0	0	0	120	3	1	0	0	10	4	100	100	0	2000	150	0	0	0	0	0	0	0	0	0	0	0	0	0	0	0	0	0	0	0	0	0	0	0	0	0	0	0	0	0	0	0	0	0	0	0	0	0	0	0	
20202	??????	KING	NPC	MELEE	1			0		STUN,SLOW,CURSE,TERROR	0	dog_god	2	0	0	0	0	0	0	120	3	1	0	0	10	4	100	100	0	2000	150	0	0	0	0	0	0	0	0	0	0	0	0	0	0	0	0	0	0	0	0	0	0	0	0	0	0	0	0	0	0	0	0	0	0	0	0	0	0	0	
20203	?????	KING	NPC	MELEE	1			0		STUN,SLOW,CURSE,TERROR	0		2	0	0	0	0	0	0	120	3	1	0	0	10	4	100	100	0	2000	150	0	0	0	0	0	0	0	0	0	0	0	0	0	0	0	0	0	0	0	0	0	0	0	0	0	0	0	0	0	0	0	0	0	0	0	0	0	0	0	
20204	???????	KING	NPC	MELEE	1			0		STUN,SLOW,CURSE,TERROR	0	lion	2	0	0	0	0	0	0	120	3	1	0	0	10	4	100	100	0	2000	150	0	0	0	0	0	0	0	0	0	0	0	0	0	0	0	0	0	0	0	0	0	0	0	0	0	0	0	0	0	0	0	0	0	0	0	0	0	0	0	
20205	?????? ??????	KING	NPC	MELEE	1			0		STUN,SLOW,CURSE,TERROR	0	boar	2	0	0	0	0	0	0	120	3	1	0	0	10	4	100	100	0	2000	150	0	0	0	0	0	0	0	0	0	0	0	0	0	0	0	0	0	0	0	0	0	0	0	0	0	0	0	0	0	0	0	0	0	0	0	0	0	0	0	
20206	?????? ??????	KING	NPC	MELEE	1			0		STUN,SLOW,CURSE,TERROR	0	dog_god	2	0	0	0	0	0	0	120	3	1	0	0	10	4	100	100	0	2000	150	0	0	0	0	0	0	0	0	0	0	0	0	0	0	0	0	0	0	0	0	0	0	0	0	0	0	0	0	0	0	0	0	0	0	0	0	0	0	0	
20207	?????? ?????	KING	NPC	MELEE	1			0		STUN,SLOW,CURSE,TERROR	0		2	0	0	0	0	0	0	120	3	1	0	0	10	4	100	100	0	2000	150	0	0	0	0	0	0	0	0	0	0	0	0	0	0	0	0	0	0	0	0	0	0	0	0	0	0	0	0	0	0	0	0	0	0	0	0	0	0	0	
20208	?????? ???????	KING	NPC	MELEE	1			0		STUN,SLOW,CURSE,TERROR	0	lion	2	0	0	0	0	0	0	120	3	1	0	0	10	4	100	100	0	2000	150	0	0	0	0	0	0	0	0	0	0	0	0	0	0	0	0	0	0	0	0	0	0	0	0	0	0	0	0	0	0	0	0	0	0	0	0	0	0	0	
20209	?????? ??????	KING	NPC	MELEE	1			0		STUN,SLOW,CURSE,TERROR	0	boar	2	0	0	0	0	0	0	120	3	1	0	0	10	4	100	100	0	2000	150	0	0	0	0	0	0	0	0	0	0	0	0	0	0	0	0	0	0	0	0	0	0	0	0	0	0	0	0	0	0	0	0	0	0	0	0	0	0	0	
20210	?????? ??????	KING	NPC	MELEE	1			0		STUN,SLOW,CURSE,TERROR	0	dog_god	2	0	0	0	0	0	0	120	3	1	0	0	10	4	100	100	0	2000	150	0	0	0	0	0	0	0	0	0	0	0	0	0	0	0	0	0	0	0	0	0	0	0	0	0	0	0	0	0	0	0	0	0	0	0	0	0	0	0	
20211	?????? ?????	KING	NPC	MELEE	1			0		STUN,SLOW,CURSE,TERROR	0		2	0	0	0	0	0	0	120	3	1	0	0	10	4	100	100	0	2000	150	0	0	0	0	0	0	0	0	0	0	0	0	0	0	0	0	0	0	0	0	0	0	0	0	0	0	0	0	0	0	0	0	0	0	0	0	0	0	0	
20212	?????? ???????	KING	NPC	MELEE	1			0		STUN,SLOW,CURSE,TERROR	0	lion	2	0	0	0	0	0	0	120	3	1	0	0	10	4	100	100	0	2000	150	0	0	0	0	0	0	0	0	0	0	0	0	0	0	0	0	0	0	0	0	0	0	0	0	0	0	0	0	0	0	0	0	0	0	0	0	0	0	0	
20213	?????????	KING	NPC	MELEE	1			0		STUN,SLOW,CURSE,TERROR	0		2	0	0	0	0	0	0	120	3	1	0	0	10	4	100	100	0	2000	150	0	0	0	0	0	0	0	0	0	0	0	0	0	0	0	0	0	0	0	0	0	0	0	0	0	0	0	0	0	0	0	0	0	0	0	0	0	0	0	
20214	?????? ?????????	KING	NPC	MELEE	1			0		STUN,SLOW,CURSE,TERROR	0		2	0	0	0	0	0	0	120	3	1	0	0	10	4	100	100	0	2000	150	0	0	0	0	0	0	0	0	0	0	0	0	0	0	0	0	0	0	0	0	0	0	0	0	0	0	0	0	0	0	0	0	0	0	0	0	0	0	0	
20215	?????? ?????????	KING	NPC	MELEE	1			0		STUN,SLOW,CURSE,TERROR	0		2	0	0	0	0	0	0	120	3	1	0	0	10	4	100	100	0	2000	150	0	0	0	0	0	0	0	0	0	0	0	0	0	0	0	0	0	0	0	0	0	0	0	0	0	0	0	0	0	0	0	0	0	0	0	0	0	0	0	
20216	????????	KING	NPC	MELEE	1			0		STUN,SLOW,CURSE,TERROR	0		2	0	0	0	0	0	0	120	3	1	0	0	10	4	100	100	0	2000	150	0	0	0	0	0	0	0	0	0	0	0	0	0	0	0	0	0	0	0	0	0	0	0	0	0	0	0	0	0	0	0	0	0	0	0	0	0	0	0	
20217	?????? ????????	KING	NPC	MELEE	1			0		STUN,SLOW,CURSE,TERROR	0		2	0	0	0	0	0	0	120	3	1	0	0	10	4	100	100	0	2000	150	0	0	0	0	0	0	0	0	0	0	0	0	0	0	0	0	0	0	0	0	0	0	0	0	0	0	0	0	0	0	0	0	0	0	0	0	0	0	0	
20218	?????? ????????	KING	NPC	MELEE	1			0		STUN,SLOW,CURSE,TERROR	0		2	0	0	0	0	0	0	120	3	1	0	0	10	4	100	100	0	2000	150	0	0	0	0	0	0	0	0	0	0	0	0	0	0	0	0	0	0	0	0	0	0	0	0	0	0	0	0	0	0	0	0	0	0	0	0	0	0	0	
20219	blackhorse	KING	NPC	MELEE	1			0		STUN,SLOW,CURSE,TERROR	0	horse	2	0	0	0	0	0	0	120	3	1	0	0	10	4	100	100	0	2000	150	0	0	0	0	0	0	0	0	0	0	0	0	0	0	0	0	0	0	0	0	0	0	0	0	0	0	0	0	0	0	0	0	0	0	0	0	0	0	0	
20220	????????? ???	KING	NPC	MELEE	1			0		STUN,SLOW,CURSE,TERROR	0		2	0	0	0	0	0	0	120	3	1	0	0	10	4	100	100	0	2000	150	0	0	0	0	0	0	0	0	0	0	0	0	0	0	0	0	0	0	0	0	0	0	0	0	0	0	0	0	0	0	0	0	0	0	0	0	0	0	0	
20221	????????	KING	NPC	MELEE	1			0		STUN,SLOW,CURSE,TERROR	0		2	0	0	0	0	0	0	120	3	1	0	0	10	4	100	100	0	2000	150	0	0	0	0	0	0	0	0	0	0	0	0	0	0	0	0	0	0	0	0	0	0	0	0	0	0	0	0	0	0	0	0	0	0	0	0	0	0	0	
20222	???????	KING	NPC	MELEE	1			0		STUN,SLOW,CURSE,TERROR	0		2	0	0	0	0	0	0	120	3	1	0	0	10	4	100	100	0	2000	150	0	0	0	0	0	0	0	0	0	0	0	0	0	0	0	0	0	0	0	0	0	0	0	0	0	0	0	0	0	0	0	0	0	0	0	0	0	0	0	
20223	?????????	KING	NPC	MELEE	1			0		STUN,SLOW,CURSE,TERROR	0		2	0	0	0	0	0	0	120	3	1	0	0	10	4	100	100	0	2000	150	0	0	0	0	0	0	0	0	0	0	0	0	0	0	0	0	0	0	0	0	0	0	0	0	0	0	0	0	0	0	0	0	0	0	0	0	0	0	0	
20224	?????? ?????????	KING	NPC	MELEE	1			0		STUN,SLOW,CURSE,TERROR	0		2	0	0	0	0	0	0	120	3	1	0	0	10	4	100	100	0	2000	150	0	0	0	0	0	0	0	0	0	0	0	0	0	0	0	0	0	0	0	0	0	0	0	0	0	0	0	0	0	0	0	0	0	0	0	0	0	0	0	
20225	?????? ?????????	KING	NPC	MELEE	1			0		STUN,SLOW,CURSE,TERROR	0		2	0	0	0	0	0	0	120	3	1	0	0	10	4	100	100	0	2000	150	0	0	0	0	0	0	0	0	0	0	0	0	0	0	0	0	0	0	0	0	0	0	0	0	0	0	0	0	0	0	0	0	0	0	0	0	0	0	0	
20226	???????	KING	NPC	MELEE	1			0		STUN,SLOW,CURSE,TERROR	0		2	0	0	0	0	0	0	120	3	1	0	0	10	4	100	100	0	2000	150	0	0	0	0	0	0	0	0	0	0	0	0	0	0	0	0	0	0	0	0	0	0	0	0	0	0	0	0	0	0	0	0	0	0	0	0	0	0	0	
20227	???????	KING	NPC	MELEE	1			0		STUN,SLOW,CURSE,TERROR	0		2	0	0	0	0	0	0	120	3	1	0	0	10	4	100	100	0	2000	150	0	0	0	0	0	0	0	0	0	0	0	0	0	0	0	0	0	0	0	0	0	0	0	0	0	0	0	0	0	0	0	0	0	0	0	0	0	0	0	
20228	????????	KING	NPC	MELEE	1			0		STUN,SLOW,CURSE,TERROR	0		2	0	0	0	0	0	0	120	3	1	0	0	10	4	100	100	0	2000	150	0	0	0	0	0	0	0	0	0	0	0	0	0	0	0	0	0	0	0	0	0	0	0	0	0	0	0	0	0	0	0	0	0	0	0	0	0	0	0	
20229	?????? ????????	KING	NPC	MELEE	1			0		STUN,SLOW,CURSE,TERROR	0		2	0	0	0	0	0	0	120	3	1	0	0	10	4	100	100	0	2000	150	0	0	0	0	0	0	0	0	0	0	0	0	0	0	0	0	0	0	0	0	0	0	0	0	0	0	0	0	0	0	0	0	0	0	0	0	0	0	0	
20230	?????? ????????	KING	NPC	MELEE	1			0		STUN,SLOW,CURSE,TERROR	0		2	0	0	0	0	0	0	120	3	1	0	0	10	4	100	100	0	2000	150	0	0	0	0	0	0	0	0	0	0	0	0	0	0	0	0	0	0	0	0	0	0	0	0	0	0	0	0	0	0	0	0	0	0	0	0	0	0	0	
20231	????????	KING	NPC	MELEE	1			0		STUN,SLOW,CURSE,TERROR	0		2	0	0	0	0	0	0	120	3	1	0	0	10	4	100	100	0	2000	150	0	0	0	0	0	0	0	0	0	0	0	0	0	0	0	0	0	0	0	0	0	0	0	0	0	0	0	0	0	0	0	0	0	0	0	0	0	0	0	
20232	???????	KING	NPC	MELEE	1			0		STUN,SLOW,CURSE,TERROR	0		2	0	0	0	0	0	0	120	3	1	0	0	10	4	100	100	0	2000	150	0	0	0	0	0	0	0	0	0	0	0	0	0	0	0	0	0	0	0	0	0	0	0	0	0	0	0	0	0	0	0	0	0	0	0	0	0	0	0	
20233	???? ?????????1	KING	NPC	MELEE	1			0		STUN,SLOW,CURSE,TERROR	0	horse	2	0	0	0	0	0	0	120	3	1	0	0	10	4	100	100	0	2000	150	0	0	0	0	0	0	0	0	0	0	0	0	0	0	0	0	0	0	0	0	0	0	0	0	0	0	0	0	0	0	0	0	0	0	0	0	0	0	0	
20234	?? ?????????1	KING	NPC	MELEE	1			0		STUN,SLOW,CURSE,TERROR	0	horse	2	0	0	0	0	0	0	120	3	1	0	0	10	4	100	100	0	2000	150	0	0	0	0	0	0	0	0	0	0	0	0	0	0	0	0	0	0	0	0	0	0	0	0	0	0	0	0	0	0	0	0	0	0	0	0	0	0	0	
20235	???? ?????????2	KING	NPC	MELEE	1			0		STUN,SLOW,CURSE,TERROR	0	horse	2	0	0	0	0	0	0	120	3	1	0	0	10	4	100	100	0	2000	150	0	0	0	0	0	0	0	0	0	0	0	0	0	0	0	0	0	0	0	0	0	0	0	0	0	0	0	0	0	0	0	0	0	0	0	0	0	0	0	
20236	?? ?????????2	KING	NPC	MELEE	1			0		STUN,SLOW,CURSE,TERROR	0	horse	2	0	0	0	0	0	0	120	3	1	0	0	10	4	100	100	0	2000	150	0	0	0	0	0	0	0	0	0	0	0	0	0	0	0	0	0	0	0	0	0	0	0	0	0	0	0	0	0	0	0	0	0	0	0	0	0	0	0	
20237	???? ?????????3	KING	NPC	MELEE	1			0		STUN,SLOW,CURSE,TERROR	0	horse	2	0	0	0	0	0	0	120	3	1	0	0	10	4	100	100	0	2000	150	0	0	0	0	0	0	0	0	0	0	0	0	0	0	0	0	0	0	0	0	0	0	0	0	0	0	0	0	0	0	0	0	0	0	0	0	0	0	0	
20238	?? ?????????3	KING	NPC	MELEE	1			0		STUN,SLOW,CURSE,TERROR	0	horse	2	0	0	0	0	0	0	120	3	1	0	0	10	4	100	100	0	2000	150	0	0	0	0	0	0	0	0	0	0	0	0	0	0	0	0	0	0	0	0	0	0	0	0	0	0	0	0	0	0	0	0	0	0	0	0	0	0	0	
20239	????????? ???? ?????1	KING	NPC	MELEE	1			0		STUN,SLOW,CURSE,TERROR	0	horse	2	0	0	0	0	0	0	120	3	1	0	0	10	4	100	100	0	2000	150	0	0	0	0	0	0	0	0	0	0	0	0	0	0	0	0	0	0	0	0	0	0	0	0	0	0	0	0	0	0	0	0	0	0	0	0	0	0	0	
20240	????????? ???? ?????2	KING	NPC	MELEE	1			0		STUN,SLOW,CURSE,TERROR	0	horse	2	0	0	0	0	0	0	120	3	1	0	0	10	4	100	100	0	2000	150	0	0	0	0	0	0	0	0	0	0	0	0	0	0	0	0	0	0	0	0	0	0	0	0	0	0	0	0	0	0	0	0	0	0	0	0	0	0	0	
20241	????? ????? ?????(b)	KING	NPC	MELEE	1			0		STUN,SLOW,TERROR	0	horse	2	0	0	0	0	0	0	120	3	1	0	0	10	4	100	100	0	2000	150	0	0	0	0	0	0	0	0	0	0	0	0	0	0	0	0	0	0	0	0	0	0	0	0	0	0	0	0	0	0	0	0	0	0	0	0	0	0	0	
20242	????? ????? ?????(r)	KING	NPC	MELEE	1			0		STUN,SLOW,TERROR	0	horse	2	0	0	0	0	0	0	120	3	1	0	0	10	4	100	100	0	2000	150	0	0	0	0	0	0	0	0	0	0	0	0	0	0	0	0	0	0	0	0	0	0	0	0	0	0	0	0	0	0	0	0	0	0	0	0	0	0	0	
20243	pepsi mount	KING	NPC	MELEE	1			0		STUN,SLOW,TERROR	0	horse	2	0	0	0	0	0	0	120	3	1	0	0	10	4	100	100	0	2000	150	0	0	0	0	0	0	0	0	0	0	0	0	0	0	0	0	0	0	0	0	0	0	0	0	0	0	0	0	0	0	0	0	0	0	0	0	0	0	0	
20244	?????1	KING	NPC	MELEE	1			0		STUN,SLOW,TERROR	0	horse	2	0	0	0	0	0	0	120	3	1	0	0	10	4	100	100	0	2000	150	0	0	0	0	0	0	0	0	0	0	0	0	0	0	0	0	0	0	0	0	0	0	0	0	0	0	0	0	0	0	0	0	0	0	0	0	0	0	0	
20245	?????2	KING	NPC	MELEE	1			0		STUN,SLOW,TERROR	0	horse	2	0	0	0	0	0	0	120	3	1	0	0	10	4	100	100	0	2000	150	0	0	0	0	0	0	0	0	0	0	0	0	0	0	0	0	0	0	0	0	0	0	0	0	0	0	0	0	0	0	0	0	0	0	0	0	0	0	0	
20246	???	KING	NPC	MELEE	1			0		STUN,SLOW,TERROR	0	horse	2	0	0	0	0	0	0	120	3	1	0	0	10	4	100	100	0	2000	150	0	0	0	0	0	0	0	0	0	0	0	0	0	0	0	0	0	0	0	0	0	0	0	0	0	0	0	0	0	0	0	0	0	0	0	0	0	0	0	
20247	???	KING	NPC	MELEE	1			0		STUN,SLOW,TERROR	0	horse	2	0	0	0	0	0	0	120	3	1	0	0	10	4	100	100	0	2000	150	0	0	0	0	0	0	0	0	0	0	0	0	0	0	0	0	0	0	0	0	0	0	0	0	0	0	0	0	0	0	0	0	0	0	0	0	0	0	0	
20248	??Ÿ1	KING	NPC	MELEE	1			0		STUN,SLOW,TERROR	0	horse	2	0	0	0	0	0	0	120	3	1	0	0	10	4	100	100	0	2000	150	0	0	0	0	0	0	0	0	0	0	0	0	0	0	0	0	0	0	0	0	0	0	0	0	0	0	0	0	0	0	0	0	0	0	0	0	0	0	0	
20249	??Ÿ2	KING	NPC	MELEE	1			0		STUN,SLOW,TERROR	0	horse	2	0	0	0	0	0	0	120	3	1	0	0	10	4	100	100	0	2000	150	0	0	0	0	0	0	0	0	0	0	0	0	0	0	0	0	0	0	0	0	0	0	0	0	0	0	0	0	0	0	0	0	0	0	0	0	0	0	0	
20300	??? ?? ??	KING	NPC	MELEE	70		NOMOVE	0		STUN,SLOW,CURSE,TERROR	0		2	0	0	0	0	0	0	3954	3	1	0	0	562	79	100	100	0	2000	175	0	0	0	0	0	0	0	0	0	0	0	0	0	0	0	0	0	0	0	0	0	0	0	0	0	0	0	0	0	0	0	0	0	0	0	0	0	0	0	
20301	??? ?? ??	KING	NPC	MELEE	70		NOMOVE	0		STUN,SLOW,CURSE,TERROR	0		2	0	0	0	0	0	0	3954	3	1	0	0	562	79	100	100	0	2000	175	0	0	0	0	0	0	0	0	0	0	0	0	0	0	0	0	0	0	0	0	0	0	0	0	0	0	0	0	0	0	0	0	0	0	0	0	0	0	0	
20302	??? ?? ??	KING	NPC	MELEE	70		NOMOVE	0		STUN,SLOW,CURSE,TERROR	0		2	0	0	0	0	0	0	3954	3	1	0	0	562	79	100	100	0	2000	175	0	0	0	0	0	0	0	0	0	0	0	0	0	0	0	0	0	0	0	0	0	0	0	0	0	0	0	0	0	0	0	0	0	0	0	0	0	0	0	
20303	??? ?? ??	KING	NPC	MELEE	70		NOMOVE	0		STUN,SLOW,CURSE,TERROR	0		2	0	0	0	0	0	0	3954	3	1	0	0	562	79	100	100	0	2000	175	0	0	0	0	0	0	0	0	0	0	0	0	0	0	0	0	0	0	0	0	0	0	0	0	0	0	0	0	0	0	0	0	0	0	0	0	0	0	0	
20304	??? ?? ???	KING	NPC	MELEE	70		NOMOVE	0		STUN,SLOW,CURSE,TERROR	0		2	0	0	0	0	0	0	3954	3	1	0	0	562	79	100	100	0	2000	175	0	0	0	0	0	0	0	0	0	0	0	0	0	0	0	0	0	0	0	0	0	0	0	0	0	0	0	0	0	0	0	0	0	0	0	0	0	0	0	
20305	??? ?? ??	KING	NPC	MELEE	70		NOMOVE	0		STUN,SLOW,CURSE,TERROR	0		2	0	0	0	0	0	0	3954	3	1	0	0	562	79	100	100	0	2000	175	0	0	0	0	0	0	0	0	0	0	0	0	0	0	0	0	0	0	0	0	0	0	0	0	0	0	0	0	0	0	0	0	0	0	0	0	0	0	0	
20306	??? ?? ??	KING	NPC	MELEE	70		NOMOVE	0		STUN,SLOW,CURSE,TERROR	0		2	0	0	0	0	0	0	3954	3	1	0	0	562	79	100	100	0	2000	175	0	0	0	0	0	0	0	0	0	0	0	0	0	0	0	0	0	0	0	0	0	0	0	0	0	0	0	0	0	0	0	0	0	0	0	0	0	0	0	
20307	??? ?? ??	KING	NPC	MELEE	70		NOMOVE	0		STUN,SLOW,CURSE,TERROR	0		2	0	0	0	0	0	0	3954	3	1	0	0	562	79	100	100	0	2000	175	0	0	0	0	0	0	0	0	0	0	0	0	0	0	0	0	0	0	0	0	0	0	0	0	0	0	0	0	0	0	0	0	0	0	0	0	0	0	0	
20320	??? ?? ??	KING	NPC	MELEE	70		NOMOVE	0		STUN,SLOW,CURSE,TERROR	0		2	0	0	0	0	0	0	3954	3	1	0	0	562	79	100	100	0	2000	175	0	0	0	0	0	0	0	0	0	0	0	0	0	0	0	0	0	0	0	0	0	0	0	0	0	0	0	0	0	0	0	0	0	0	0	0	0	0	0	
20321	??? ?? ??	KING	NPC	MELEE	70		NOMOVE	0		STUN,SLOW,CURSE,TERROR	0		2	0	0	0	0	0	0	3954	3	1	0	0	562	79	100	100	0	2000	175	0	0	0	0	0	0	0	0	0	0	0	0	0	0	0	0	0	0	0	0	0	0	0	0	0	0	0	0	0	0	0	0	0	0	0	0	0	0	0	
20322	??? ?? ??	KING	NPC	MELEE	70		NOMOVE	0		STUN,SLOW,CURSE,TERROR	0		2	0	0	0	0	0	0	3954	3	1	0	0	562	79	100	100	0	2000	175	0	0	0	0	0	0	0	0	0	0	0	0	0	0	0	0	0	0	0	0	0	0	0	0	0	0	0	0	0	0	0	0	0	0	0	0	0	0	0	
20323	??? ?? ??	KING	NPC	MELEE	70		NOMOVE	0		STUN,SLOW,CURSE,TERROR	0		2	0	0	0	0	0	0	3954	3	1	0	0	562	79	100	100	0	2000	175	0	0	0	0	0	0	0	0	0	0	0	0	0	0	0	0	0	0	0	0	0	0	0	0	0	0	0	0	0	0	0	0	0	0	0	0	0	0	0	
20324	??? ?? ??	KING	NPC	MELEE	70		NOMOVE	0		STUN,SLOW,CURSE,TERROR	0		2	0	0	0	0	0	0	3954	3	1	0	0	562	79	100	100	0	2000	175	0	0	0	0	0	0	0	0	0	0	0	0	0	0	0	0	0	0	0	0	0	0	0	0	0	0	0	0	0	0	0	0	0	0	0	0	0	0	0	
20325	??? ?? ??	KING	NPC	MELEE	70		NOMOVE	0		STUN,SLOW,CURSE,TERROR	0		2	0	0	0	0	0	0	3954	3	1	0	0	562	79	100	100	0	2000	175	0	0	0	0	0	0	0	0	0	0	0	0	0	0	0	0	0	0	0	0	0	0	0	0	0	0	0	0	0	0	0	0	0	0	0	0	0	0	0	
20326	??? ?? ???	KING	NPC	MELEE	70		NOMOVE	0		STUN,SLOW,CURSE,TERROR	0		2	0	0	0	0	0	0	3954	3	1	0	0	562	79	100	100	0	2000	175	0	0	0	0	0	0	0	0	0	0	0	0	0	0	0	0	0	0	0	0	0	0	0	0	0	0	0	0	0	0	0	0	0	0	0	0	0	0	0	
20327	??? ?? ??	KING	NPC	MELEE	70		NOMOVE	0		STUN,SLOW,CURSE,TERROR	0		2	0	0	0	0	0	0	3954	3	1	0	0	562	79	100	100	0	2000	175	0	0	0	0	0	0	0	0	0	0	0	0	0	0	0	0	0	0	0	0	0	0	0	0	0	0	0	0	0	0	0	0	0	0	0	0	0	0	0	
20340	??? ?? ??	KING	NPC	MELEE	70		NOMOVE	0		STUN,SLOW,CURSE,TERROR	0		2	0	0	0	0	0	0	3954	3	1	0	0	562	79	100	100	0	2000	175	0	0	0	0	0	0	0	0	0	0	0	0	0	0	0	0	0	0	0	0	0	0	0	0	0	0	0	0	0	0	0	0	0	0	0	0	0	0	0	
20341	??? ?? ???	KING	NPC	MELEE	70		NOMOVE	0		STUN,SLOW,CURSE,TERROR	0		2	0	0	0	0	0	0	3954	3	1	0	0	562	79	100	100	0	2000	175	0	0	0	0	0	0	0	0	0	0	0	0	0	0	0	0	0	0	0	0	0	0	0	0	0	0	0	0	0	0	0	0	0	0	0	0	0	0	0	
20342	??? ?? ???	KING	NPC	MELEE	70		NOMOVE	0		STUN,SLOW,CURSE,TERROR	0		2	0	0	0	0	0	0	3954	3	1	0	0	562	79	100	100	0	2000	175	0	0	0	0	0	0	0	0	0	0	0	0	0	0	0	0	0	0	0	0	0	0	0	0	0	0	0	0	0	0	0	0	0	0	0	0	0	0	0	
20343	??? ?? ???	KING	NPC	MELEE	70		NOMOVE	0		STUN,SLOW,CURSE,TERROR	0		2	0	0	0	0	0	0	3954	3	1	0	0	562	79	100	100	0	2000	175	0	0	0	0	0	0	0	0	0	0	0	0	0	0	0	0	0	0	0	0	0	0	0	0	0	0	0	0	0	0	0	0	0	0	0	0	0	0	0	
20344	??? ?? ???	KING	NPC	MELEE	70		NOMOVE	0		STUN,SLOW,CURSE,TERROR	0		2	0	0	0	0	0	0	3954	3	1	0	0	562	79	100	100	0	2000	175	0	0	0	0	0	0	0	0	0	0	0	0	0	0	0	0	0	0	0	0	0	0	0	0	0	0	0	0	0	0	0	0	0	0	0	0	0	0	0	
20345	??? ?? ???	KING	NPC	MELEE	70		NOMOVE	0		STUN,SLOW,CURSE,TERROR	0		2	0	0	0	0	0	0	3954	3	1	0	0	562	79	100	100	0	2000	175	0	0	0	0	0	0	0	0	0	0	0	0	0	0	0	0	0	0	0	0	0	0	0	0	0	0	0	0	0	0	0	0	0	0	0	0	0	0	0	
20346	??? ?? ??	KING	NPC	MELEE	70		NOMOVE	0		STUN,SLOW,CURSE,TERROR	0		2	0	0	0	0	0	0	3954	3	1	0	0	562	79	100	100	0	2000	175	0	0	0	0	0	0	0	0	0	0	0	0	0	0	0	0	0	0	0	0	0	0	0	0	0	0	0	0	0	0	0	0	0	0	0	0	0	0	0	
20347	??? ?? ??	KING	NPC	MELEE	70		NOMOVE	0		STUN,SLOW,CURSE,TERROR	0		2	0	0	0	0	0	0	3954	3	1	0	0	562	79	100	100	0	2000	175	0	0	0	0	0	0	0	0	0	0	0	0	0	0	0	0	0	0	0	0	0	0	0	0	0	0	0	0	0	0	0	0	0	0	0	0	0	0	0	
20348	??? ???	KING	NPC	MELEE	70		NOMOVE	0		STUN,SLOW,CURSE,TERROR	0		2	0	0	0	0	0	0	3954	3	1	0	0	562	79	100	100	0	2000	175	0	0	0	0	0	0	0	0	0	0	0	0	0	0	0	0	0	0	0	0	0	0	0	0	0	0	0	0	0	0	0	0	0	0	0	0	0	0	0	
20349	??? ???	KING	NPC	MELEE	70		NOMOVE	0		STUN,SLOW,CURSE,TERROR	0		2	0	0	0	0	0	0	3954	3	1	0	0	562	79	100	100	0	2000	150	0	0	0	0	0	0	0	0	0	0	0	0	0	0	0	0	0	0	0	0	0	0	0	0	0	0	0	0	0	0	0	0	0	0	0	0	0	0	0	
20350	?? ???	KING	NPC	MELEE	70		NOMOVE	0		STUN,SLOW,CURSE,TERROR	0		2	0	0	0	0	0	0	3954	3	1	0	0	562	79	100	100	0	2000	150	0	0	0	0	0	0	0	0	0	0	0	0	0	0	0	0	0	0	0	0	0	0	0	0	0	0	0	0	0	0	0	0	0	0	0	0	0	0	0	
20351	?? ???	KING	NPC	MELEE	70		NOMOVE	0		STUN,SLOW,CURSE,TERROR	0		2	0	0	0	0	0	0	3954	3	1	0	0	562	79	100	100	0	2000	150	0	0	0	0	0	0	0	0	0	0	0	0	0	0	0	0	0	0	0	0	0	0	0	0	0	0	0	0	0	0	0	0	0	0	0	0	0	0	0	
20352	??? ????	KING	NPC	MELEE	70		NOMOVE	0		STUN,SLOW,CURSE,TERROR	0		2	0	0	0	0	0	0	3954	3	1	0	0	562	79	100	100	0	2000	150	0	0	0	0	0	0	0	0	0	0	0	0	0	0	0	0	0	0	0	0	0	0	0	0	0	0	0	0	0	0	0	0	0	0	0	0	0	0	0	
20353	??? ????	KING	NPC	MELEE	70		NOMOVE	0		STUN,SLOW,CURSE,TERROR	0		2	0	0	0	0	0	0	3954	3	1	0	0	562	79	100	100	0	2000	150	0	0	0	0	0	0	0	0	0	0	0	0	0	0	0	0	0	0	0	0	0	0	0	0	0	0	0	0	0	0	0	0	0	0	0	0	0	0	0	
20354	???? ???	KING	NPC	MELEE	70		NOMOVE	0		STUN,SLOW,CURSE,TERROR	0		2	0	0	0	0	0	0	3954	3	1	0	0	562	79	100	100	0	2000	150	0	0	0	0	0	0	0	0	0	0	0	0	0	0	0	0	0	0	0	0	0	0	0	0	0	0	0	0	0	0	0	0	0	0	0	0	0	0	0	
20355	???? ???	KING	NPC	MELEE	70		NOMOVE	0		STUN,SLOW,CURSE,TERROR	0		2	0	0	0	0	0	0	3954	3	1	0	0	562	79	100	100	0	2000	150	0	0	0	0	0	0	0	0	0	0	0	0	0	0	0	0	0	0	0	0	0	0	0	0	0	0	0	0	0	0	0	0	0	0	0	0	0	0	0	
20356	??? ?? ???	KING	NPC	MELEE	70		NOMOVE	0		STUN,SLOW,CURSE,TERROR	0		2	0	0	0	0	0	0	3954	3	1	0	0	562	79	100	100	0	2000	150	0	0	0	0	0	0	0	0	0	0	0	0	0	0	0	0	0	0	0	0	0	0	0	0	0	0	0	0	0	0	0	0	0	0	0	0	0	0	0	
20357	?????	KING	NPC	MELEE	70		NOMOVE	0		STUN,SLOW,CURSE,TERROR	0		2	0	0	0	0	0	0	3954	3	1	0	0	562	79	100	100	0	2000	150	0	0	0	0	0	0	0	0	0	0	0	0	0	0	0	0	0	0	0	0	0	0	0	0	0	0	0	0	0	0	0	0	0	0	0	0	0	0	0	
20358	???? ?	KING	NPC	MELEE	70		NOMOVE	0		STUN,SLOW,CURSE,TERROR	0		2	0	0	0	0	0	0	3954	3	1	0	0	562	79	100	100	0	2000	150	0	0	0	0	0	0	0	0	0	0	0	0	0	0	0	0	0	0	0	0	0	0	0	0	0	0	0	0	0	0	0	0	0	0	0	0	0	0	0	
20359	????????	KING	NPC	MELEE	70		NOMOVE	0		STUN,SLOW,CURSE,TERROR	0		2	0	0	0	0	0	0	3954	3	1	0	0	562	79	100	100	0	2000	150	0	0	0	0	0	0	0	0	0	0	0	0	0	0	0	0	0	0	0	0	0	0	0	0	0	0	0	0	0	0	0	0	0	0	0	0	0	0	0	
20360	?????	KING	NPC	MELEE	70		NOMOVE	0		STUN,SLOW,CURSE,TERROR	0		2	0	0	0	0	0	0	3954	3	1	0	0	562	79	100	100	0	2000	150	0	0	0	0	0	0	0	0	0	0	0	0	0	0	0	0	0	0	0	0	0	0	0	0	0	0	0	0	0	0	0	0	0	0	0	0	0	0	0	
20361	?????	KING	NPC	MELEE	70		NOMOVE	0		STUN,SLOW,CURSE,TERROR	0		2	0	0	0	0	0	0	3954	3	1	0	0	562	79	100	100	0	2000	150	0	0	0	0	0	0	0	0	0	0	0	0	0	0	0	0	0	0	0	0	0	0	0	0	0	0	0	0	0	0	0	0	0	0	0	0	0	0	0	
20362	?????	KING	NPC	MELEE	70		NOMOVE	0		STUN,SLOW,CURSE,TERROR	0		2	0	0	0	0	0	0	3954	3	1	0	0	562	79	100	100	0	2000	150	0	0	0	0	0	0	0	0	0	0	0	0	0	0	0	0	0	0	0	0	0	0	0	0	0	0	0	0	0	0	0	0	0	0	0	0	0	0	0	
20363	?????	KING	NPC	MELEE	70		NOMOVE	0		STUN,SLOW,CURSE,TERROR	0		2	0	0	0	0	0	0	3954	3	1	0	0	562	79	100	100	0	2000	150	0	0	0	0	0	0	0	0	0	0	0	0	0	0	0	0	0	0	0	0	0	0	0	0	0	0	0	0	0	0	0	0	0	0	0	0	0	0	0	
20364	????	KING	NPC	MELEE	70			0		STUN,SLOW,CURSE,TERROR	0		2	0	0	0	0	0	0	3954	3	1	0	0	562	79	100	100	0	2000	150	0	0	0	0	0	0	0	0	0	0	0	0	0	0	0	0	0	0	0	0	0	0	0	0	0	0	0	0	0	0	0	0	0	0	0	0	0	0	0	
20365	?????	KING	NPC	MELEE	70		NOMOVE	0		STUN,SLOW,CURSE,TERROR	0		0	0	0	0	0	0	0	3954	3	1	0	0	562	79	100	100	0	2000	150	0	0	0	0	0	0	0	0	0	0	0	0	0	0	0	0	0	0	0	0	0	0	0	0	0	0	0	0	0	0	0	0	0	0	0	0	0	0	0	
20366	?????	KING	NPC	MELEE	70		NOMOVE	0		STUN,SLOW,CURSE,TERROR	0		2	0	0	0	0	0	0	3954	3	1	0	0	562	79	100	100	0	2000	150	0	0	0	0	0	0	0	0	0	0	0	0	0	0	0	0	0	0	0	0	0	0	0	0	0	0	0	0	0	0	0	0	0	0	0	0	0	0	0	
20367	?????? ??????	KING	NPC	MELEE	70		NOMOVE	0		STUN,SLOW,CURSE,TERROR	0		2	0	0	0	0	0	0	3954	3	1	0	0	562	79	100	100	0	2000	150	0	0	0	0	0	0	0	0	0	0	0	0	0	0	0	0	0	0	0	0	0	0	0	0	0	0	0	0	0	0	0	0	0	0	0	0	0	0	0	
20368	?????? ?????	KING	NPC	MELEE	1			0		STUN,SLOW,CURSE,TERROR	0	peddler	1	0	0	0	0	0	0	120	3	1	0	0	10	4	100	100	0	2000	150	0	0	0	0	0	0	0	0	0	0	0	0	0	0	0	0	0	0	0	0	0	0	16764159	0	0	0	0	0	0	0	0	0	0	0	0	0	0	0	0	
20369	???	KING	NPC	MELEE	1		NOMOVE	0		STUN,SLOW,CURSE,TERROR	0	leechung	2	0	0	0	0	0	0	120	3	1	0	0	10	4	100	100	0	2000	150	0	0	0	0	0	0	0	0	0	0	0	0	0	0	0	0	0	0	0	0	0	0	0	0	0	0	0	0	0	0	0	0	0	0	0	0	0	0	0	
20370	?????? ??? ????	KING	NPC	MELEE	1		NOMOVE	0		STUN,SLOW,CURSE,TERROR	0	spy1	2	0	0	0	0	0	0	120	3	1	0	0	10	4	100	100	0	2000	150	0	0	0	0	0	0	0	0	0	0	0	0	0	0	0	0	0	0	0	0	0	0	0	0	0	0	0	0	0	0	0	0	0	0	0	0	0	0	0	
20371	?????? ????	KING	NPC	MELEE	70		NOMOVE	0		STUN,SLOW,CURSE,TERROR	0		2	0	0	0	0	0	0	3954	3	1	0	0	562	79	100	100	0	2000	150	0	0	0	0	0	0	0	0	0	0	0	0	0	0	0	0	0	0	0	0	0	0	0	0	0	0	0	0	0	0	0	0	0	0	0	0	0	0	0	
20372	????? ????	KING	NPC	MELEE	70		NOMOVE	0		STUN,SLOW,CURSE,TERROR	0		2	0	0	0	0	0	0	3954	3	1	0	0	562	79	100	100	0	2000	150	0	0	0	0	0	0	0	0	0	0	0	0	0	0	0	0	0	0	0	0	0	0	0	0	0	0	0	0	0	0	0	0	0	0	0	0	0	0	0	
20373	????? ??????	KING	NPC	MELEE	70			0		STUN,SLOW,CURSE,TERROR	0		0	0	0	0	0	0	0	3954	3	1	0	0	562	79	100	100	0	2000	150	0	0	0	0	0	0	0	0	0	0	0	0	0	0	0	0	0	0	0	0	0	0	0	0	0	0	0	0	0	0	0	0	0	0	0	0	0	0	0	
20374	??????	KING	NPC	MELEE	70		NOMOVE	0		STUN,SLOW,CURSE,TERROR	0		0	0	0	0	0	0	0	3954	3	1	0	0	562	79	100	100	0	2000	150	0	0	0	0	0	0	0	0	0	0	0	0	0	0	0	0	0	0	0	0	0	0	0	0	0	0	0	0	0	0	0	0	0	0	0	0	0	0	0	
20375	??å	KING	NPC	MELEE	70		NOMOVE	0		STUN,SLOW,CURSE,TERROR	0		2	0	0	0	0	0	0	3954	3	1	0	0	562	79	100	100	0	2000	150	0	0	0	0	0	0	0	0	0	0	0	0	0	0	0	0	0	0	0	0	0	0	0	0	0	0	0	0	0	0	0	0	0	0	0	0	0	0	0	
20376	ä????	KING	NPC	MELEE	70		NOMOVE	0		STUN,SLOW,CURSE,TERROR	0		2	0	0	0	0	0	0	3954	3	1	0	0	562	79	100	100	0	2000	150	0	0	0	0	0	0	0	0	0	0	0	0	0	0	0	0	0	0	0	0	0	0	0	0	0	0	0	0	0	0	0	0	0	0	0	0	0	0	0	
20377	?????? ???	KING	NPC	MELEE	70		NOMOVE	0		STUN,SLOW,CURSE,TERROR	0		2	0	0	0	0	0	0	3954	3	1	0	0	562	79	100	100	0	2000	150	0	0	0	0	0	0	0	0	0	0	0	0	0	0	0	0	0	0	0	0	0	0	0	0	0	0	0	0	0	0	0	0	0	0	0	0	0	0	0	
20378	???????? ?????	KING	NPC	MELEE	70		NOMOVE	0		STUN,SLOW,CURSE,TERROR	0		2	0	0	0	0	0	0	3954	3	1	0	0	562	79	100	100	0	2000	150	0	0	0	0	0	0	0	0	0	0	0	0	0	0	0	0	0	0	0	0	0	0	0	0	0	0	0	0	0	0	0	0	0	0	0	0	0	0	0	
20379	????? ???	KING	NPC	MELEE	70		NOMOVE	0		STUN,SLOW,CURSE,TERROR	0		2	0	0	0	0	0	0	3954	3	1	0	0	562	79	100	100	0	2000	150	0	0	0	0	0	0	0	0	0	0	0	0	0	0	0	0	0	0	0	0	0	0	0	0	0	0	0	0	0	0	0	0	0	0	0	0	0	0	0	
20380	???	KING	NPC	MELEE	70		NOMOVE	0		STUN,SLOW,CURSE,TERROR	0		2	0	0	0	0	0	0	3954	3	1	0	0	562	79	100	100	0	2000	150	0	0	0	0	0	0	0	0	0	0	0	0	0	0	0	0	0	0	0	0	0	0	0	0	0	0	0	0	0	0	0	0	0	0	0	0	0	0	0	
20381	???	KING	NPC	MELEE	70		NOMOVE	0		STUN,SLOW,CURSE,TERROR	0		2	0	0	0	0	0	0	3954	3	1	0	0	562	79	100	100	0	2000	150	0	0	0	0	0	0	0	0	0	0	0	0	0	0	0	0	0	0	0	0	0	0	0	0	0	0	0	0	0	0	0	0	0	0	0	0	0	0	0	
20382	???????	KING	NPC	MELEE	70		NOMOVE	0		STUN,SLOW,CURSE,TERROR	0		2	0	0	0	0	0	0	3954	3	1	0	0	562	79	100	100	0	2000	150	0	0	0	0	0	0	0	0	0	0	0	0	0	0	0	0	0	0	0	0	0	0	0	0	0	0	0	0	0	0	0	0	0	0	0	0	0	0	0	
20383	???? ?????	KING	NPC	MELEE	1		NOMOVE	0		STUN,SLOW,CURSE,TERROR	0		2	0	0	0	0	0	0	120	3	1	0	0	10	4	100	100	0	2000	150	0	0	0	0	0	0	0	0	0	0	0	0	0	0	0	0	0	0	0	0	0	0	0	0	0	0	0	0	0	0	0	0	0	0	0	0	0	0	0	
20384	????????? ???	KING	NPC	MELEE	1		NOMOVE	0		STUN,SLOW,CURSE,TERROR	0		2	0	0	0	0	0	0	120	3	1	0	0	10	4	100	100	0	2000	150	0	0	0	0	0	0	0	0	0	0	0	0	0	0	0	0	0	0	0	0	0	0	0	0	0	0	0	0	0	0	0	0	0	0	0	0	0	0	0	
20385	??????	KING	NPC	MELEE	1		NOMOVE	0		STUN,SLOW,CURSE,TERROR	0		2	0	0	0	0	0	0	120	3	1	0	0	10	4	100	100	0	2000	150	0	0	0	0	0	0	0	0	0	0	0	0	0	0	0	0	0	0	0	0	0	0	0	0	0	0	0	0	0	0	0	0	0	0	0	0	0	0	0	
20386	?????????	KING	NPC	MELEE	1		NOMOVE	0		STUN,SLOW,CURSE,TERROR	0		2	0	0	0	0	0	0	120	3	1	0	0	10	4	100	100	0	2000	150	0	0	0	0	0	0	0	0	0	0	0	0	0	0	0	0	0	0	0	0	0	0	0	0	0	0	0	0	0	0	0	0	0	0	0	0	0	0	0	
20387	???????	KING	NPC	MELEE	1		NOMOVE	0		STUN,SLOW,CURSE,TERROR	0		0	0	0	0	0	0	0	120	3	1	0	0	10	4	100	100	0	2000	150	0	0	0	0	0	0	0	0	0	0	0	0	0	0	0	0	0	0	0	0	0	0	0	0	0	0	0	0	0	0	0	0	0	0	0	0	0	0	0	
20388	"Dragon Gate"	"KING"	"NPC"	"MELEE"	1		"NOMOVE"	0		"STUN,SLOW,CURSE,TERROR"	0	""	2	0	0	0	0	0	0	120	3	1	0	0	10	4	100	100	0	2000	150	0	0	0	0	0	0	0	0	0	0	0	0	0	0	0	0	0	0	0	0	0	0	0	0	0	0	0	0	0	0	0	0	0	0	0	0	0	0	0
20389	???õ??	KING	NPC	MELEE	1		NOMOVE	0		STUN,SLOW,CURSE,TERROR	0		2	0	0	0	0	0	0	120	3	1	0	0	10	4	100	100	0	2000	150	0	0	0	0	0	0	0	0	0	0	0	0	0	0	0	0	0	0	0	0	0	0	0	0	0	0	0	0	0	0	0	0	0	0	0	0	0	0	0	
20390	?????????	KING	NPC	MELEE	1		NOMOVE	0		STUN,SLOW,CURSE,TERROR	0		2	0	0	0	0	0	0	120	3	1	0	0	10	4	100	100	0	2000	150	0	0	0	0	0	0	0	0	0	0	0	0	0	0	0	0	0	0	0	0	0	0	0	0	0	0	0	0	0	0	0	0	0	0	0	0	0	0	0	
20391	???????	KING	NPC	MELEE	1		NOMOVE	0		STUN,SLOW,CURSE,TERROR	0		2	0	0	0	0	0	0	120	3	1	0	0	10	4	100	100	0	2000	150	0	0	0	0	0	0	0	0	0	0	0	0	0	0	0	0	0	0	0	0	0	0	0	0	0	0	0	0	0	0	0	0	0	0	0	0	0	0	0	
20392	???????? ???	KING	NPC	MELEE	1		NOMOVE	0		STUN,SLOW,CURSE,TERROR	0		2	0	0	0	0	0	0	120	3	1	0	0	10	4	100	100	0	2000	150	0	0	0	0	0	0	0	0	0	0	0	0	0	0	0	0	0	0	0	0	0	0	0	0	0	0	0	0	0	0	0	0	0	0	0	0	0	0	0	
20393	??? ???	KING	NPC	MELEE	1		NOMOVE	0		STUN,SLOW,CURSE,TERROR	0		2	0	0	0	0	0	0	120	3	1	0	0	10	4	100	100	0	2000	150	0	0	0	0	0	0	0	0	0	0	0	0	0	0	0	0	0	0	0	0	0	0	0	0	0	0	0	0	0	0	0	0	0	0	0	0	0	0	0	
20394	???? ??????	KING	NPC	MELEE	70		NOMOVE	0		STUN,SLOW,CURSE,TERROR	0		2	0	0	0	0	0	0	3954	3	1	0	0	562	79	100	100	0	2000	150	0	0	0	0	0	0	0	0	0	0	0	0	0	0	0	0	0	0	0	0	0	0	0	0	0	0	0	0	0	0	0	0	0	0	0	0	0	0	0	
20395	???????? ??????	KING	NPC	MELEE	70		NOMOVE	0		STUN,SLOW,CURSE,TERROR	0		2	0	0	0	0	0	0	3954	3	1	0	0	562	79	100	100	0	2000	150	0	0	0	0	0	0	0	0	0	0	0	0	0	0	0	0	0	0	0	0	0	0	0	0	0	0	0	0	0	0	0	0	0	0	0	0	0	0	0	
20396	???????? ????	KING	NPC	MELEE	70		NOMOVE	0		STUN,SLOW,CURSE,TERROR	0		2	0	0	0	0	0	0	3954	3	1	0	0	562	79	100	100	0	2000	150	0	0	0	0	0	0	0	0	0	0	0	0	0	0	0	0	0	0	0	0	0	0	0	0	0	0	0	0	0	0	0	0	0	0	0	0	0	0	0	
20397	??????	KING	NPC	MELEE	1		NOMOVE	0		STUN,SLOW,CURSE,TERROR	0		2	0	0	0	0	0	0	120	3	1	0	0	10	4	100	100	0	2000	150	0	0	0	0	0	0	0	0	0	0	0	0	0	0	0	0	0	0	0	0	0	0	0	0	0	0	0	0	0	0	0	0	0	0	0	0	0	0	0	
20398	???????	KING	NPC	MELEE	1		NOMOVE	0		STUN,SLOW,CURSE,TERROR	0		2	0	0	0	0	0	0	120	3	1	0	0	10	4	100	100	0	2000	150	0	0	0	0	0	0	0	0	0	0	0	0	0	0	0	0	0	0	0	0	0	0	0	0	0	0	0	0	0	0	0	0	0	0	0	0	0	0	0	
20399	????????	KING	STONE	MELEE	100		NOMOVE	0		STUN,SLOW,CURSE,TERROR	0		0	0	0	100	0	0	0	1200000	5	1	0	0	51	100	6055	6060	0	2000	150	0	0	0	0	0	0	0	0	0	0	0	0	0	0	0	0	0	0	100	0	0	0	0	0	0	0	0	0	0	0	0	0	0	0	0	0	0	0	0	
20400	???? ?????	KING	NPC	MELEE	1		NOMOVE	0		STUN,SLOW,CURSE,TERROR	0		2	0	0	0	0	0	0	120	3	1	0	0	10	4	100	100	0	2000	150	0	0	0	0	0	0	0	0	0	0	0	0	0	0	0	0	0	0	0	0	0	0	0	0	0	0	0	0	0	0	0	0	0	0	0	0	0	0	0	
20401	??????	KING	NPC	MELEE	1		NOMOVE	0		STUN,SLOW,CURSE,TERROR	0		2	0	0	0	0	0	0	120	3	1	0	0	10	4	100	100	0	2000	150	0	0	0	0	0	0	0	0	0	0	0	0	0	0	0	0	0	0	0	0	0	0	0	0	0	0	0	0	0	0	0	0	0	0	0	0	0	0	0	
20402	??????	KING	NPC	MELEE	1		NOMOVE	0		STUN,SLOW,CURSE,TERROR	0		2	0	0	0	0	0	0	120	3	1	0	0	10	4	100	100	0	2000	150	0	0	0	0	0	0	0	0	0	0	0	0	0	0	0	0	0	0	0	0	0	0	0	0	0	0	0	0	0	0	0	0	0	0	0	0	0	0	0	
20403	??????	KING	NPC	MELEE	1		NOMOVE	0		STUN,SLOW,CURSE,TERROR	0		2	0	0	0	0	0	0	120	3	1	0	0	10	4	100	100	0	2000	150	0	0	0	0	0	0	0	0	0	0	0	0	0	0	0	0	0	0	0	0	0	0	0	0	0	0	0	0	0	0	0	0	0	0	0	0	0	0	0	
20404	?????????	KING	NPC	MELEE	1		NOMOVE	0		STUN,SLOW,CURSE,TERROR	0		0	0	0	0	0	0	0	120	3	1	0	0	10	4	100	100	0	2000	150	0	0	0	0	0	0	0	0	0	0	0	0	0	0	0	0	0	0	0	0	0	0	0	0	0	0	0	0	0	0	0	0	0	0	0	0	0	0	0	
20405	?????	KING	NPC	MELEE	1		NOMOVE	0		STUN,SLOW,CURSE,TERROR	0		0	0	0	0	0	0	0	120	3	1	0	0	10	4	100	100	0	2000	150	0	0	0	0	0	0	0	0	0	0	0	0	0	0	0	0	0	0	0	0	0	0	0	0	0	0	0	0	0	0	0	0	0	0	0	0	0	0	0	
20406	???????	KING	NPC	MELEE	1		NOMOVE	0		STUN,SLOW,CURSE,TERROR	0		2	0	0	0	0	0	0	120	3	1	0	0	10	4	100	100	0	2000	150	0	0	0	0	0	0	0	0	0	0	0	0	0	0	0	0	0	0	0	0	0	0	0	0	0	0	0	0	0	0	0	0	0	0	0	0	0	0	0	
20407	?????	KING	NPC	MELEE	1		NOMOVE	0		STUN,SLOW,CURSE,TERROR	0		2	0	0	0	0	0	0	120	3	1	0	0	10	4	100	100	0	2000	150	0	0	0	0	0	0	0	0	0	0	0	0	0	0	0	0	0	0	0	0	0	0	0	0	0	0	0	0	0	0	0	0	0	0	0	0	0	0	0	
20408	?Ÿ????? ??????	KING	NPC	MELEE	1		NOMOVE	0		STUN,SLOW,CURSE,TERROR	0		2	0	0	0	0	0	0	120	3	1	0	0	10	4	100	100	0	2000	150	0	0	0	0	0	0	0	0	0	0	0	0	0	0	0	0	0	0	0	0	0	0	0	0	0	0	0	0	0	0	0	0	0	0	0	0	0	0	0	
20409	???? ?????	KING	NPC	MELEE	1		NOMOVE	0		STUN,SLOW,CURSE,TERROR	0		2	0	0	0	0	0	0	120	3	1	0	0	10	4	100	100	0	2000	150	0	0	0	0	0	0	0	0	0	0	0	0	0	0	0	0	0	0	0	0	0	0	0	0	0	0	0	0	0	0	0	0	0	0	0	0	0	0	0	
20410	???? ??????	KING	NPC	MELEE	1		NOMOVE	0		STUN,SLOW,CURSE,TERROR	0		2	0	0	0	0	0	0	120	3	1	0	0	10	4	100	100	0	2000	150	0	0	0	0	0	0	0	0	0	0	0	0	0	0	0	0	0	0	0	0	0	0	0	0	0	0	0	0	0	0	0	0	0	0	0	0	0	0	0	
20411	???? ??????	KING	NPC	MELEE	1		NOMOVE	0		STUN,SLOW,CURSE,TERROR	0		2	0	0	0	0	0	0	120	3	1	0	0	10	4	100	100	0	2000	150	0	0	0	0	0	0	0	0	0	0	0	0	0	0	0	0	0	0	0	0	0	0	0	0	0	0	0	0	0	0	0	0	0	0	0	0	0	0	0	
20412	???? ??????	KING	NPC	MELEE	1		NOMOVE	0		STUN,SLOW,CURSE,TERROR	0		2	0	0	0	0	0	0	120	3	1	0	0	10	4	100	100	0	2000	150	0	0	0	0	0	0	0	0	0	0	0	0	0	0	0	0	0	0	0	0	0	0	0	0	0	0	0	0	0	0	0	0	0	0	0	0	0	0	0	
20413	?????	KING	NPC	MELEE	1		NOMOVE	0		STUN,SLOW,CURSE,TERROR	0		2	0	0	0	0	0	0	120	3	1	0	0	10	4	100	100	0	2000	150	0	0	0	0	0	0	0	0	0	0	0	0	0	0	0	0	0	0	0	0	0	0	0	0	0	0	0	0	0	0	0	0	0	0	0	0	0	0	0	
20414	?????? ?????	KING	NPC	MELEE	1		NOMOVE	0		STUN,SLOW,CURSE,TERROR	0		2	0	0	0	0	0	0	120	3	1	0	0	10	4	100	100	0	2000	150	0	0	0	0	0	0	0	0	0	0	0	0	0	0	0	0	0	0	0	0	0	0	0	0	0	0	0	0	0	0	0	0	0	0	0	0	0	0	0	
20415	????	KING	NPC	MELEE	1		NOMOVE	0		STUN,SLOW,CURSE,TERROR	0		2	0	0	0	0	0	0	120	3	1	0	0	10	4	100	100	0	2000	150	0	0	0	0	0	0	0	0	0	0	0	0	0	0	0	0	0	0	0	0	0	0	0	0	0	0	0	0	0	0	0	0	0	0	0	0	0	0	0	
20416	??? ?????	KING	NPC	MELEE	1		NOMOVE	0		STUN,SLOW,CURSE,TERROR	0		2	0	0	0	0	0	0	120	3	1	0	0	10	4	100	100	0	2000	150	0	0	0	0	0	0	0	0	0	0	0	0	0	0	0	0	0	0	0	0	0	0	153189242	0	0	0	0	0	0	0	0	0	0	0	0	0	0	0	0	
20417	?????? ??	KING	NPC	MELEE	1		NOMOVE	0		STUN,SLOW,CURSE,TERROR	0		2	0	0	0	0	0	0	120	3	1	0	0	10	4	100	100	0	2000	150	0	0	0	0	0	0	0	0	0	0	0	0	0	0	0	0	0	0	0	0	0	0	0	0	0	0	0	0	0	0	0	0	0	0	0	0	0	0	0	
20419	??õ	KING	NPC	MELEE	1		NOMOVE	0		STUN,SLOW,TERROR	0		2	0	0	0	0	0	0	120	3	1	0	0	10	4	100	100	0	2000	150	0	0	0	0	0	0	0	0	0	0	0	0	0	0	0	0	0	0	0	0	0	0	0	0	0	0	0	0	0	0	0	0	0	0	0	0	0	0	0	
20420	??????	KING	NPC	MELEE	1		NOMOVE	0		STUN,SLOW,TERROR	0		2	0	0	0	0	0	0	120	3	1	0	0	10	4	100	100	0	2000	150	0	0	0	0	0	0	0	0	0	0	0	0	0	0	0	0	0	0	0	0	0	0	0	0	0	0	0	0	0	0	0	0	0	0	0	0	0	0	0	
20421	??õ2	KING	NPC	MELEE	1		NOMOVE	0		STUN,SLOW,TERROR	0		2	0	0	0	0	0	0	120	3	1	0	0	10	4	100	100	0	2000	150	0	0	0	0	0	0	0	0	0	0	0	0	0	0	0	0	0	0	0	0	0	0	0	0	0	0	0	0	0	0	0	0	0	0	0	0	0	0	0	
20422	????	KING	STONE	MELEE	120		NOMOVE	0		STUN,SLOW,TERROR	0		0	0	0	100	0	0	0	1300000	5	1	0	0	51	100	6337	6339	0	2000	150	0	0	0	0	0	0	0	0	0	0	0	0	0	0	0	0	0	0	100	0	0	0	0	0	0	0	0	0	0	0	0	0	0	0	0	0	0	0	0	
20423	÷?? ??????? ÷?	KING	NPC	MELEE	1		NOMOVE	0		STUN,SLOW,TERROR	0		2	0	0	0	0	0	0	120	3	1	0	0	10	4	100	100	0	2000	150	0	0	0	0	0	0	0	0	0	0	0	0	0	0	0	0	0	0	0	0	0	0	0	0	0	0	0	0	0	0	0	0	0	0	0	0	0	0	0	
20424	??? ??????? ??	KING	NPC	MELEE	1		NOMOVE	0		STUN,SLOW,TERROR	0		2	0	0	0	0	0	0	120	3	1	0	0	10	4	100	100	0	2000	150	0	0	0	0	0	0	0	0	0	0	0	0	0	0	0	0	0	0	0	0	0	0	0	0	0	0	0	0	0	0	0	0	0	0	0	0	0	0	0	
20425	???? ??????? ???	KING	NPC	MELEE	1		NOMOVE	0		STUN,SLOW,TERROR	0		2	0	0	0	0	0	0	120	3	1	0	0	10	4	100	100	0	2000	150	0	0	0	0	0	0	0	0	0	0	0	0	0	0	0	0	0	0	0	0	0	0	0	0	0	0	0	0	0	0	0	0	0	0	0	0	0	0	0	
20426	???? ??????? ???	KING	NPC	MELEE	1		NOMOVE	0		STUN,SLOW,TERROR	0		2	0	0	0	0	0	0	120	3	1	0	0	10	4	100	100	0	2000	150	0	0	0	0	0	0	0	0	0	0	0	0	0	0	0	0	0	0	0	0	0	0	0	0	0	0	0	0	0	0	0	0	0	0	0	0	0	0	0	
20427	û?? ??????? û?	KING	NPC	MELEE	1		NOMOVE	0		STUN,SLOW,TERROR	0		2	0	0	0	0	0	0	120	3	1	0	0	10	4	100	100	0	2000	150	0	0	0	0	0	0	0	0	0	0	0	0	0	0	0	0	0	0	0	0	0	0	0	0	0	0	0	0	0	0	0	0	0	0	0	0	0	0	0	
20428	???? ??????? ???	KING	NPC	MELEE	1		NOMOVE	0		STUN,SLOW,TERROR	0		2	0	0	0	0	0	0	120	3	1	0	0	10	4	100	100	0	2000	150	0	0	0	0	0	0	0	0	0	0	0	0	0	0	0	0	0	0	0	0	0	0	0	0	0	0	0	0	0	0	0	0	0	0	0	0	0	0	0	
20429	?????? ?????	KING	NPC	MELEE	1		NOMOVE	0		STUN,SLOW,TERROR	0		1	0	0	0	0	0	0	120	3	1	0	0	10	4	100	100	0	2000	150	0	0	0	0	0	0	0	0	0	0	0	0	0	0	0	0	0	0	0	0	0	0	16764159	0	0	0	0	0	0	0	0	0	0	0	0	0	0	0	0	
20430	TEN	KING	NPC	MELEE	1		NOMOVE	0		STUN,SLOW,TERROR	0		2	0	0	0	0	0	0	120	3	1	0	0	10	4	100	100	0	2000	150	0	0	0	0	0	0	0	0	0	0	0	0	0	0	0	0	0	0	0	0	0	0	0	0	0	0	0	0	0	0	0	0	0	0	0	0	0	0	0	
20431	???? ?????	KING	NPC	MELEE	1		NOMOVE	0		STUN,SLOW,TERROR	0		1	0	0	0	0	0	0	120	3	1	0	0	10	4	100	100	0	2000	150	0	0	0	0	0	0	0	0	0	0	0	0	0	0	0	0	0	0	0	0	0	0	0	0	0	0	0	0	0	0	0	0	0	0	0	0	0	0	0	
30101	??????????	KING	NPC	MELEE	70		NOMOVE	0		STUN,SLOW,CURSE,TERROR	0	zombie_key_stone	2	0	0	0	0	0	0	3954	3	1	0	0	562	79	100	100	0	2000	150	0	0	0	0	0	0	0	0	0	0	0	0	0	0	0	0	0	0	0	0	0	0	0	0	0	0	0	0	0	0	0	0	0	0	0	0	0	0	0	
30102	?????????	KING	NPC	MELEE	70		NOMOVE	0		STUN,SLOW,CURSE,TERROR	0	zombie_god_stone	2	0	0	0	0	0	0	3954	3	1	0	0	562	79	100	100	0	2000	150	0	0	0	0	0	0	0	0	0	0	0	0	0	0	0	0	0	0	0	0	0	0	0	0	0	0	0	0	0	0	0	0	0	0	0	0	0	0	0	
30103	?????	KING	NPC	MELEE	70		NOMOVE	0		STUN,SLOW,CURSE,TERROR	0	zombie_security_stone	2	0	0	0	0	0	0	3954	3	1	0	0	562	79	100	100	0	2000	150	0	0	0	0	0	0	0	0	0	0	0	0	0	0	0	0	0	0	0	0	0	0	0	0	0	0	0	0	0	0	0	0	0	0	0	0	0	0	0	
30104	????	KING	NPC	MELEE	70		NOMOVE	0		STUN,SLOW,CURSE,TERROR	0	zombie_security_stone	2	0	0	0	0	0	0	3954	3	1	0	0	562	79	100	100	0	2000	150	0	0	0	0	0	0	0	0	0	0	0	0	0	0	0	0	0	0	0	0	0	0	0	0	0	0	0	0	0	0	0	0	0	0	0	0	0	0	0	
30111	?????	KNIGHT	DOOR	SPECIAL	85		NOMOVE	0			0	zombie_ghost_door	0	0	0	90	0	0	0	600000	10	1	0	0	3200	100	100	0	0	2000	150	0	0	0	0	0	0	0	0	-30	-30	-30	-30	-30	-30	0	0	-15	0	0	0	0	0	0	0	0	0	0	0	0	0	0	0	0	0	0	0	0	0	0	
30112	?????	KNIGHT	DOOR	SPECIAL	85		NOMOVE	0			0	zombie_ghost_door	0	0	0	90	0	0	0	300000	10	3	0	0	3200	100	100	0	0	2000	150	0	0	0	0	0	0	0	0	-30	-30	-30	-30	-30	-30	0	0	-15	0	0	0	0	0	0	0	0	0	0	0	0	0	0	0	0	0	0	0	0	0	0	
30113	?????	KNIGHT	DOOR	SPECIAL	85		NOMOVE	0			0	zombie_ghost_door	0	0	0	90	0	0	0	600000	20	1	0	0	3200	150	100	0	0	2000	150	0	0	0	0	0	0	0	0	-30	-30	-30	-30	-30	-30	0	0	-15	0	0	0	0	0	0	0	0	0	0	0	0	0	0	0	0	0	0	0	0	0	0	
30114	?????	KNIGHT	DOOR	SPECIAL	85		NOMOVE	0			0	zombie_ghost_door	0	0	0	90	0	0	0	300000	20	3	0	0	3200	150	100	0	0	2000	150	0	0	0	0	0	0	0	0	-30	-30	-30	-30	-30	-30	0	0	-15	0	0	0	0	0	0	0	0	0	0	0	0	0	0	0	0	0	0	0	0	0	0	
30115	?????	KNIGHT	DOOR	SPECIAL	85		NOMOVE	0			0	zombie_ghost_door	0	0	0	90	0	0	0	300000	20	1	0	0	3200	150	100	0	0	2000	150	0	0	0	0	0	0	0	0	-30	-30	-30	-30	-30	-30	0	0	-15	0	0	0	0	0	0	0	0	0	0	0	0	0	0	0	0	0	0	0	0	0	0	
30116	?????	KNIGHT	DOOR	SPECIAL	85		NOMOVE	0			0	zombie_ghost_door	0	0	0	90	0	0	0	600000	10	1	0	0	3200	100	100	0	0	2000	150	0	0	0	0	0	0	0	0	-30	-30	-30	-30	-30	-30	0	0	-15	0	0	0	0	0	0	0	0	0	0	0	0	0	0	0	0	0	0	0	0	0	0	
30117	?????	KNIGHT	DOOR	SPECIAL	85		NOMOVE	0			0	zombie_ghost_door	0	0	0	90	0	0	0	300000	10	3	0	0	3200	100	100	0	0	2000	150	0	0	0	0	0	0	0	0	-30	-30	-30	-30	-30	-30	0	0	-15	0	0	0	0	0	0	0	0	0	0	0	0	0	0	0	0	0	0	0	0	0	0	
30118	?????	KNIGHT	DOOR	SPECIAL	85		NOMOVE	0			0	zombie_ghost_door	0	0	0	90	0	0	0	600000	20	1	0	0	3200	150	100	0	0	2000	150	0	0	0	0	0	0	0	0	-30	-30	-30	-30	-30	-30	0	0	-15	0	0	0	0	0	0	0	0	0	0	0	0	0	0	0	0	0	0	0	0	0	0	
30119	?????	KNIGHT	DOOR	SPECIAL	85		NOMOVE	0			0	zombie_ghost_door	0	0	0	90	0	0	0	300000	20	3	0	0	3200	150	100	0	0	2000	150	0	0	0	0	0	0	0	0	-30	-30	-30	-30	-30	-30	0	0	-15	0	0	0	0	0	0	0	0	0	0	0	0	0	0	0	0	0	0	0	0	0	0	
30120	??????????	KING	NPC	MELEE	70		NOMOVE	0		STUN,SLOW,CURSE,TERROR	0		2	0	0	0	0	0	0	3954	3	1	0	0	562	79	100	100	0	2000	150	0	0	0	0	0	0	0	0	0	0	0	0	0	0	0	0	0	0	0	0	0	0	0	0	0	0	0	0	0	0	0	0	0	0	0	0	0	0	0	
30121	??????	KING	NPC	MELEE	70		NOMOVE	0		STUN,SLOW,CURSE,TERROR	0		2	0	0	0	0	0	0	3954	3	1	0	0	562	79	100	100	0	2000	150	0	0	0	0	0	0	0	0	0	0	0	0	0	0	0	0	0	0	0	0	0	0	0	0	0	0	0	0	0	0	0	0	0	0	0	0	0	0	0	
30122	??????	KING	NPC	MELEE	70		NOMOVE	0		STUN,SLOW,CURSE,TERROR	0		2	0	0	0	0	0	0	3954	3	1	0	0	562	79	100	100	0	2000	150	0	0	0	0	0	0	0	0	0	0	0	0	0	0	0	0	0	0	0	0	0	0	0	0	0	0	0	0	0	0	0	0	0	0	0	0	0	0	0	
30123	???????????	KING	NPC	MELEE	70		NOMOVE	0		STUN,SLOW,CURSE,TERROR	0		2	0	0	0	0	0	0	3954	3	1	0	0	562	79	100	100	0	2000	150	0	0	0	0	0	0	0	0	0	0	0	0	0	0	0	0	0	0	0	0	0	0	0	0	0	0	0	0	0	0	0	0	0	0	0	0	0	0	0	
30124	???????1	KING	NPC	MELEE	70		NOMOVE	0		STUN,SLOW,CURSE,TERROR	0		2	0	0	0	0	0	0	3954	3	1	0	0	562	79	100	100	0	2000	150	0	0	0	0	0	0	0	0	0	0	0	0	0	0	0	0	0	0	0	0	0	0	0	0	0	0	0	0	0	0	0	0	0	0	0	0	0	0	0	
30125	???????2	KING	NPC	MELEE	70		NOMOVE	0		STUN,SLOW,CURSE,TERROR	0		2	0	0	0	0	0	0	3954	3	1	0	0	562	79	100	100	0	2000	150	0	0	0	0	0	0	0	0	0	0	0	0	0	0	0	0	0	0	0	0	0	0	0	0	0	0	0	0	0	0	0	0	0	0	0	0	0	0	0	
30126	???????3	KING	NPC	MELEE	70		NOMOVE	0		STUN,SLOW,CURSE,TERROR	0		2	0	0	0	0	0	0	3954	3	1	0	0	562	79	100	100	0	2000	150	0	0	0	0	0	0	0	0	0	0	0	0	0	0	0	0	0	0	0	0	0	0	0	0	0	0	0	0	0	0	0	0	0	0	0	0	0	0	0	
30127	???????4	KING	NPC	MELEE	70		NOMOVE	0		STUN,SLOW,CURSE,TERROR	0		2	0	0	0	0	0	0	3954	3	1	0	0	562	79	100	100	0	2000	150	0	0	0	0	0	0	0	0	0	0	0	0	0	0	0	0	0	0	0	0	0	0	0	0	0	0	0	0	0	0	0	0	0	0	0	0	0	0	0	
30128	???????5	KING	NPC	MELEE	70		NOMOVE	0		STUN,SLOW,CURSE,TERROR	0		2	0	0	0	0	0	0	3954	3	1	0	0	562	79	100	100	0	2000	150	0	0	0	0	0	0	0	0	0	0	0	0	0	0	0	0	0	0	0	0	0	0	0	0	0	0	0	0	0	0	0	0	0	0	0	0	0	0	0	
30129	???????	KING	NPC	MELEE	1		NOMOVE	0		STUN,SLOW,CURSE,TERROR	0		2	0	0	0	0	0	0	120	3	1	0	0	10	4	100	100	0	2000	150	0	0	0	0	0	0	0	0	0	0	0	0	0	0	0	0	0	0	0	0	0	0	0	0	0	0	0	0	0	0	0	0	0	0	0	0	0	0	0	
30130	??????????	KING	NPC	MELEE	1		NOMOVE	0		SLOW,CURSE	0		2	0	0	0	0	0	0	120	3	1	0	0	10	4	100	100	0	2000	150	0	0	0	0	0	0	0	0	0	0	0	0	0	0	0	0	0	0	0	0	0	0	0	0	0	0	0	0	0	0	0	0	0	0	0	0	0	0	0	
30131	??????	KING	NPC	MELEE	1		NOMOVE	0		STUN,SLOW,TERROR	0		2	0	0	0	0	0	0	120	3	1	0	0	10	4	100	100	0	2000	150	0	0	0	0	0	0	0	0	0	0	0	0	0	0	0	0	0	0	0	0	0	0	0	0	0	0	0	0	0	0	0	0	0	0	0	0	0	0	0	
30132	??????	KING	NPC	MELEE	1		NOMOVE	0		STUN,SLOW,TERROR	0		2	0	0	0	0	0	0	120	3	1	0	0	10	4	100	100	0	2000	150	0	0	0	0	0	0	0	0	0	0	0	0	0	0	0	0	0	0	0	0	0	0	0	0	0	0	0	0	0	0	0	0	0	0	0	0	0	0	0	
30301	÷?????	KING	NPC	MELEE	1		NOMOVE	0		STUN,SLOW,CURSE,TERROR	0		2	0	0	0	0	0	0	120	3	1	0	0	10	4	100	100	0	2000	150	0	0	0	0	0	0	0	0	0	0	0	0	0	0	0	0	0	0	0	0	0	0	0	0	0	0	0	0	0	0	0	0	0	0	0	0	0	0	0	
30302	??????	KING	NPC	MELEE	1		NOMOVE	0		STUN,SLOW,CURSE,TERROR	0		2	0	0	0	0	0	0	120	3	1	0	0	10	4	100	100	0	2000	150	0	0	0	0	0	0	0	0	0	0	0	0	0	0	0	0	0	0	0	0	0	0	0	0	0	0	0	0	0	0	0	0	0	0	0	0	0	0	0	
30303	?????????	KING	NPC	MELEE	1		NOMOVE	0		STUN,SLOW,CURSE,TERROR	0		2	0	0	0	0	0	0	120	3	1	0	0	10	4	100	100	0	2000	150	0	0	0	0	0	0	0	0	0	0	0	0	0	0	0	0	0	0	0	0	0	0	0	0	0	0	0	0	0	0	0	0	0	0	0	0	0	0	0	
30304	????????	KING	NPC	MELEE	1		NOMOVE	0		STUN,SLOW,CURSE,TERROR	0		2	0	0	0	0	0	0	120	3	1	0	0	10	4	100	100	0	2000	150	0	0	0	0	0	0	0	0	0	0	0	0	0	0	0	0	0	0	0	0	0	0	0	0	0	0	0	0	0	0	0	0	0	0	0	0	0	0	0	
30305	û?????	KING	NPC	MELEE	1		NOMOVE	0		STUN,SLOW,CURSE,TERROR	0		2	0	0	0	0	0	0	120	3	1	0	0	10	4	100	100	0	2000	150	0	0	0	0	0	0	0	0	0	0	0	0	0	0	0	0	0	0	0	0	0	0	0	0	0	0	0	0	0	0	0	0	0	0	0	0	0	0	0	
30306	?????????	KING	NPC	MELEE	1		NOMOVE	0		STUN,SLOW,CURSE,TERROR	0		2	0	0	0	0	0	0	120	3	1	0	0	10	4	100	100	0	2000	150	0	0	0	0	0	0	0	0	0	0	0	0	0	0	0	0	0	0	0	0	0	0	0	0	0	0	0	0	0	0	0	0	0	0	0	0	0	0	0	
30307	???? NPC	KING	NPC	MELEE	1		NOMOVE	0		STUN,SLOW,TERROR	0		2	0	0	0	0	0	0	120	3	1	0	0	10	4	100	100	0	2000	150	0	0	0	0	0	0	0	0	0	0	0	0	0	0	0	0	0	0	0	0	0	0	0	0	0	0	0	0	0	0	0	0	0	0	0	0	0	0	0	
33001	?????? ???	KING	NPC	MELEE	70		NOMOVE	0		STUN,SLOW,CURSE,TERROR	0		2	0	0	0	0	0	0	3954	3	1	0	0	562	79	100	100	0	2000	150	0	0	0	0	0	0	0	0	0	0	0	0	0	0	0	0	0	0	0	0	0	0	0	0	0	0	0	0	0	0	0	0	0	0	0	0	0	0	0	
33002	?????? ????	KING	NPC	MELEE	1		NOMOVE	0		STUN,SLOW,CURSE,TERROR	0		2	0	0	0	0	0	0	120	3	1	0	0	10	4	100	100	0	2000	150	0	0	0	0	0	0	0	0	0	0	0	0	0	0	0	0	0	0	0	0	0	0	0	0	0	0	0	0	0	0	0	0	0	0	0	0	0	0	0	
33003	????? ?	KING	NPC	MELEE	1		NOMOVE	0		STUN,SLOW,CURSE,TERROR	0		2	0	0	0	0	0	0	120	3	1	0	0	10	4	100	100	0	2000	150	0	0	0	0	0	0	0	0	0	0	0	0	0	0	0	0	0	0	0	0	0	0	0	0	0	0	0	0	0	0	0	0	0	0	0	0	0	0	0	
33004	????? ?	KING	NPC	MELEE	1		NOMOVE	0		STUN,SLOW,CURSE,TERROR	0		2	0	0	0	0	0	0	120	3	1	0	0	10	4	100	100	0	2000	150	0	0	0	0	0	0	0	0	0	0	0	0	0	0	0	0	0	0	0	0	0	0	0	0	0	0	0	0	0	0	0	0	0	0	0	0	0	0	0	
33005	????? ?	KING	NPC	MELEE	1		NOMOVE	0		STUN,SLOW,CURSE,TERROR	0		2	0	0	0	0	0	0	120	3	1	0	0	10	4	100	100	0	2000	150	0	0	0	0	0	0	0	0	0	0	0	0	0	0	0	0	0	0	0	0	0	0	0	0	0	0	0	0	0	0	0	0	0	0	0	0	0	0	0	
33006	????? ?	KING	NPC	MELEE	1		NOMOVE	0		STUN,SLOW,CURSE,TERROR	0		2	0	0	0	0	0	0	120	3	1	0	0	10	4	100	100	0	2000	150	0	0	0	0	0	0	0	0	0	0	0	0	0	0	0	0	0	0	0	0	0	0	0	0	0	0	0	0	0	0	0	0	0	0	0	0	0	0	0	
33007	????? ?	KING	NPC	MELEE	1		NOMOVE	0		STUN,SLOW,CURSE,TERROR	0		2	0	0	0	0	0	0	120	3	1	0	0	10	4	100	100	0	2000	150	0	0	0	0	0	0	0	0	0	0	0	0	0	0	0	0	0	0	0	0	0	0	0	0	0	0	0	0	0	0	0	0	0	0	0	0	0	0	0	
33008	????? ??	KING	NPC	MELEE	1		NOMOVE	0		STUN,SLOW,CURSE,TERROR	0		2	0	0	0	0	0	0	120	3	1	0	0	10	4	100	100	0	2000	150	0	0	0	0	0	0	0	0	0	0	0	0	0	0	0	0	0	0	0	0	0	0	0	0	0	0	0	0	0	0	0	0	0	0	0	0	0	0	0	
34001	phoenix1	KING	NPC	MELEE	1			0		STUN,SLOW,CURSE,TERROR	0	phoenix1	2	0	0	0	0	0	0	120	3	1	0	0	10	4	100	100	0	2000	150	0	0	0	0	0	0	0	0	0	0	0	0	0	0	0	0	0	0	0	0	0	0	0	0	0	0	0	0	0	0	0	0	0	0	0	0	0	0	0	
34002	??? ???	KING	NPC	MELEE	1			0		STUN,SLOW,CURSE,TERROR	0	reindeer_young	0	0	0	0	0	0	0	120	3	1	0	0	10	4	100	100	0	2000	150	0	0	0	0	0	0	0	0	0	0	0	0	0	0	0	0	0	0	0	0	0	0	0	0	0	0	0	0	0	0	0	0	0	0	0	0	0	0	0	
34003	?????????	KING	NPC	MELEE	1			0		STUN,SLOW,CURSE,TERROR	0	phoenix1	0	0	0	0	0	0	0	120	3	1	0	0	10	4	100	100	0	2000	150	0	0	0	0	0	0	0	0	0	0	0	0	0	0	0	0	0	0	0	0	0	0	0	0	0	0	0	0	0	0	0	0	0	0	0	0	0	0	0	
34004	???	KING	NPC	MELEE	1			0		STUN,SLOW,CURSE,TERROR	0	pwahuang1	0	0	0	0	0	0	0	120	3	1	0	0	10	4	100	100	0	2000	150	0	0	0	0	0	0	0	0	0	0	0	0	0	0	0	0	0	0	0	0	0	0	0	0	0	0	0	0	0	0	0	0	0	0	0	0	0	0	0	
34005	??? ??????	KING	NPC	MELEE	1			0		STUN,SLOW,CURSE,TERROR	0	pig_young1	0	0	0	0	0	0	0	120	3	1	0	0	10	4	100	100	0	2000	150	0	0	0	0	0	0	0	0	0	0	0	0	0	0	0	0	0	0	0	0	0	0	0	0	0	0	0	0	0	0	0	0	0	0	0	0	0	0	0	
34006	??? ??????	KING	NPC	MELEE	1			0		STUN,SLOW,CURSE,TERROR	0	dog_young1	0	0	0	0	0	0	0	120	3	1	0	0	10	4	100	100	0	2000	150	0	0	0	0	0	0	0	0	0	0	0	0	0	0	0	0	0	0	0	0	0	0	0	0	0	0	0	0	0	0	0	0	0	0	0	0	0	0	0	
34007	??? ?????	KING	NPC	MELEE	1			0		STUN,SLOW,CURSE,TERROR	0	tiger_young1	0	0	0	0	0	0	0	120	3	1	0	0	10	4	100	100	0	2000	150	0	0	0	0	0	0	0	0	0	0	0	0	0	0	0	0	0	0	0	0	0	0	0	0	0	0	0	0	0	0	0	0	0	0	0	0	0	0	0	
34008	??? ???????	KING	NPC	MELEE	1			0		STUN,SLOW,CURSE,TERROR	0	lion_young1	0	0	0	0	0	0	0	120	3	1	0	0	10	4	100	100	0	2000	150	0	0	0	0	0	0	0	0	0	0	0	0	0	0	0	0	0	0	0	0	0	0	0	0	0	0	0	0	0	0	0	0	0	0	0	0	0	0	0	
34009	???	KING	NPC	MELEE	1			0		STUN,SLOW,CURSE,TERROR	0	pwahuang1	0	0	0	0	0	0	0	120	3	1	0	0	10	4	100	100	0	2000	150	0	0	0	0	0	0	0	0	0	0	0	0	0	0	0	0	0	0	0	0	0	0	0	0	0	0	0	0	0	0	0	0	0	0	0	0	0	0	0	
34010	???????????? ???	KING	NPC	MELEE	1			0		STUN,SLOW,CURSE,TERROR	0		0	0	0	0	0	0	0	120	3	1	0	0	10	4	100	100	0	2000	150	0	0	0	0	0	0	0	0	0	0	0	0	0	0	0	0	0	0	0	0	0	0	0	0	0	0	0	0	0	0	0	0	0	0	0	0	0	0	0	
34011	??? ????	KING	NPC	MELEE	1			0		STUN,SLOW,CURSE,TERROR	0		0	0	0	0	0	0	0	120	3	1	0	0	10	4	100	100	0	2000	150	0	0	0	0	0	0	0	0	0	0	0	0	0	0	0	0	0	0	0	0	0	0	0	0	0	0	0	0	0	0	0	0	0	0	0	0	0	0	0	
34012	??? ???	KING	NPC	MELEE	1			0		STUN,SLOW,CURSE,TERROR	0		0	0	0	0	0	0	0	120	3	1	0	0	10	4	100	100	0	2000	150	0	0	0	0	0	0	0	0	0	0	0	0	0	0	0	0	0	0	0	0	0	0	0	0	0	0	0	0	0	0	0	0	0	0	0	0	0	0	0	
34013	????????????????	KING	NPC	MELEE	1			0		STUN,SLOW,CURSE,TERROR	0		0	0	0	0	0	0	0	120	3	1	0	0	10	4	100	100	0	2000	150	0	0	0	0	0	0	0	0	0	0	0	0	0	0	0	0	0	0	0	0	0	0	0	0	0	0	0	0	0	0	0	0	0	0	0	0	0	0	0	
34014	???????????????????	KING	NPC	MELEE	1			0		STUN,SLOW,CURSE,TERROR	0		0	0	0	0	0	0	0	120	3	1	0	0	10	4	100	100	0	2000	150	0	0	0	0	0	0	0	0	0	0	0	0	0	0	0	0	0	0	0	0	0	0	0	0	0	0	0	0	0	0	0	0	0	0	0	0	0	0	0	
34015	?????????????	KING	NPC	MELEE	1			0		STUN,SLOW,CURSE,TERROR	0		0	0	0	0	0	0	0	120	3	1	0	0	10	4	100	100	0	2000	150	0	0	0	0	0	0	0	0	0	0	0	0	0	0	0	0	0	0	0	0	0	0	0	0	0	0	0	0	0	0	0	0	0	0	0	0	0	0	0	
34016	???????	KING	NPC	MELEE	1			0		STUN,SLOW,CURSE,TERROR	0		0	0	0	0	0	0	0	120	3	1	0	0	10	4	100	100	0	2000	150	0	0	0	0	0	0	0	0	0	0	0	0	0	0	0	0	0	0	0	0	0	0	0	0	0	0	0	0	0	0	0	0	0	0	0	0	0	0	0	
34017	??? ????????	KING	NPC	MELEE	1			0		STUN,SLOW,CURSE,TERROR	0	pig_young2	0	0	0	0	0	0	0	120	3	1	0	0	10	4	100	100	0	2000	150	0	0	0	0	0	0	0	0	0	0	0	0	0	0	0	0	0	0	0	0	0	0	0	0	0	0	0	0	0	0	0	0	0	0	0	0	0	0	0	
34018	??? ????????	KING	NPC	MELEE	1			0		STUN,SLOW,CURSE,TERROR	0	dog_young2	0	0	0	0	0	0	0	120	3	1	0	0	10	4	100	100	0	2000	150	0	0	0	0	0	0	0	0	0	0	0	0	0	0	0	0	0	0	0	0	0	0	0	0	0	0	0	0	0	0	0	0	0	0	0	0	0	0	0	
34019	??? ???????	KING	NPC	MELEE	1			0		STUN,SLOW,CURSE,TERROR	0	tiger_young2	0	0	0	0	0	0	0	120	3	1	0	0	10	4	100	100	0	2000	150	0	0	0	0	0	0	0	0	0	0	0	0	0	0	0	0	0	0	0	0	0	0	0	0	0	0	0	0	0	0	0	0	0	0	0	0	0	0	0	
34020	??? ?????????	KING	NPC	MELEE	1			0		STUN,SLOW,CURSE,TERROR	0	lion_young2	0	0	0	0	0	0	0	120	3	1	0	0	10	4	100	100	0	2000	150	0	0	0	0	0	0	0	0	0	0	0	0	0	0	0	0	0	0	0	0	0	0	0	0	0	0	0	0	0	0	0	0	0	0	0	0	0	0	0	
34021	??? ????	KING	NPC	MELEE	1			0		STUN,SLOW,CURSE,TERROR	0		0	0	0	0	0	0	0	120	3	1	0	0	10	4	100	100	0	2000	150	0	0	0	0	0	0	0	0	0	0	0	0	0	0	0	0	0	0	0	0	0	0	0	0	0	0	0	0	0	0	0	0	0	0	0	0	0	0	0	
34022	???????	KING	NPC	MELEE	1			0		STUN,SLOW,CURSE,TERROR	0		0	0	0	0	0	0	0	120	3	1	0	0	10	4	100	100	0	2000	150	0	0	0	0	0	0	0	0	0	0	0	0	0	0	0	0	0	0	0	0	0	0	0	0	0	0	0	0	0	0	0	0	0	0	0	0	0	0	0	
34023	??? ????????	KING	NPC	MELEE	1			0		STUN,SLOW,CURSE,TERROR	0		0	0	0	0	0	0	0	120	3	1	0	0	10	4	100	100	0	2000	150	0	0	0	0	0	0	0	0	0	0	0	0	0	0	0	0	0	0	0	0	0	0	0	0	0	0	0	0	0	0	0	0	0	0	0	0	0	0	0	
34024	??? ???????	KING	NPC	MELEE	1			0		STUN,SLOW,CURSE,TERROR	0		0	0	0	0	0	0	0	120	3	1	0	0	10	4	100	100	0	2000	150	0	0	0	0	0	0	0	0	0	0	0	0	0	0	0	0	0	0	0	0	0	0	0	0	0	0	0	0	0	0	0	0	0	0	0	0	0	0	0	
34026	??????????????	KING	NPC	MELEE	1			0		STUN,SLOW,CURSE,TERROR	0	halloween_pumpkin_pet	0	0	0	0	0	0	0	120	3	1	0	0	10	4	100	100	0	2000	150	0	0	0	0	0	0	0	0	0	0	0	0	0	0	0	0	0	0	0	0	0	0	0	0	0	0	0	0	0	0	0	0	0	0	0	0	0	0	0	
34027	?????????????	KING	NPC	MELEE	1			0		STUN,SLOW,CURSE,TERROR	0	halloween_broom	0	0	0	0	0	0	0	120	3	1	0	0	10	4	100	100	0	2000	150	0	0	0	0	0	0	0	0	0	0	0	0	0	0	0	0	0	0	0	0	0	0	0	0	0	0	0	0	0	0	0	0	0	0	0	0	0	0	0	
34028	???????(??)	KING	NPC	MELEE	1			0		STUN,SLOW,CURSE,TERROR	0	christmas_pet1	0	0	0	0	0	0	0	120	3	1	0	0	10	4	100	100	0	2000	150	0	0	0	0	0	0	0	0	0	0	0	0	0	0	0	0	0	0	0	0	0	0	0	0	0	0	0	0	0	0	0	0	0	0	0	0	0	0	0	
34029	???????(û)	KING	NPC	MELEE	1			0		STUN,SLOW,CURSE,TERROR	0	christmas_pet2	0	0	0	0	0	0	0	120	3	1	0	0	10	4	100	100	0	2000	150	0	0	0	0	0	0	0	0	0	0	0	0	0	0	0	0	0	0	0	0	0	0	0	0	0	0	0	0	0	0	0	0	0	0	0	0	0	0	0	
34030	????	KING	NPC	MELEE	1			0		STUN,SLOW,CURSE,TERROR	0		0	0	0	0	0	0	0	120	3	1	0	0	10	4	100	100	0	2000	150	0	0	0	0	0	0	0	0	0	0	0	0	0	0	0	0	0	0	0	0	0	0	0	0	0	0	0	0	0	0	0	0	0	0	0	0	0	0	0	
34031	???	KING	NPC	MELEE	1			0		STUN,SLOW,CURSE,TERROR	0		0	0	0	0	0	0	0	120	3	1	0	0	10	4	100	100	0	2000	150	0	0	0	0	0	0	0	0	0	0	0	0	0	0	0	0	0	0	0	0	0	0	0	0	0	0	0	0	0	0	0	0	0	0	0	0	0	0	0	
34032	?????´	KING	NPC	MELEE	1			0		STUN,SLOW,CURSE,TERROR	0		0	0	0	0	0	0	0	120	3	1	0	0	10	4	100	100	0	2000	150	0	0	0	0	0	0	0	0	0	0	0	0	0	0	0	0	0	0	0	0	0	0	0	0	0	0	0	0	0	0	0	0	0	0	0	0	0	0	0	
34033	??????´	KING	NPC	MELEE	1			0		STUN,SLOW,CURSE,TERROR	0		0	0	0	0	0	0	0	120	3	1	0	0	10	4	100	100	0	2000	150	0	0	0	0	0	0	0	0	0	0	0	0	0	0	0	0	0	0	0	0	0	0	0	0	0	0	0	0	0	0	0	0	0	0	0	0	0	0	0	
34034	???	KING	NPC	MELEE	1			0		STUN,SLOW,CURSE,TERROR	0		0	0	0	0	0	0	0	120	3	1	0	0	10	4	100	100	0	2000	150	0	0	0	0	0	0	0	0	0	0	0	0	0	0	0	0	0	0	0	0	0	0	0	0	0	0	0	0	0	0	0	0	0	0	0	0	0	0	0	
34035	û?	KING	NPC	MELEE	1			0		STUN,SLOW,CURSE,TERROR	0		0	0	0	0	0	0	0	120	3	1	0	0	10	4	100	100	0	2000	150	0	0	0	0	0	0	0	0	0	0	0	0	0	0	0	0	0	0	0	0	0	0	0	0	0	0	0	0	0	0	0	0	0	0	0	0	0	0	0	
34036	??? ???	KING	PET	MELEE	1			0		STUN,SLOW,CURSE,TERROR	0		2	0	0	0	0	0	0	120	3	1	0	0	10	4	100	100	0	2000	150	0	0	0	0	0	0	0	0	0	0	0	0	0	0	0	0	0	0	0	0	0	0	0	0	0	0	0	0	0	0	0	0	0	0	0	0	0	0	0	
34037	??? ??? ???	KING	PET	MELEE	1			0		STUN,SLOW,CURSE,TERROR	0		2	0	0	0	0	0	0	120	3	1	0	0	10	4	100	100	0	2000	150	0	0	0	0	0	0	0	0	0	0	0	0	0	0	0	0	0	0	0	0	0	0	0	0	0	0	0	0	0	0	0	0	0	0	0	0	0	0	0	
34039	??õ?? ??	KING	NPC	MELEE	1			0		STUN,SLOW,CURSE,TERROR	0		0	0	0	0	0	0	0	120	3	1	0	0	10	4	100	100	0	2000	150	0	0	0	0	0	0	0	0	0	0	0	0	0	0	0	0	0	0	0	0	0	0	0	0	0	0	0	0	0	0	0	0	0	0	0	0	0	0	0	
34041	??? ?????	KING	PET	MELEE	1			0		STUN,SLOW,CURSE,TERROR	0		2	0	0	0	0	0	0	120	3	1	0	0	10	4	100	100	0	2000	150	0	0	0	0	0	0	0	0	0	0	0	0	0	0	0	0	0	0	0	0	0	0	0	0	0	0	0	0	0	0	0	0	0	0	0	0	0	0	0	
34042	??? ??? ?????	KING	PET	MELEE	1			0		STUN,SLOW,CURSE,TERROR	0		2	0	0	0	0	0	0	120	3	1	0	0	10	4	100	100	0	2000	150	0	0	0	0	0	0	0	0	0	0	0	0	0	0	0	0	0	0	0	0	0	0	0	0	0	0	0	0	0	0	0	0	0	0	0	0	0	0	0	
34045	??? ??	KING	PET	MELEE	1			0		STUN,SLOW,CURSE,TERROR	0		2	0	0	0	0	0	0	120	3	1	0	0	10	4	100	100	0	2000	150	0	0	0	0	0	0	0	0	0	0	0	0	0	0	0	0	0	0	0	0	0	0	0	0	0	0	0	0	0	0	0	0	0	0	0	0	0	0	0	
34046	??? ??? ??	KING	PET	MELEE	1			0		STUN,SLOW,CURSE,TERROR	0		2	0	0	0	0	0	0	120	3	1	0	0	10	4	100	100	0	2000	150	0	0	0	0	0	0	0	0	0	0	0	0	0	0	0	0	0	0	0	0	0	0	0	0	0	0	0	0	0	0	0	0	0	0	0	0	0	0	0	
34049	??? ???õ	KING	PET	MELEE	1			0		STUN,SLOW,CURSE,TERROR	0		2	0	0	0	0	0	0	120	3	1	0	0	10	4	100	100	0	2000	150	0	0	0	0	0	0	0	0	0	0	0	0	0	0	0	0	0	0	0	0	0	0	0	0	0	0	0	0	0	0	0	0	0	0	0	0	0	0	0	
34050	??? ??? ???õ	KING	PET	MELEE	1			0		STUN,SLOW,CURSE,TERROR	0		2	0	0	0	0	0	0	120	3	1	0	0	10	4	100	100	0	2000	150	0	0	0	0	0	0	0	0	0	0	0	0	0	0	0	0	0	0	0	0	0	0	0	0	0	0	0	0	0	0	0	0	0	0	0	0	0	0	0	
34053	??? ????	KING	PET	MELEE	1			0		STUN,SLOW,CURSE,TERROR	0		2	0	0	0	0	0	0	120	3	1	0	0	10	4	100	100	0	2000	150	0	0	0	0	0	0	0	0	0	0	0	0	0	0	0	0	0	0	0	0	0	0	0	0	0	0	0	0	0	0	0	0	0	0	0	0	0	0	0	
34054	??? ??? ????	KING	PET	MELEE	1			0		STUN,SLOW,CURSE,TERROR	0		2	0	0	0	0	0	0	120	3	1	0	0	10	4	100	100	0	2000	150	0	0	0	0	0	0	0	0	0	0	0	0	0	0	0	0	0	0	0	0	0	0	0	0	0	0	0	0	0	0	0	0	0	0	0	0	0	0	0	
34055	????????	KING	NPC	MELEE	1			0		STUN,SLOW,CURSE,TERROR	0		0	0	0	0	0	0	0	120	3	1	0	0	10	4	100	100	0	2000	150	0	0	0	0	0	0	0	0	0	0	0	0	0	0	0	0	0	0	0	0	0	0	0	0	0	0	0	0	0	0	0	0	0	0	0	0	0	0	0	
34056	????????	KING	NPC	MELEE	1			0		STUN,SLOW,CURSE,TERROR	0		0	0	0	0	0	0	0	120	3	1	0	0	10	4	100	100	0	2000	150	0	0	0	0	0	0	0	0	0	0	0	0	0	0	0	0	0	0	0	0	0	0	0	0	0	0	0	0	0	0	0	0	0	0	0	0	0	0	0	
34057	?????????(?????)	KING	NPC	MELEE	1			0		STUN,SLOW,CURSE,TERROR	0		0	0	0	0	0	0	0	120	3	1	0	0	10	4	100	100	0	2000	150	0	0	0	0	0	0	0	0	0	0	0	0	0	0	0	0	0	0	0	0	0	0	0	0	0	0	0	0	0	0	0	0	0	0	0	0	0	0	0	
34058	??????M	KING	NPC	MELEE	1			0		STUN,SLOW,CURSE,TERROR	0		0	0	0	0	0	0	0	120	3	1	0	0	10	4	100	100	0	2000	150	0	0	0	0	0	0	0	0	0	0	0	0	0	0	0	0	0	0	0	0	0	0	0	0	0	0	0	0	0	0	0	0	0	0	0	0	0	0	0	
34059	??????F	KING	NPC	MELEE	1			0		STUN,SLOW,CURSE,TERROR	0		0	0	0	0	0	0	0	120	3	1	0	0	10	4	100	100	0	2000	150	0	0	0	0	0	0	0	0	0	0	0	0	0	0	0	0	0	0	0	0	0	0	0	0	0	0	0	0	0	0	0	0	0	0	0	0	0	0	0	
34060	??????M(?????)	KING	NPC	MELEE	1			0		STUN,SLOW,CURSE,TERROR	0		0	0	0	0	0	0	0	120	3	1	0	0	10	4	100	100	0	2000	150	0	0	0	0	0	0	0	0	0	0	0	0	0	0	0	0	0	0	0	0	0	0	0	0	0	0	0	0	0	0	0	0	0	0	0	0	0	0	0	
34061	??????F(?????)	KING	NPC	MELEE	1			0		STUN,SLOW,CURSE,TERROR	0		0	0	0	0	0	0	0	120	3	1	0	0	10	4	100	100	0	2000	150	0	0	0	0	0	0	0	0	0	0	0	0	0	0	0	0	0	0	0	0	0	0	0	0	0	0	0	0	0	0	0	0	0	0	0	0	0	0	0	
34062	?????? ?????´	KING	NPC	MELEE	1			0		STUN,SLOW,TERROR	0		0	0	0	0	0	0	0	120	3	1	0	0	10	4	100	100	0	2000	150	0	0	0	0	0	0	0	0	0	0	0	0	0	0	0	0	0	0	0	0	0	0	0	0	0	0	0	0	0	0	0	0	0	0	0	0	0	0	0	
34063	?????? ??????´	KING	NPC	MELEE	1			0		STUN,SLOW,TERROR	0		0	0	0	0	0	0	0	120	3	1	0	0	10	4	100	100	0	2000	150	0	0	0	0	0	0	0	0	0	0	0	0	0	0	0	0	0	0	0	0	0	0	0	0	0	0	0	0	0	0	0	0	0	0	0	0	0	0	0	
34064	??? ???	KING	PET	MELEE	1			0		STUN,SLOW,TERROR	0		2	0	0	0	0	0	0	120	3	1	0	0	10	4	100	100	0	2000	150	0	0	0	0	0	0	0	0	0	0	0	0	0	0	0	0	0	0	0	0	0	0	0	0	0	0	0	0	0	0	0	0	0	0	0	0	0	0	0	
34065	??? ??? ???	KING	PET	MELEE	1			0		STUN,SLOW,TERROR	0		2	0	0	0	0	0	0	120	3	1	0	0	10	4	100	100	0	2000	150	0	0	0	0	0	0	0	0	0	0	0	0	0	0	0	0	0	0	0	0	0	0	0	0	0	0	0	0	0	0	0	0	0	0	0	0	0	0	0	
34066	????	KING	NPC	MELEE	1			0		STUN,SLOW,TERROR	0		0	0	0	0	0	0	0	120	3	1	0	0	10	4	100	100	0	2000	150	0	0	0	0	0	0	0	0	0	0	0	0	0	0	0	0	0	0	0	0	0	0	0	0	0	0	0	0	0	0	0	0	0	0	0	0	0	0	0	
34067	?????????1	KING	NPC	MELEE	1			0		STUN,SLOW,TERROR	0		0	0	0	0	0	0	0	120	3	1	0	0	10	4	100	100	0	2000	150	0	0	0	0	0	0	0	0	0	0	0	0	0	0	0	0	0	0	0	0	0	0	0	0	0	0	0	0	0	0	0	0	0	0	0	0	0	0	0	
34068	?????????2	KING	NPC	MELEE	1			0		STUN,SLOW,TERROR	0		0	0	0	0	0	0	0	120	3	1	0	0	10	4	100	100	0	2000	150	0	0	0	0	0	0	0	0	0	0	0	0	0	0	0	0	0	0	0	0	0	0	0	0	0	0	0	0	0	0	0	0	0	0	0	0	0	0	0	
34069	?????????(?????)	KING	NPC	MELEE	1			0		STUN,SLOW,TERROR	0		0	0	0	0	0	0	0	120	3	1	0	0	10	4	100	100	0	2000	150	0	0	0	0	0	0	0	0	0	0	0	0	0	0	0	0	0	0	0	0	0	0	0	0	0	0	0	0	0	0	0	0	0	0	0	0	0	0	0	
34070	????1	KING	NPC	MELEE	1			0		STUN,SLOW,TERROR	0		0	0	0	0	0	0	0	120	3	1	0	0	10	4	100	100	0	2000	150	0	0	0	0	0	0	0	0	0	0	0	0	0	0	0	0	0	0	0	0	0	0	0	0	0	0	0	0	0	0	0	0	0	0	0	0	0	0	0	
34071	????2	KING	NPC	MELEE	1			0		STUN,SLOW,TERROR	0		0	0	0	0	0	0	0	120	3	1	0	0	10	4	100	100	0	2000	150	0	0	0	0	0	0	0	0	0	0	0	0	0	0	0	0	0	0	0	0	0	0	0	0	0	0	0	0	0	0	0	0	0	0	0	0	0	0	0	
34072	????(?????)	KING	NPC	MELEE	1			0		STUN,SLOW,TERROR	0		0	0	0	0	0	0	0	120	3	1	0	0	10	4	100	100	0	2000	150	0	0	0	0	0	0	0	0	0	0	0	0	0	0	0	0	0	0	0	0	0	0	0	0	0	0	0	0	0	0	0	0	0	0	0	0	0	0	0	
34084	???????(W)	KING	NPC	MELEE	1			0		STUN,SLOW,TERROR	0		0	0	0	0	0	0	0	120	3	1	0	0	10	4	100	100	0	2000	150	0	0	0	0	0	0	0	0	0	0	0	0	0	0	0	0	0	0	0	0	0	0	0	0	0	0	0	0	0	0	0	0	0	0	0	0	0	0	0	
34085	???????(G)	KING	NPC	MELEE	1			0		STUN,SLOW,TERROR	0		0	0	0	0	0	0	0	120	3	1	0	0	10	4	100	100	0	2000	150	0	0	0	0	0	0	0	0	0	0	0	0	0	0	0	0	0	0	0	0	0	0	0	0	0	0	0	0	0	0	0	0	0	0	0	0	0	0	0	
60000	???? â?	KING	NPC	MELEE	70		NOMOVE	0		STUN,SLOW,TERROR	0		2	0	0	0	0	0	0	3954	3	1	0	0	562	79	100	100	0	2000	150	0	0	0	0	0	0	0	0	0	0	0	0	0	0	0	0	0	0	0	0	0	0	0	0	0	0	0	0	0	0	0	0	0	0	0	0	0	0	0	
60001	???? â?	KING	NPC	MELEE	70		NOMOVE	0		STUN,SLOW,TERROR	0		2	0	0	0	0	0	0	3954	3	1	0	0	562	79	100	100	0	2000	150	0	0	0	0	0	0	0	0	0	0	0	0	0	0	0	0	0	0	0	0	0	0	0	0	0	0	0	0	0	0	0	0	0	0	0	0	0	0	0	
60002	???? â?	KING	NPC	MELEE	70		NOMOVE	0		STUN,SLOW,TERROR	0		2	0	0	0	0	0	0	3954	3	1	0	0	562	79	100	100	0	2000	150	0	0	0	0	0	0	0	0	0	0	0	0	0	0	0	0	0	0	0	0	0	0	0	0	0	0	0	0	0	0	0	0	0	0	0	0	0	0	0	
60003	????? ??????	KING	NPC	MELEE	70		NOMOVE	0		STUN,SLOW,CURSE,TERROR	0		2	0	0	0	0	0	0	3954	3	1	0	0	562	79	100	100	0	2000	150	0	0	0	0	0	0	0	0	0	0	0	0	0	0	0	0	0	0	0	0	0	0	0	0	0	0	0	0	0	0	0	0	0	0	0	0	0	0	0	
4062	??? ?? ???	S_KNIGHT	MONSTER	MELEE	90			AGGR	UNDEAD		0	plechi_gold_monster5	0	45	30	60	15	90	166	20767	8	12	0	0	35861	56	100	100	100	2000	175	0	0	0	0	0	1	0	1	0	0	0	0	0	0	0	0	0	0	0	2	0	0	0	0	0	0	0	0	0	0	0	0	0	0	0	0	0	0	0	
4063	??? ?? ???	S_KNIGHT	MONSTER	MELEE	90			AGGR	UNDEAD		0	plechi_gold_monster8	0	45	30	60	15	90	166	20767	8	12	0	0	35861	56	100	100	100	2000	175	0	0	0	0	0	1	0	1	0	0	0	0	0	0	0	0	0	0	0	2	0	0	0	0	0	0	0	0	0	0	0	0	0	0	0	0	0	0	0	
4064	??? ?? ???	S_KNIGHT	MONSTER	MELEE	90			AGGR	UNDEAD		0	plechi_gold_monster7	0	45	30	60	15	90	166	20767	8	12	0	0	35861	56	100	100	100	2000	175	0	0	0	0	0	1	0	1	0	0	0	0	0	0	0	0	0	0	0	2	0	0	0	0	0	0	0	0	0	0	0	0	0	0	0	0	0	0	0	
4065	??? ?? ???	S_KNIGHT	MONSTER	MELEE	90			AGGR	UNDEAD		0	plechi_gold_monster4	0	45	30	60	15	90	166	20767	8	12	0	0	35861	56	100	100	100	2000	175	0	0	0	0	0	1	0	1	0	0	0	0	0	0	0	0	0	0	0	2	0	0	0	0	0	0	0	0	0	0	0	0	0	0	0	0	0	0	0	
4066	??? ?? ???	S_KNIGHT	MONSTER	MELEE	90			AGGR	UNDEAD		0	plechi_gold_monster3	0	45	30	60	15	90	166	20767	8	12	0	0	35861	56	100	100	100	2000	175	0	0	0	0	0	1	0	1	0	0	0	0	0	0	0	0	0	0	0	2	0	0	0	0	0	0	0	0	0	0	0	0	0	0	0	0	0	0	0	
4067	??? ?? ???	S_KNIGHT	MONSTER	MELEE	90			AGGR	UNDEAD		0	plechi_gold_monster6	0	45	30	60	15	90	166	20767	8	12	0	0	35861	56	100	100	100	2000	175	0	0	0	0	0	1	0	1	0	0	0	0	0	0	0	0	0	0	0	2	0	0	0	0	0	0	0	0	0	0	0	0	0	0	0	0	0	0	0	
4068	??? ?? ???	S_KNIGHT	MONSTER	MELEE	90			AGGR	UNDEAD		0	plechi_gold_monster1	0	45	30	60	15	90	166	20767	8	12	0	0	35861	56	100	100	100	2000	175	0	0	0	0	0	1	0	1	0	0	0	0	0	0	0	0	0	0	0	2	0	0	0	0	0	0	0	0	0	0	0	0	0	0	0	0	0	0	0	
4069	?? ??	BOSS	MONSTER	MELEE	92		AGGR	0	UNDEAD	STUN,SLOW,CURSE,TERROR	0	plechi_gold_boss1	0	48	32	63	16	79	146	540618	19	22	0	0	20422	57	100	100	100	2000	175	0	0	0	0	0	10	0	0	0	0	0	0	0	0	0	0	0	0	0	5	0	0	0	0	20	256	0	0	0	0	0	0	0	0	0	0	0	0	0	
4070	?? ??	BOSS	MONSTER	MELEE	92		AGGR	0	UNDEAD	STUN,SLOW,CURSE,TERROR	0	plechi_gold_boss2	0	48	32	63	16	79	146	540618	19	22	0	0	20422	57	100	100	100	2000	175	0	0	0	0	0	10	0	0	0	0	0	0	0	0	0	0	0	0	0	5	0	0	0	0	20	256	20	258	0	0	0	0	0	0	0	0	0	0	0	
8452	???	KING	STONE	SPECIAL	100		NOMOVE	0		STUN,SLOW,CURSE,TERROR	0		0	0	0	6	0	0	0	1958000	5	1	0	0	1	8	6145	6146	0	2000	175	0	0	0	0	0	0	0	0	0	0	0	0	0	0	0	0	0	0	100	0	0	0	0	0	0	0	0	0	0	0	0	0	0	0	0	0	0	0	0	
8453	???	KING	STONE	SPECIAL	100		NOMOVE	0		STUN,SLOW,CURSE,TERROR	0		0	0	0	6	0	0	0	1958000	5	1	0	0	1	8	6147	6148	0	2000	175	0	0	0	0	0	0	0	0	0	0	0	0	0	0	0	0	0	0	100	0	0	0	0	0	0	0	0	0	0	0	0	0	0	0	0	0	0	0	0	
8454	???	KING	STONE	SPECIAL	100		NOMOVE	0		STUN,SLOW,CURSE,TERROR	0		0	0	0	6	0	0	0	12958000	5	1	0	0	1	8	0	0	0	2000	175	0	0	0	0	0	0	0	0	0	0	0	0	0	0	0	0	0	0	100	0	0	0	0	0	0	0	0	0	0	0	0	0	0	0	0	0	0	0	0	
9286	??	KING	NPC	MELEE	70		NOMOVE	0		STUN,SLOW,CURSE,TERROR	0		0	0	0	0	0	0	0	3954	3	1	0	0	562	79	100	100	0	2000	175	0	0	0	0	0	0	0	0	0	0	0	0	0	0	0	0	0	0	0	0	0	0	0	0	0	0	0	0	0	0	0	0	0	0	0	0	0	0	0	
9287	NPC	KING	DOOR	SPECIAL	70		NOMOVE	0		STUN,SLOW,CURSE,TERROR	0		1	0	0	0	0	0	0	3954	3	1	0	0	562	79	100	100	0	2000	150	0	0	0	0	0	0	0	0	0	0	0	0	0	0	0	0	0	0	0	0	0	0	0	0	0	0	0	0	0	0	0	0	0	0	0	0	0	0	0	
9288	??	KING	NPC	MELEE	70		NOMOVE	0		STUN,SLOW,CURSE,TERROR	0		0	0	0	0	0	0	0	3954	3	1	0	0	562	79	100	100	0	2000	175	0	0	0	0	0	0	0	0	0	0	0	0	0	0	0	0	0	0	0	0	0	0	0	0	0	0	0	0	0	0	0	0	0	0	0	0	0	0	0	
9289	??	KING	NPC	MELEE	70		NOMOVE	0		STUN,SLOW,CURSE,TERROR	0		0	0	0	0	0	0	0	3954	3	1	0	0	562	79	100	100	0	2000	175	0	0	0	0	0	0	0	0	0	0	0	0	0	0	0	0	0	0	0	0	0	0	0	0	0	0	0	0	0	0	0	0	0	0	0	0	0	0	0	
3501	??????	PAWN	MONSTER	RANGE	95	0	AGGR,GODSPEED	0	HUMAN,ATT_EARTH	SLOW,CURSE,TERROR	0	redthief_bow	0	89	119	59	29	180	220	7084	3	2	0	0	1257	95	110	110	100	2000	850	0	0	0	0	0	0	0	10	20	0	-5	0	0	0	0	0	0	0	0	1	0	5	0	0	0	0	0	0	0	0	0	0	0	0	0	0	0	0	0	
3502	?????????	S_PAWN	MONSTER	MELEE	96	0	AGGR,REVIVE	0	HUMAN,ATT_EARTH	SLOW,CURSE,TERROR	0	redthief_soldier2	0	120	90	60	30	182	222	14388	3	2	0	0	3049	115	110	110	100	2000	100	0	0	0	0	5	0	0	12	20	-10	-25	5	-20	-20	0	0	0	0	0	1	0	10	0	0	0	0	0	0	0	0	0	0	0	0	0	0	0	0	0	
3504	???????	KNIGHT	MONSTER	MELEE	98	0	AGGR,BERSERK	0	HUMAN,ATT_EARTH	SLOW,CURSE,TERROR	0	redthief_officer	0	122	92	61	30	164	247	37064	5	7	0	0	9336	137	110	110	100	2000	100	0	0	0	0	0	10	10	16	20	-5	-25	0	0	0	0	0	0	0	0	1	0	15	0	0	0	0	0	0	0	0	0	0	0	0	0	0	0	0	0	
3505	?????????	S_KNIGHT	MONSTER	MELEE	99	0	AGGR,GODSPEED	0	HUMAN,ATT_EARTH	SLOW,CURSE,TERROR	0	redthief_general	0	124	93	62	31	166	249	75218	5	10	0	0	22533	168	110	110	100	2000	100	0	0	0	0	5	0	5	15	20	0	-5	-25	0	0	0	0	0	0	0	2	0	15	0	0	0	0	0	0	0	0	0	0	0	0	0	0	0	0	0	
3601	???	PAWN	MONSTER	MELEE	96	0	AGGR,GODSPEED	0	DEVIL,ATT_ICE	SLOW,CURSE,TERROR	0	crustacean_soldier	0	120	90	60	30	182	222	7194	3	2	0	0	1270	96	110	110	100	2000	100	0	0	0	0	0	0	0	10	20	0	-5	0	0	0	0	0	0	0	0	1	0	5	0	0	0	0	0	0	0	0	0	0	0	0	0	0	0	0	0	
3602	????	S_PAWN	MONSTER	RANGE	97	0	AGGR,REVIVE	0	DEVIL,ATT_ICE	SLOW,CURSE,TERROR	0	crustacean_bow	0	121	91	60	30	183	224	14605	3	2	0	0	3080	116	110	110	100	2000	850	0	0	0	0	5	0	0	12	20	-10	-25	5	-20	-20	0	0	0	0	0	1	0	10	0	0	0	0	0	0	0	0	0	0	0	0	0	0	0	0	0	
3603	????	S_PAWN	MONSTER	MELEE	98	0	AGGR,STONESKIN	0	DEVIL,ATT_ICE	SLOW,CURSE,TERROR	0	crustacean_soldier2	0	122	92	61	30	185	226	14825	5	5	0	0	3111	117	110	110	100	2000	100	0	0	0	0	3	0	3	15	20	-5	-5	10	10	10	0	0	0	0	0	1	0	15	0	0	0	0	0	0	0	0	0	0	0	0	0	0	0	0	0	
3604	????	KNIGHT	MONSTER	MELEE	99	0	AGGR,BERSERK	0	DEVIL,ATT_ICE	SLOW,CURSE,TERROR	0	crustacean_officer	0	93	124	62	31	166	249	37609	5	7	0	0	9432	138	110	110	100	2000	100	0	0	0	0	0	10	10	16	20	-5	-25	0	0	0	0	0	0	0	0	1	0	15	0	0	0	0	0	0	0	0	0	0	0	0	0	0	0	0	0	
3605	????	S_KNIGHT	MONSTER	MELEE	101	0	AGGR,GODSPEED	0	DEVIL,ATT_ICE	SLOW,CURSE,TERROR	0	crustacean_general	0	126	63	126	31	169	254	77407	5	10	0	0	22987	171	110	110	100	2000	100	0	0	0	0	5	0	5	15	20	0	-5	-25	0	0	0	0	0	0	0	2	0	15	0	0	0	0	0	0	0	0	0	0	0	0	0	0	0	0	0	
3949	??	KING	NPC	MELEE	1	0	NOMOVE	0	0	STUN,SLOW,TERROR	0	0	1	0	0	0	0	0	0	120	3	1	0	0	10	4	100	0	0	2000	150	0	0	0	0	0	0	0	0	0	0	0	0	0	0	0	0	0	0	0	0	0	0	0	0	0	0	0	0	0	0	0	0	0	0	0	0	0	0	0	
3950	??	PAWN	MONSTER	MELEE	97	0	AGGR,BERSERK	0	ICE,ATT_ICE	TERROR	0	defensewave_pawn	0	95	64	63	31	168	252	19407	10	5	0	0	0	141	100	100	100	2000	100	0	0	0	0	0	0	3	15	15	15	10	15	15	15	15	0	0	0	0	2	0	20	0	0	0	0	0	0	0	0	0	0	0	0	0	0	0	0	0	
3951	??	PAWN	MONSTER	MELEE	97	0	AGGR,BERSERK	0	ICE,ATT_ICE	TERROR	0	defensewave_pawn	0	95	64	63	31	168	252	20407	10	5	0	0	0	141	100	100	100	2000	100	0	0	0	0	0	0	3	15	20	20	15	20	20	20	15	0	0	0	0	2	0	20	0	0	0	0	0	0	0	0	0	0	0	0	0	0	0	0	0	
3952	??	PAWN	MONSTER	MELEE	97	0	AGGR,BERSERK	0	ICE,ATT_ICE	TERROR	0	defensewave_pawn	0	95	64	63	31	168	252	21407	10	5	0	0	0	141	100	100	100	2000	100	0	0	0	0	0	0	3	15	25	25	15	25	25	25	15	0	0	0	0	2	0	20	0	0	0	0	0	0	0	0	0	0	0	0	0	0	0	0	0	
3953	????	S_KNIGHT	MONSTER	MAGIC	105	0	AGGR,BERSERK	0	ICE,ATT_ICE	SLOW,TERROR	0	defensewave_watersoul	0	33	68	137	34	56	95	68637	20	5	0	0	0	140	100	100	100	2000	850	0	0	0	0	0	0	5	15	25	25	15	25	25	25	20	0	0	0	0	2	0	20	0	0	0	0	0	0	0	0	0	0	0	0	0	0	0	0	0	
3954	????	KNIGHT	MONSTER	MELEE	103	0	AGGR,BERSERK	0	ICE,ATT_ICE	STUN,SLOW,TERROR	0	defensewave_naga	0	67	62	125	31	120	182	98159	20	5	0	0	0	140	110	110	100	2000	100	0	0	0	0	0	0	5	16	0	0	0	-5	0	-5	0	0	0	-25	0	2	0	15	0	0	0	0	0	0	0	0	0	0	0	0	0	0	0	0	0	
3955	????2	KNIGHT	MONSTER	MELEE	103	0	AGGR,BERSERK	0	ICE,ATT_ICE	STUN,SLOW,TERROR	0	defensewave_naga	0	67	62	125	31	120	182	98159	20	5	0	0	0	140	110	110	100	2000	100	0	0	0	0	0	0	5	16	0	0	0	-5	0	-5	0	0	0	-25	0	2	0	15	0	0	0	0	0	0	0	0	0	0	0	0	0	0	0	0	0	
3956	????	BOSS	MONSTER	RANGE	110	0	AGGR,BERSERK,STONESKIN,DEATHBLOW,REVIVE	0	ICE,ATT_ICE	STUN,SLOW,TERROR	0	defensewave_medusa	0	131	127	63	31	191	273	827140	20	5	0	0	104702	172	100	100	100	2000	850	0	0	0	0	0	10	7	15	25	25	15	25	25	25	15	0	0	0	0	4	0	20	0	0	0	0	0	0	0	0	0	0	0	0	0	0	0	0	0	
3957	?????1	BOSS	MONSTER	RANGE	110	0	AGGR,NOMOVE,BERSERK,STONESKIN,DEATHBLOW,REVIVE	0	ICE,ATT_ICE	STUN,SLOW,TERROR	0	defensewave_minihydra	0	93	124	62	31	153	285	727140	20	5	0	0	0	140	100	100	100	2000	1500	0	0	0	0	0	0	3	15	25	25	15	25	25	25	15	10	10	10	0	2	0	0	0	0	0	0	0	0	0	0	0	0	0	0	0	0	0	0	0	
3958	?????2	BOSS	MONSTER	RANGE	110	0	AGGR,NOMOVE,BERSERK,STONESKIN,DEATHBLOW,REVIVE	0	ICE,ATT_ICE	STUN,SLOW,TERROR	0	defensewave_minihydra	0	93	124	62	31	153	285	827140	20	5	0	0	0	140	100	100	100	2000	1500	0	0	0	0	0	0	3	15	25	25	15	25	25	25	15	10	10	10	0	2	0	0	0	0	0	0	0	0	0	0	0	0	0	0	0	0	0	0	0	
3959	?????3	BOSS	MONSTER	RANGE	110	0	AGGR,NOMOVE,BERSERK,STONESKIN,DEATHBLOW,REVIVE	0	ICE,ATT_ICE	STUN,SLOW,TERROR	0	defensewave_minihydra	0	93	124	62	31	153	285	827140	20	5	0	0	0	140	100	100	100	2000	1500	0	0	0	0	0	0	3	15	25	25	15	25	25	25	15	10	10	10	0	2	0	0	0	0	0	0	0	0	0	0	0	0	0	0	0	0	0	0	0	
3960	???1	KING	MONSTER	MAGIC	120	0	AGGR,NOMOVE,BERSERK,DEATHBLOW,REVIVE	0	ICE,ATT_ICE	STUN,SLOW,TERROR	0	defensewave_hydra_boss	0	131	65	131	32	153	285	2113838	15	5	0	0	104702	210	100	100	100	2000	100	0	0	0	0	0	0	3	15	40	45	35	45	25	25	45	10	10	0	0	3	0	20	0	0	0	0	0	0	0	0	0	0	0	0	0	0	0	0	0	
3961	???2	KING	MONSTER	MAGIC	120	0	AGGR,NOMOVE,BERSERK,STONESKIN,DEATHBLOW,REVIVE	0	ICE,ATT_ICE	STUN,SLOW,TERROR	0	defensewave_hydra_boss	0	131	65	131	32	153	285	2213838	15	5	0	0	104702	210	100	100	100	2000	100	0	0	0	0	0	0	3	15	40	45	35	45	25	25	45	10	10	0	0	3	0	20	0	0	0	0	0	0	0	0	0	0	0	0	0	0	0	0	0	
3962	???3	KING	MONSTER	MAGIC	120	0	AGGR,NOMOVE,BERSERK,STONESKIN,DEATHBLOW,REVIVE	0	ICE,ATT_ICE	STUN,SLOW,TERROR	0	defensewave_hydra_boss	0	131	65	131	32	153	285	2653838	10	5	0	0	104702	210	100	100	100	2000	100	0	0	0	0	0	0	3	15	40	45	35	45	25	25	45	10	10	0	0	3	0	20	0	0	0	0	0	0	0	0	0	0	0	0	0	0	0	0	0	
3963	???(left)	KING	MONSTER	MAGIC	120	0	AGGR,NOMOVE,BERSERK,DEATHBLOW,REVIVE	0	ICE,ATT_ICE	STUN,SLOW,TERROR	0	0	0	131	65	131	32	153	285	1313838	10	5	0	0	104702	210	100	100	100	2000	100	0	0	0	0	0	0	3	15	40	45	35	45	25	25	45	10	10	0	0	3	0	20	0	0	0	0	0	0	0	0	0	0	0	0	0	0	0	0	0	
3964	???(right)	KING	MONSTER	MAGIC	120	0	AGGR,NOMOVE,BERSERK,DEATHBLOW,REVIVE	0	ICE,ATT_ICE	STUN,SLOW,TERROR	0	0	0	131	65	131	32	153	285	1313838	10	10	0	0	104702	210	100	100	100	2000	100	0	0	0	0	0	0	3	15	40	45	35	45	25	25	45	10	10	0	0	3	0	20	0	0	0	0	0	0	0	0	0	0	0	0	0	0	0	0	0	
3965	?????	KING	MONSTER	MELEE	105	0	NOMOVE	0	0	STUN,SLOW,TERROR	0	0	2	0	0	0	0	0	0	120	3	1	0	0	584702	4	100	100	0	2000	150	0	0	0	0	0	0	0	0	0	0	0	0	0	0	0	0	0	0	0	0	0	0	0	0	0	0	0	0	0	0	0	0	0	0	0	0	0	0	0	
3970		KING	DOOR	MELEE	1	0	NOMOVE	0	0	STUN,SLOW,TERROR	0	0	1	0	0	0	0	0	0	120	3	1	0	0	10	4	100	0	0	2000	150	0	0	0	0	0	0	0	0	0	0	0	0	0	0	0	0	0	0	0	0	0	0	0	0	0	0	0	0	0	0	0	0	0	0	0	0	0	0	0	
20432	????	KING	STONE	MELEE	120	0	NOMOVE	0	0	STUN,SLOW,TERROR	0	horse	0	0	0	100	0	0	0	198655	5	1	0	0	10	4	100	100	0	2000	150	0	0	0	0	0	0	0	0	0	0	0	0	0	0	0	0	0	0	0	0	0	0	0	0	0	0	0	0	0	0	0	0	0	0	0	0	0	0	0	
20433	??	KNIGHT	NPC	MELEE	1	0	NOMOVE	0	0	STUN,SLOW,TERROR	0	0	1	0	0	0	0	0	0	120	3	1	0	0	10	4	100	100	0	2000	150	0	0	0	0	0	0	0	0	0	0	0	0	0	0	0	0	0	0	0	0	0	0	0	0	0	0	0	0	0	0	0	0	0	0	0	0	0	0	0	
20434	???	KNIGHT	NPC	MELEE	1	0	NOMOVE,REFLECT	0	0	STUN,SLOW,TERROR	0	defensewave_sail	1	0	0	0	0	0	0	5000000	3	1	0	0	10	250	100	100	0	2000	150	0	0	0	0	0	0	0	0	0	0	0	0	0	0	0	0	0	0	0	0	0	0	0	0	0	0	0	0	0	0	0	0	0	0	0	0	0	0	0	
20435	????	KNIGHT	NPC	MELEE	1	0	NOMOVE	0	0	STUN,SLOW,TERROR	0	0	1	0	0	0	0	0	0	120	3	1	0	0	10	4	100	100	0	2000	150	0	0	0	0	0	0	0	0	0	0	0	0	0	0	0	0	0	0	0	0	0	0	0	0	0	0	0	0	0	0	0	0	0	0	0	0	0	0	0	
20436	???	KNIGHT	NPC	MELEE	1	0	NOMOVE	0	0	STUN,SLOW,TERROR	0	0	1	0	0	0	0	0	0	120	3	1	0	0	10	4	100	100	0	2000	150	0	0	0	0	0	0	0	0	0	0	0	0	0	0	0	0	0	0	0	0	0	0	0	0	0	0	0	0	0	0	0	0	0	0	0	0	0	0	0	
20437	????	KING	STONE	MELEE	1	0	NOMOVE,NORECOVERY,REFLECT	0	0	STUN,SLOW,TERROR	0	0	1	0	0	0	0	0	0	10	3	1	0	0	10	4	100	100	0	2000	150	0	0	0	0	0	0	0	0	0	0	0	0	0	0	0	0	0	0	0	0	0	0	0	0	0	0	0	0	0	0	0	0	0	0	0	0	0	0	0	
4139	????	PAWN	MONSTER	MELEE	90			0	UNDEAD,ATT_EARTH	SLOW,CURSE,TERROR	0	ch_footman	0	107	53	80	26	167	201	15635	3	14	8532	12797	7050	67	110	130	110	2000	50	0	0	0	3	0	0	5	5	5	5	5	5	5	5	0	10	30	0	0	2	0	5	0	0	0	0	0	0	0	0	0	0	0	0	0	0	0	0	0	
4140	????	PAWN	MONSTER	MELEE	90			0	UNDEAD,ATT_EARTH	SLOW,CURSE,TERROR	0	ch_footman	0	107	53	80	26	167	201	15635	3	14	8532	12797	7050	67	110	130	110	2000	50	0	0	0	3	0	0	5	5	5	5	5	5	5	5	0	10	30	0	0	2	0	5	0	0	0	0	0	0	0	0	0	0	0	0	0	0	0	0	0	
4141	????	PAWN	MONSTER	MELEE	90			0	UNDEAD,ATT_EARTH	SLOW,CURSE,TERROR	0	ch_footman	0	107	53	80	26	167	201	15635	3	14	8532	12797	7050	67	110	130	110	2000	50	0	0	0	3	0	0	5	5	5	5	5	5	5	5	0	10	30	0	0	2	0	5	0	0	0	0	0	0	0	0	0	0	0	0	0	0	0	0	0	
4142	????	PAWN	MONSTER	MELEE	90			0	UNDEAD,ATT_EARTH	SLOW,CURSE,TERROR	0	ch_footman	0	107	53	80	26	167	201	15635	3	14	8532	12797	7050	67	110	130	110	2000	50	0	0	0	3	0	0	5	5	5	5	5	5	5	5	0	10	30	0	0	2	0	5	0	0	0	0	0	0	0	0	0	0	0	0	0	0	0	0	0	
4143	????	PAWN	MONSTER	MELEE	90			0	UNDEAD,ATT_EARTH	SLOW,CURSE,TERROR	0	ch_footman	0	107	53	80	26	167	201	15635	3	14	8532	12797	7050	67	110	130	110	2000	50	0	0	0	3	0	0	5	5	5	5	5	5	5	5	0	10	30	0	0	2	0	5	0	0	0	0	0	0	0	0	0	0	0	0	0	0	0	0	0	
4144	????	PAWN	MONSTER	MELEE	90			0	UNDEAD,ATT_EARTH	SLOW,CURSE,TERROR	0	ch_footman	0	107	53	80	26	167	201	15635	3	14	8532	12797	7050	67	110	130	110	2000	50	0	0	0	3	0	0	5	5	5	5	5	5	5	5	0	10	30	0	0	2	0	5	0	0	0	0	0	0	0	0	0	0	0	0	0	0	0	0	0	
4145	????	PAWN	MONSTER	MELEE	94			0	UNDEAD,ATT_EARTH	SLOW,CURSE,TERROR	0	ch_footman	0	107	53	80	26	199	222	20050	3	14	8532	12797	15050	67	110	130	110	2000	50	0	0	0	3	0	0	5	5	10	10	10	10	10	10	0	0	30	0	0	2	0	5	0	0	0	0	0	0	0	0	0	0	0	0	0	0	0	0	0	
4146	????	PAWN	MONSTER	MELEE	94			0	UNDEAD,ATT_EARTH	SLOW,CURSE,TERROR	0	ch_footman	0	107	53	80	26	199	222	20050	3	14	8532	12797	15050	67	110	130	110	2000	50	0	0	0	3	0	0	5	5	10	10	10	10	10	10	0	0	30	0	0	2	0	5	0	0	0	0	0	0	0	0	0	0	0	0	0	0	0	0	0	
4147	????	PAWN	MONSTER	MELEE	94			0	UNDEAD,ATT_EARTH	SLOW,CURSE,TERROR	0	ch_footman	0	107	53	80	26	199	222	20050	3	14	8532	12797	15050	67	110	130	110	2000	50	0	0	0	3	0	0	5	5	10	10	10	10	10	10	0	0	30	0	0	2	0	5	0	0	0	0	0	0	0	0	0	0	0	0	0	0	0	0	0	
4148	????	PAWN	MONSTER	MELEE	94			0	UNDEAD,ATT_EARTH	SLOW,CURSE,TERROR	0	ch_footman	0	107	53	80	26	199	222	20050	3	14	8532	12797	15050	67	110	130	110	2000	50	0	0	0	3	0	0	5	5	10	10	10	10	10	10	0	0	30	0	0	2	0	5	0	0	0	0	0	0	0	0	0	0	0	0	0	0	0	0	0	
4149	????	PAWN	MONSTER	MELEE	94			0	UNDEAD,ATT_EARTH	SLOW,CURSE,TERROR	0	ch_footman	0	107	53	80	26	199	222	20050	3	14	8532	12797	15050	67	110	130	110	2000	50	0	0	0	3	0	0	5	5	10	10	10	10	10	10	0	0	30	0	0	2	0	5	0	0	0	0	0	0	0	0	0	0	0	0	0	0	0	0	0	
4150	????	PAWN	MONSTER	MELEE	94			0	UNDEAD,ATT_EARTH	SLOW,CURSE,TERROR	0	ch_footman	0	107	53	80	26	199	222	20050	3	14	8532	12797	15050	67	110	130	110	2000	50	0	0	0	3	0	0	5	5	10	10	10	10	10	10	0	0	30	0	0	2	0	5	0	0	0	0	0	0	0	0	0	0	0	0	0	0	0	0	0	
4151	????	PAWN	MONSTER	MELEE	94			0	UNDEAD,ATT_EARTH	SLOW,CURSE,TERROR	0	ch_footman	0	107	53	80	26	199	222	20050	3	14	8532	12797	15050	67	110	130	110	2000	50	0	0	0	3	0	0	5	5	10	10	10	10	10	10	0	0	30	0	0	2	0	5	0	0	0	0	0	0	0	0	0	0	0	0	0	0	0	0	0	
4152	????	PAWN	MONSTER	MELEE	94			0	UNDEAD,ATT_EARTH	SLOW,CURSE,TERROR	0	ch_footman	0	107	53	80	26	199	222	20050	3	14	8532	12797	15050	67	110	130	110	2000	50	0	0	0	3	0	0	5	5	10	10	10	10	10	10	0	0	30	0	0	2	0	5	0	0	0	0	0	0	0	0	0	0	0	0	0	0	0	0	0	
4153	????	PAWN	MONSTER	MELEE	94			0	UNDEAD,ATT_EARTH	SLOW,CURSE,TERROR	0	ch_footman	0	107	53	80	26	199	222	20050	3	14	8532	12797	15050	67	110	130	110	2000	50	0	0	0	3	0	0	5	5	10	10	10	10	10	10	0	0	30	0	0	2	0	5	0	0	0	0	0	0	0	0	0	0	0	0	0	0	0	0	0	
4154	ANUBIS1	BOSS	MONSTER	MELEE	96			0	UNDEAD,ATT_EARTH	STUN,SLOW,CURSE,TERROR	0	ice_snow_witch	0	97	73	49	24	174	293	500492	6	16	3782	5680	324800	86	130	160	100	2000	1000	0	0	0	50	0	0	0	2	60	60	40	40	40	60	-20	0	40	0	100	3	0	30	0	0	0	0	0	0	0	0	0	0	0	0	0	0	0	0	0	
4155	BESTER	BOSS	MONSTER	MELEE	97			0	UNDEAD,ATT_EARTH	STUN,SLOW,CURSE,TERROR	0	ch_general	0	135	96	69	45	147	268	1006719	17	30	0	0	456600	92	140	130	100	2000	100	0	0	0	5	5	15	10	10	50	50	50	50	50	50	0	0	20	0	0	4	0	40	0	0	0	0	0	0	0	0	0	0	0	0	0	0	0	0	0	
4156	????	BOSS	MONSTER	MELEE	98			0	UNDEAD,ATT_EARTH	STUN,SLOW,TERROR	0	hanma_boss	0	133	66	133	33	356	490	2013838	30	20	0	0	422585	256	110	110	100	2000	300	0	0	0	0	5	5	10	15	40	35	40	40	40	40	0	0	0	0	0	4	0	25	0	0	0	0	0	0	0	0	0	0	0	0	0	0	0	0	0	
4157	????	BOSS	MONSTER	MELEE	98			0	UNDEAD,ATT_EARTH	STUN,SLOW,TERROR	0	hanma_boss	0	133	66	133	33	356	490	2013838	30	20	0	0	422585	256	110	110	100	2000	300	0	0	0	0	5	5	10	15	40	35	40	40	40	40	0	0	0	0	0	4	0	25	0	0	0	0	0	0	0	0	0	0	0	0	0	0	0	0	0	
4158	????	BOSS	MONSTER	MELEE	99			0	UNDEAD,ATT_EARTH	STUN,SLOW,TERROR	0	hanma_boss	0	133	66	133	33	356	490	5000000	30	20	0	0	422585	256	50	0	100	2000	300	0	0	0	0	5	5	10	15	40	35	40	40	40	40	0	0	0	0	0	4	0	25	0	0	0	0	0	0	0	0	0	0	0	0	0	0	0	0	0	
8472	???	KING	STONE	SPECIAL	100		NOMOVE	0	ATT_METIN	STUN,SLOW,CURSE,TERROR	0	0	0	0	0	6	0	0	0	12958000	5	1	0	0	1	8	6210	6211	0	2000	175		0	0	0	0	0	0	0	0	0	0	0	0	0	0	0	0	0	100	0	0	0	16764879	0	0	0	0	0	0	0	0	0	0	0	0	0	0	0	0	
8473	???	KING	STONE	SPECIAL	100		NOMOVE	0	ATT_METIN	STUN,SLOW,CURSE,TERROR	0	0	0	0	0	6	0	0	0	12958000	5	1	0	0	1	8	6218	6218	0	2000	175		0	0	0	0	0	0	0	0	0	0	0	0	0	0	0	0	0	100	0	0	0	16764879	0	0	0	0	0	0	0	0	0	0	0	0	0	0	0	0	
8474	???	KING	STONE	SPECIAL	100		NOMOVE	0	ATT_METIN	STUN,SLOW,CURSE,TERROR	0	0	0	0	0	6	0	0	0	12958000	5	1	0	0	1	8	6221	6226	0	2000	175		0	0	0	0	0	0	0	0	0	0	0	0	0	0	0	0	0	100	0	0	0	16764879	0	0	0	0	0	0	0	0	0	0	0	0	0	0	0	0	
8475	???	KING	STONE	SPECIAL	100		NOMOVE	0	ATT_METIN	STUN,SLOW,CURSE,TERROR	0	0	0	0	0	6	0	0	0	12958000	5	1	0	0	1	8	6210	6232	0	2000	175		0	0	0	0	0	0	0	0	0	0	0	0	0	0	0	0	0	100	0	0	0	16764879	0	0	0	0	0	0	0	0	0	0	0	0	0	0	0	0	
8476	???	KING	STONE	SPECIAL	100		NOMOVE	0	ATT_METIN	STUN,SLOW,CURSE,TERROR	0	0	0	0	0	6	0	0	0	12958000	5	1	0	0	1	8	6227	6228	0	2000	175		0	0	0	0	0	0	0	0	0	0	0	0	0	0	0	0	0	100	0	0	0	16764879	0	0	0	0	0	0	0	0	0	0	0	0	0	0	0	0	
9331	NPC	KING	NPC	MELEE	70	100		NOMOVE	0		STUN,SLOW,CURSE,TERROR	0		1	0	0	0	0	0	0	3954	3	1	0	0	562	79	100	100	0	2000	150	0	0	0	0	0	0	0	0	0	0	0	0	0	0	0	0	0	0	0	0	0	0	0	0	0	0	0	0	0	0	0	0	0	0	0	0	0	0	0
9332	NPC	KING	NPC	MELEE	70	100		NOMOVE	0		STUN,SLOW,CURSE,TERROR	0		1	0	0	0	0	0	0	3954	3	1	0	0	562	79	100	100	0	2000	150	0	0	0	0	0	0	0	0	0	0	0	0	0	0	0	0	0	0	0	0	0	0	0	0	0	0	0	0	0	0	0	0	0	0	0	0	0	0	0
9333	NPC	KING	NPC	MELEE	70	100		NOMOVE	0		STUN,SLOW,CURSE,TERROR	0		1	0	0	0	0	0	0	3954	3	1	0	0	562	79	100	100	0	2000	150	0	0	0	0	0	0	0	0	0	0	0	0	0	0	0	0	0	0	0	0	0	0	0	0	0	0	0	0	0	0	0	0	0	0	0	0	0	0	0
9334	NPC	KING	NPC	MELEE	70	100		NOMOVE	0		STUN,SLOW,CURSE,TERROR	0		1	0	0	0	0	0	0	3954	3	1	0	0	562	79	100	100	0	2000	150	0	0	0	0	0	0	0	0	0	0	0	0	0	0	0	0	0	0	0	0	0	0	0	0	0	0	0	0	0	0	0	0	0	0	0	0	0	0	0
9335	NPC	KING	NPC	MELEE	70	100		NOMOVE	0		STUN,SLOW,CURSE,TERROR	0		1	0	0	0	0	0	0	3954	3	1	0	0	562	79	100	100	0	2000	150	0	0	0	0	0	0	0	0	0	0	0	0	0	0	0	0	0	0	0	0	0	0	0	0	0	0	0	0	0	0	0	0	0	0	0	0	0	0	0
9336	NPC	KING	NPC	MELEE	70	100		NOMOVE	0		STUN,SLOW,CURSE,TERROR	0		1	0	0	0	0	0	0	3954	3	1	0	0	562	79	100	100	0	2000	150	0	0	0	0	0	0	0	0	0	0	0	0	0	0	0	0	0	0	0	0	0	0	0	0	0	0	0	0	0	0	0	0	0	0	0	0	0	0	0
9337	NPC	KING	NPC	MELEE	70	100		NOMOVE	0		STUN,SLOW,CURSE,TERROR	0		1	0	0	0	0	0	0	3954	3	1	0	0	562	79	100	100	0	2000	150	0	0	0	0	0	0	0	0	0	0	0	0	0	0	0	0	0	0	0	0	0	0	0	0	0	0	0	0	0	0	0	0	0	0	0	0	0	0	0
10301	. 1034 119	KING	GOTO	MELEE	1		NOMOVE	0		STUN,SLOW,CURSE,TERROR	0	stray_dog	2	0	0	0	0	0	0	1	1	1	0	0	40068	1	1	1	1	2000	1	0	0	0	0	0	0	0	0	0	0	0	0	0	0	0	0	0	0	0	0	0	0	0	0	0	0	0	0	0	0	0	0	0	0	0	0	0	0	0	
4301	??? ?? ???	KNIGHT	MONSTER	MELEE	104				ANIMAL		0	plechi_shark_monster1	0	80	30	60	15	90	166	30767	8	12	0	0	35861	56	100	100	100	2000	175	0	0	0	0	0	1	0	1	0	0	0	0	0	0	0	0	0	0	0	3.5	0	0	0	0	0	0	0	0	0	0	0	0	0	0	0	0	0	0	0	
4302	??? ?? ???	KNIGHT	MONSTER	MELEE	105				ANIMAL		0	plechi_shark_monster2	0	80	30	60	15	90	166	30767	8	12	0	0	35861	56	100	100	100	2000	175	0	0	0	0	0	1	0	1	0	0	0	0	0	0	0	0	0	0	0	3.5	0	0	0	0	0	0	0	0	0	0	0	0	0	0	0	0	0	0	0	
4303	??? ?? ???	KNIGHT	MONSTER	RANGE	105				ANIMAL		0	plechi_shark_monster3	0	80	30	60	15	90	166	30767	8	12	0	0	35861	56	100	100	100	2000	750	0	0	0	0	0	1	0	1	0	0	0	0	0	0	0	0	0	0	0	3.5	0	0	0	0	0	0	0	0	0	0	0	0	0	0	0	0	0	0	0	
4304	??? ?? ???	KNIGHT	MONSTER	MELEE	10				ANIMAL		0	plechi_shark_monster4	0	80	30	60	15	90	166	30767	8	12	0	0	35861	56	100	100	100	2000	175	0	0	0	0	0	1	0	1	0	0	0	0	0	0	0	0	0	0	0	3.5	0	0	0	0	0	0	0	0	0	0	0	0	0	0	0	0	0	0	0	
4305	?? ??	BOSS	MONSTER	MELEE	104		AGGR	0	ANIMAL	STUN,SLOW,CURSE,TERROR	0	plechi_shark_boss1	0	48	32	63	16	79	146	1740618	10	22	0	0	20422	57	100	100	100	2000	400	0	0	0	0	0	10	0	0	0	0	0	0	0	0	0	0	0	0	70	7	0	0	0	0	20	258	20	270	0	0	0	0	0	0	0	0	0	0	0	
4306	?? ??	KING	MONSTER	MELEE	106		AGGR	0	ANIMAL	STUN,SLOW,CURSE,TERROR	0	plechi_shark_boss1_ghost	0	48	32	63	16	79	146	1740618	10	22	0	0	20422	57	100	100	100	2000	500	0	0	0	0	0	10	0	0	100	100	100	100	100	100	100	100	100	100	100	7	0	0	0	0	20	270	20	270	0	0	0	0	0	0	0	0	0	0	0	
4307	?? ??	KING	MONSTER	MELEE	106		AGGR	0	ANIMAL	STUN,SLOW,CURSE,TERROR	0	plechi_shark_boss2	0	48	32	63	16	79	146	1740618	10	22	0	0	20422	57	100	100	100	2000	500	0	0	0	0	0	10	0	0	0	0	0	0	0	0	0	0	0	0	70	7	0	0	0	0	20	270	20	270	0	0	0	0	0	0	0	0	0	0	0	
8477	???	KING	STONE	SPECIAL	100		NOMOVE	0		STUN,SLOW,CURSE,TERROR	0		0	0	0	6	0	0	0	12958000	5	1	0	0	1	8	6233	6237	0	2000	175	0	0	0	0	0	0	0	0	0	0	0	0	0	0	0	0	0	0	100	0	0	0	0	0	0	0	0	0	0	0	0	0	0	0	0	0	0	0	0	
8478	???	KING	STONE	SPECIAL	100		NOMOVE	0		STUN,SLOW,CURSE,TERROR	0		0	0	0	6	0	0	0	12958000	5	1	0	0	1	8	6233	6237	0	2000	175	0	0	0	0	0	0	0	0	0	0	0	0	0	0	0	0	0	0	100	0	0	0	0	0	0	0	0	0	0	0	0	0	0	0	0	0	0	0	0	
8479	???	KING	STONE	SPECIAL	100		NOMOVE	0		STUN,SLOW,CURSE,TERROR	0		0	0	0	6	0	0	0	12958000	5	1	0	0	1	8	6233	6237	0	2000	175	0	4305	0	0	0	0	0	0	0	0	0	0	0	0	0	0	0	0	100	0	0	0	0	0	0	0	0	0	0	0	0	0	0	0	0	0	0	0	0	
9338	NPC	KING	NPC	MELEE	70		NOMOVE	0		STUN,SLOW,CURSE,TERROR	0		1	0	0	0	0	0	0	3954	3	1	0	0	562	79	100	100	0	2000	150	0	0	0	0	0	0	0	0	0	0	0	0	0	0	0	0	0	0	0	0	0	0	0	0	0	0	0	0	0	0	0	0	0	0	0	0	0	0	0	
9339	NPC	KING	NPC	MELEE	70		NOMOVE	0		STUN,SLOW,CURSE,TERROR	0		1	0	0	0	0	0	0	3954	3	1	0	0	562	79	100	100	0	2000	150	0	0	0	0	0	0	0	0	0	0	0	0	0	0	0	0	0	0	0	0	0	0	0	0	0	0	0	0	0	0	0	0	0	0	0	0	0	0	0	
9340	NPC	KING	NPC	MELEE	70		NOMOVE	0		STUN,SLOW,CURSE,TERROR	0		1	0	0	0	0	0	0	3954	3	1	0	0	562	79	100	100	0	2000	150	0	0	0	0	0	0	0	0	0	0	0	0	0	0	0	0	0	0	0	0	0	0	0	0	0	0	0	0	0	0	0	0	0	0	0	0	0	0	0	
766	??? ?? ???	S_KNIGHT	MONSTER	MELEE	250			0	UNDEAD		0	plechi_slime_monster1	0	45	30	60	15	90	166	15767	8	12	0	0	3861	56	100	100	100	2000	175	0	0	0	0	0	1	0	1	0	0	0	0	0	0	0	0	0	0	0	2	0	0	0	0	0	0	0	0	0	0	0	0	0	0	0	0	0	0	0	
767	??? ?? ???	S_KNIGHT	MONSTER	MELEE	250			AGGR	UNDEAD		0	plechi_slime_monster2	0	45	30	60	15	90	166	15767	8	12	0	0	3861	56	100	100	100	2000	175	0	0	0	0	0	1	0	1	0	0	0	0	0	0	0	0	0	0	0	2	0	0	0	0	0	0	0	0	0	0	0	0	0	0	0	0	0	0	0	
768	?? ??	BOSS	MONSTER	MELEE	250		AGGR	0	UNDEAD	STUN,SLOW,CURSE,TERROR	0	plechi_slime_boss	0	48	32	63	16	79	146	540618	19	22	0	0	20422	57	100	100	100	2000	175	0	0	0	0	0	10	0	0	0	0	0	0	0	0	0	0	0	0	0	4	0	0	0	0	20	256	20	258	0	0	0	0	0	0	0	0	0	0	0	
8430	???	KING	STONE	SPECIAL	250		NOMOVE	0		STUN,SLOW,CURSE,TERROR	0		0	0	0	6	0	0	0	1458000	5	1	0	0	1	8	6110	6111	0	2000	175	0	0	0	0	0	0	0	0	0	0	0	0	0	0	0	0	0	0	100	0	0	0	0	0	0	0	0	0	0	0	0	0	0	0	0	0	0	0	0	
9236	Thu-Rang	KING	NPC	MELEE	250		NOMOVE	0		STUN,SLOW,CURSE,TERROR	0		1	0	0	0	0	0	0	3954	3	1	0	0	562	79	0	100	0	2000	150	0	0	0	0	0	0	0	0	0	0	0	0	0	0	0	0	0	0	0	0	0	0	0	0	0	0	0	0	0	0	0	0	0	0	0	0	0	0	0	
9237	Seal stone	KING	NPC	MELEE	250		NOMOVE	0		STUN,SLOW,CURSE,TERROR	0		1	0	0	0	0	0	0	3954	3	1	0	0	562	79	100	100	0	2000	150	0	0	0	0	0	0	0	0	0	0	0	0	0	0	0	0	0	0	0	0	0	0	0	0	0	0	0	0	0	0	0	0	0	0	0	0	0	0	0	
9238	Slime	KING	NPC	MELEE	250		NOMOVE	0		STUN,SLOW,CURSE,TERROR	0		1	0	0	0	0	0	0	3954	3	1	0	0	562	79	100	100	0	2000	150	0	0	0	0	0	0	0	0	0	0	0	0	0	0	0	0	0	0	0	0	0	0	0	0	0	0	0	0	0	0	0	0	0	0	0	0	0	0	0	
4025	??? ?? ???	S_KNIGHT	MONSTER	MELEE	99			AGGR	UNDEAD		0	plechi_duratus_monster1	0	45	30	60	15	90	166	20767	8	12	0	0	35861	56	100	100	100	2000	175	0	0	0	0	0	1	0	1	0	0	0	0	0	0	0	0	0	0	0	2	0	0	0	0	0	0	0	0	0	0	0	0	0	0	0	0	0	0	0	
4026	??? ?? ???	S_KNIGHT	MONSTER	MELEE	99			AGGR	UNDEAD		0	plechi_duratus_monster2	0	45	30	60	15	90	166	20767	8	12	0	0	35861	56	100	100	100	2000	175	0	0	0	0	0	1	0	1	0	0	0	0	0	0	0	0	0	0	0	2	0	0	0	0	0	0	0	0	0	0	0	0	0	0	0	0	0	0	0	
4027	??? ?? ???	S_KNIGHT	MONSTER	MELEE	99			AGGR	UNDEAD		0	plechi_duratus_monster3	0	45	30	60	15	90	166	20767	8	12	0	0	35861	56	100	100	100	2000	175	0	0	0	0	0	1	0	1	0	0	0	0	0	0	0	0	0	0	0	2	0	0	0	0	0	0	0	0	0	0	0	0	0	0	0	0	0	0	0	
4028	??? ?? ???	S_KNIGHT	MONSTER	MELEE	99			AGGR	UNDEAD		0	plechi_duratus_monster4	0	45	30	60	15	90	166	20767	8	12	0	0	35861	56	100	100	100	2000	175	0	0	0	0	0	1	0	1	0	0	0	0	0	0	0	0	0	0	0	2	0	0	0	0	0	0	0	0	0	0	0	0	0	0	0	0	0	0	0	
4029	??? ?? ???	PAWN	MONSTER	RANGE	99			AGGR	UNDEAD		0	plechi_duratus_monster5	0	45	30	60	15	90	166	20767	8	12	0	0	35861	56	100	100	100	2000	650	0	0	0	0	0	1	0	1	0	0	0	0	0	0	0	0	0	0	0	2	0	0	0	0	0	0	0	0	0	0	0	0	0	0	0	0	0	0	0	
4030	?? ??	BOSS	MONSTER	MELEE	100		AGGR	0	UNDEAD	STUN,SLOW,CURSE,TERROR	0	plechi_duratus_trollboss	0	48	32	63	16	79	146	540618	19	22	0	0	20422	57	100	100	100	2000	175	0	0	0	0	0	10	0	0	0	0	0	0	0	0	0	0	0	0	0	5	0	0	0	0	30	256	0	0	0	0	0	0	0	0	0	0	0	0	0	
4031	?? ??	BOSS	MONSTER	MELEE	100		AGGR	0	UNDEAD	STUN,SLOW,CURSE,TERROR	0	plechi_duratus_boss	0	48	32	63	16	79	146	540618	19	22	0	0	20422	57	100	100	100	2000	175	0	0	0	0	0	10	0	0	0	0	0	0	0	0	0	0	0	0	0	5	0	0	0	0	20	256	20	256	0	0	0	0	0	0	0	0	0	0	0	
8444	???	KING	STONE	SPECIAL	100		NOMOVE	0		STUN,SLOW,CURSE,TERROR	0		0	0	0	6	0	0	0	1958000	5	1	0	0	1	8	0	0	0	2000	175	0	0	0	0	0	0	0	0	0	0	0	0	0	0	0	0	0	0	100	0	0	0	0	0	0	0	0	0	0	0	0	0	0	0	0	0	0	0	0	
9264	NPC	KING	NPC	MELEE	70		NOMOVE	0		STUN,SLOW,CURSE,TERROR	0		1	0	0	0	0	0	0	3954	3	1	0	0	562	79	100	100	0	2000	150	0	0	0	0	0	0	0	0	0	0	0	0	0	0	0	0	0	0	0	0	0	0	0	0	0	0	0	0	0	0	0	0	0	0	0	0	0	0	0	
9267	NPC	KING	NPC	MELEE	70		NOMOVE	0		STUN,SLOW,CURSE,TERROR	0		1	0	0	0	0	0	0	3954	3	1	0	0	562	79	100	100	0	2000	150	0	0	0	0	0	0	0	0	0	0	0	0	0	0	0	0	0	0	0	0	0	0	0	0	0	0	0	0	0	0	0	0	0	0	0	0	0	0	0	
9268	NPC	KING	NPC	MELEE	70		NOMOVE	0		STUN,SLOW,CURSE,TERROR	0		1	0	0	0	0	0	0	3954	3	1	0	0	562	79	100	100	0	2000	150	0	0	0	0	0	0	0	0	0	0	0	0	0	0	0	0	0	0	0	0	0	0	0	0	0	0	0	0	0	0	0	0	0	0	0	0	0	0	0	
9269	NPC	KING	NPC	MELEE	70		NOMOVE	0		STUN,SLOW,CURSE,TERROR	0		1	0	0	0	0	0	0	3954	3	1	0	0	562	79	100	100	0	2000	150	0	0	0	0	0	0	0	0	0	0	0	0	0	0	0	0	0	0	0	0	0	0	0	0	0	0	0	0	0	0	0	0	0	0	0	0	0	0	0	
271	??	KNIGHT	MONSTER	MELEE	100			0	UNDEAD		0	santhia_chaos	0	3	6	5	2	20	24	11000	6	7	15000	25000	2744	4	100	100	0	2000	175	0	0	0	0	0	0	0	0	0	0	0	0	0	0	0	0	0	0	0	0	1	0	0	0	70104	0	0	0	0	0	0	0	0	0	0	0	0	0	0	0
272	??	KNIGHT	MONSTER	MELEE	100			0	UNDEAD		0	santhia_lubble2	0	3	6	5	2	20	24	11000	6	7	15000	25000	2744	4	100	100	0	2000	175	0	0	0	0	0	0	0	0	0	0	0	0	0	0	0	0	0	0	0	0	1	0	0	0	70104	0	0	0	0	0	0	0	0	0	0	0	0	0	0	0
273	??	KNIGHT	MONSTER	MELEE	100			0	UNDEAD		0	santhia_lubble	0	3	6	5	2	20	24	11000	6	7	15000	25000	2744	4	100	100	0	2000	175	0	0	0	0	0	0	0	0	0	0	0	0	0	0	0	0	0	0	0	0	1	0	0	0	70104	0	0	0	0	0	0	0	0	0	0	0	0	0	0	0
274	?? ??	BOSS	MONSTER	MELEE	105		AGGR	0	UNDEAD	STUN,SLOW,CURSE,TERROR	0	plechi_demon_1thfloorboss	0	48	32	63	16	79	146	58452	19	22	15000	25000	20422	57	100	100	100	2000	175	0	0	0	0	0	10	0	0	0	0	0	0	0	0	0	0	0	0	0	0	2	0	0	0	0	20	258	20	256	0	0	0	0	0	35	0	0	0	0	0
275	??	KNIGHT	MONSTER	MELEE	100			0	UNDEAD		0	santhia_zombiehand	0	3	6	5	2	20	24	11000	6	7	15000	25000	2744	4	100	100	0	2000	175	0	0	0	0	0	0	0	0	0	0	0	0	0	0	0	0	0	0	0	0	1	0	0	0	70104	0	0	0	0	0	0	0	0	0	0	0	0	0	0	0
276	??	KNIGHT	MONSTER	MELEE	100			0	UNDEAD		0	plechi_demon_zombie	0	3	6	5	2	20	24	11000	6	7	15000	25000	2744	4	100	100	0	2000	175	0	0	0	0	0	0	0	0	0	0	0	0	0	0	0	0	0	0	0	0	1	0	0	0	70104	0	0	0	0	0	0	0	0	0	0	0	0	0	0	0
277	??	KNIGHT	MONSTER	MELEE	100			0	UNDEAD		0	plechi_demon_wretch	0	3	6	5	2	20	24	11000	6	7	15000	25000	2744	4	100	100	0	2000	175	0	0	0	0	0	0	0	0	0	0	0	0	0	0	0	0	0	0	0	0	1	0	0	0	70104	0	0	0	0	0	0	0	0	0	0	0	0	0	0	0
278	?? ??	BOSS	MONSTER	MELEE	105		AGGR	0	UNDEAD	STUN,SLOW,CURSE,TERROR	0	plechi_demonic_gorillaBoss	0	48	32	63	16	79	146	58452	19	22	15000	25000	20422	57	100	100	100	2000	175	0	0	0	0	0	10	0	0	0	0	0	0	0	0	0	0	0	0	0	0	2	0	0	0	0	20	258	20	256	0	0	0	0	0	35	0	0	0	0	0
279	??	KNIGHT	MONSTER	MELEE	100			0	UNDEAD		0	plechi_demon_monstrum	0	3	6	5	2	20	24	11000	6	7	15000	25000	2744	4	100	100	0	2000	175	0	0	0	0	0	0	0	0	0	0	0	0	0	0	0	0	0	0	0	0	1	0	0	0	70104	0	0	0	0	0	0	0	0	0	0	0	0	0	0	0
280	?? ??	BOSS	MONSTER	MELEE	105		AGGR	0	UNDEAD	STUN,SLOW,CURSE,TERROR	0	plechi_demonic_gorillaBoss2	0	48	32	63	16	79	146	58452	19	22	15000	25000	20422	57	100	100	100	2000	175	0	0	0	0	0	10	0	0	0	0	0	0	0	0	0	0	0	0	0	0	2	0	0	0	0	20	258	20	256	0	0	0	0	0	35	0	0	0	0	0
281	??	KNIGHT	MONSTER	MELEE	100			0	UNDEAD		0	plechi_demon_lostsoul	0	3	6	5	2	20	24	11000	6	7	15000	25000	2744	4	100	100	0	2000	175	0	0	0	0	0	0	0	0	0	0	0	0	0	0	0	0	0	0	0	0	1	0	0	0	70104	0	0	0	0	0	0	0	0	0	0	0	0	0	0	0
282	??	KNIGHT	MONSTER	MELEE	100			0	UNDEAD		0	plechi_demon_lostsou2	0	3	6	5	2	20	24	11000	6	7	15000	25000	2744	4	100	100	0	2000	175	0	0	0	0	0	0	0	0	0	0	0	0	0	0	0	0	0	0	0	0	1	0	0	0	70104	0	0	0	0	0	0	0	0	0	0	0	0	0	0	0
283	?? ??	BOSS	MONSTER	MELEE	105		AGGR	0	UNDEAD	STUN,SLOW,CURSE,TERROR	0	shadow_dragon	0	48	32	63	16	79	146	58452	19	22	15000	25000	20422	57	100	100	100	2000	175	0	0	0	0	0	10	0	0	0	0	0	0	0	0	0	0	0	0	0	0	2	0	0	0	0	20	258	20	256	0	0	0	0	0	35	0	0	0	0	0
290	?????	BOSS	MONSTER	MELEE	95		AGGR,BERSERK,DEATHBLOW,REVIVE	0	DEVIL,ATT_ELEC	STUN,SLOW,CURSE,TERROR	0	ch_general	0	119	89	60	30	147	268	900000	17	30	0	0	456600	92	140	130	100	2000	100	0	0	0	5	5	15	10	10	45	45	40	35	35	50	0	0	20	0	0	4	2415	40	0	0	0	0	0	0	0	0	0	0	0	0	0	0	0	0	0	
268	????	S_PAWN	MONSTER	MELEE	90		AGGR,STONESKIN	0	ANIMAL,ATT_ELEC	SLOW,CURSE,TERROR	0	plechi_moonwolf	0	111	83	55	28	172	235	22272	7	20	8243	12360	1250000	79	110	130	100	2000	50	0	0	0	0	0	0	5	5	10	10	5	-5	-5	10	0	0	15	0	0	4	0	15	0	0	0	0	0	0	0	0	0	0	0	0	0	0	0	0	0	
269	???õ	BOSS	MONSTER	MELEE	108		AGGR,BERSERK,STONESKIN,DEATHBLOW,REVIVE	0	ANIMAL,ATT_ELEC	STUN,SLOW,CURSE,TERROR	0	yamachun	0	133	66	133	33	356	490	1000000	30	20	120	900	422585	256	110	110	100	2000	300	0	0	0	0	5	5	10	15	40	35	40	40	40	40	0	0	0	0	0	4	0	25	0	0	0	0	0	0	0	0	0	0	0	0	0	0	0	0	0	
300	???õ	BOSS	MONSTER	MELEE	108		AGGR,BERSERK,STONESKIN,DEATHBLOW,	0	MONSTER,ATT_ELEC	STUN,SLOW,CURSE,TERROR	0	yamachun	0	133	66	133	33	356	490	600000	30	20	120	900	422585	256	110	110	100	2000	300	0	0	0	0	5	5	10	15	40	35	40	40	40	40	0	0	0	0	0	4	0	25	0	0	0	0	0	0	0	0	0	0	0	0	0	0	0	0	0	
314	??? ?? ???	KNIGHT	MONSTER	MELEE	95				ANIMAL		0	plechi_summer2018_crab1	0	80	30	60	15	90	166	32767	8	12	3000	5000	40861	56	100	100	100	2000	175	0	0	0	0	0	1	0	1	0	0	0	0	0	0	0	0	0	0	0	3.5	0	0	0	0	0	0	0	0	0	0	0	0	0	0	0	0	0	0	0	
315	??? ?? ???	KNIGHT	MONSTER	MELEE	95				ANIMAL		0	plechi_summer2018_crab2	0	80	30	60	15	92	168	33517	8	12	3000	5000	41861	56	100	100	100	2000	175	0	0	0	0	0	1	0	1	0	0	0	0	0	0	0	0	0	0	0	3.5	0	0	0	0	0	0	0	0	0	0	0	0	0	0	0	0	0	0	0	
316	??? ?? ???	KNIGHT	MONSTER	MELEE	92				ANIMAL		0	plechi_summer2018_crab3	0	80	30	60	15	70	153	26767	8	12	3000	5000	32861	56	100	100	100	2000	175	0	0	0	0	0	1	0	1	0	0	0	0	0	0	0	0	0	0	0	3.5	0	0	0	0	0	0	0	0	0	0	0	0	0	0	0	0	0	0	0	
317	??? ?? ???	KNIGHT	MONSTER	MELEE	92				ANIMAL		0	plechi_summer2018_crab4	0	80	30	60	15	74	158	28314	8	12	3000	5000	34149	56	100	100	100	2000	175	0	0	0	0	0	1	0	1	0	0	0	0	0	0	0	0	0	0	0	3.5	0	0	0	0	0	0	0	0	0	0	0	0	0	0	0	0	0	0	0	
305	??? ?? ???	KNIGHT	MONSTER	MELEE	96				ANIMAL		0	plechi_summer2018_crab5	0	80	30	60	15	92	179	35767	8	12	3000	5000	43861	56	100	100	100	2000	175	0	0	0	0	0	1	0	1	0	0	0	0	0	0	0	0	0	0	0	3.5	0	0	0	0	0	0	0	0	0	0	0	0	0	0	0	0	0	0	0	
306	??? ?? ???	KNIGHT	MONSTER	MELEE	96				ANIMAL		0	plechi_summer2018_crab6	0	80	30	60	15	92	179	37728	8	12	3000	5000	44272	56	100	100	100	2000	175	0	0	0	0	0	1	0	1	0	0	0	0	0	0	0	0	0	0	0	3.5	0	0	0	0	0	0	0	0	0	0	0	0	0	0	0	0	0	0	0	
307	??? ?? ???	KNIGHT	MONSTER	MELEE	92				ANIMAL		0	plechi_summer2018_flower1	0	80	30	60	15	70	153	26767	8	12	3000	5000	32861	56	100	100	100	2000	175	0	0	0	0	0	1	0	1	0	0	0	0	0	0	0	0	0	0	0	3.5	0	0	0	0	0	0	0	0	0	0	0	0	0	0	0	0	0	0	0	
308	??? ?? ???	KNIGHT	MONSTER	MELEE	96				ANIMAL		0	plechi_summer2018_flower2	0	80	30	60	15	92	179	35767	8	12	3000	5000	43861	56	100	100	100	2000	175	0	0	0	0	0	1	0	1	0	0	0	0	0	0	0	0	0	0	0	3.5	0	0	0	0	0	0	0	0	0	0	0	0	0	0	0	0	0	0	0	
309	??? ?? ???	KNIGHT	MONSTER	MELEE	95				ANIMAL		0	plechi_summer2018_gorilla1	0	80	30	60	15	90	166	32767	8	12	3000	5000	40861	56	100	100	100	2000	175	0	0	0	0	0	1	0	1	0	0	0	0	0	0	0	0	0	0	0	3.5	0	0	0	0	0	0	0	0	0	0	0	0	0	0	0	0	0	0	0	
310	??? ?? ???	KNIGHT	MONSTER	MELEE	95				ANIMAL		0	plechi_summer2018_gorilla2	0	80	30	60	15	92	168	33517	8	12	3000	5000	41861	56	100	100	100	2000	175	0	0	0	0	0	1	0	1	0	0	0	0	0	0	0	0	0	0	0	3.5	0	0	0	0	0	0	0	0	0	0	0	0	0	0	0	0	0	0	0	
311	??? ?? ???	KNIGHT	MONSTER	MELEE	96				ANIMAL		0	plechi_summer2018_lizard1	0	80	30	60	15	92	179	37728	8	12	3000	5000	44272	56	100	100	100	2000	175	0	0	0	0	0	1	0	1	0	0	0	0	0	0	0	0	0	0	0	3.5	0	0	0	0	0	0	0	0	0	0	0	0	0	0	0	0	0	0	0	
312	??? ?? ???	KNIGHT	MONSTER	MELEE	96				ANIMAL		0	plechi_summer2018_lizard2	0	80	30	60	15	95	184	40728	8	12	3000	5000	47272	56	100	100	100	2000	175	0	0	0	0	0	1	0	1	0	0	0	0	0	0	0	0	0	0	0	3.5	0	0	0	0	0	0	0	0	0	0	0	0	0	0	0	0	0	0	0	
313	??? ?? ???	KNIGHT	MONSTER	MELEE	98				ANIMAL		0	plechi_summer2018_wdrag	0	131	65	131	32	375	463	91271	5	15	315	2363	23895	178	110	110	100	2000	100	0	0	0	0	5	0	5	15	0	-5	-25	0	0	20	0	0	0	0	0	2	0	15	0	0	0	0	0	0	0	0	0	0	0	0	0	0	0	0	0	
8530	??????	KING	STONE	MELEE	99		NOMOVE	0		STUN,SLOW,CURSE,TERROR	0		0	0	0	100	0	0	0	705000	5	1	0	0	51	100	7000	7000	0	2000	150	0	0	0	0	0	0	0	0	0	0	0	0	0	0	0	0	0	0	100	0	0	0	0	0	0	0	0	0	0	0	0	0	0	0	0	0	0	0	0	
8531	Mamut1	KING	NPC	MELEE	1			0		STUN,SLOW,CURSE,TERROR	0	christmas_2016_mammoth	2	0	0	0	0	0	0	120	3	1	0	0	10	4	100	100	0	2000	150	0	0	0	0	0	0	0	0	0	0	0	0	0	0	0	0	0	0	0	0	0	0	0	0	0	0	0	0	0	0	0	0	0	0	0	0	0	0	0
8532	Mamut2	KING	NPC	MELEE	1			0		STUN,SLOW,CURSE,TERROR	0	christmas_2016_mammoth_01	2	0	0	0	0	0	0	120	3	1	0	0	10	4	100	100	0	2000	150	0	0	0	0	0	0	0	0	0	0	0	0	0	0	0	0	0	0	0	0	0	0	0	0	0	0	0	0	0	0	0	0	0	0	0	0	0	0	0
20504	Gaya Tezðahý	"KING"	"NPC"	"MELEE"	1		"NOMOVE"	0	""	"STUN,SLOW,CURSE,TERROR"	0		2	1	1	1	1	1	1	2	1	1	1	1	1	1	100	100	0	0	0	0	0	0	0	0	0	0	0	0	0	0	0	0	0	0	0	0	0	0	0	0	0	0	0	0	0	0	0	0	0	0	0	0	0	0	0	0	0	0
20503	Gaya Tüccarý	"KING"	"NPC"	"MELEE"	1		"NOMOVE"	0	""	"STUN,SLOW,CURSE,TERROR"	0		2	1	1	1	1	1	1	2	1	1	1	1	1	1	100	100	0	0	0	0	0	0	0	0	0	0	0	0	0	0	0	0	0	0	0	0	0	0	0	0	0	0	0	0	0	0	0	0	0	0	0	0	0	0	0	0	0	0
30000	Privateshop	KING	NPC	MELEE	1		NOMOVE	0		STUN,SLOW,CURSE,TERROR	0		2	0	0	0	0	0	0	120	3	1	0	0	10	4	100	100	0	2000	150	0	0	0	0	0	0	0	0	0	0	0	0	0	0	0	0	0	0	0	0	0	0	16764159	0	0	0	0	0							0	0	0	0	0
30001	Privateshop	KING	NPC	MELEE	1		NOMOVE	0		STUN,SLOW,CURSE,TERROR	0		2	0	0	0	0	0	0	120	3	1	0	0	10	4	100	100	0	2000	150	0	0	0	0	0	0	0	0	0	0	0	0	0	0	0	0	0	0	0	0	0	0	16764159	0	0	0	0	0							0	0	0	0	0
30002	1001 Nights	KING	NPC	MELEE	1		NOMOVE	0		STUN,SLOW,CURSE,TERROR	0		2	0	0	0	0	0	0	120	3	1	0	0	10	4	100	100	0	2000	150	0	0	0	0	0	0	0	0	0	0	0	0	0	0	0	0	0	0	0	0	0	0	16764159	0	0	0	0	0							0	0	0	0	0
30003	BBQ King	KING	NPC	MELEE	1		NOMOVE	0		STUN,SLOW,CURSE,TERROR	0		2	0	0	0	0	0	0	120	3	1	0	0	10	4	100	100	0	2000	150	0	0	0	0	0	0	0	0	0	0	0	0	0	0	0	0	0	0	0	0	0	0	16764159	0	0	0	0	0							0	0	0	0	0
30004	Treasure Hunter	KING	NPC	MELEE	1		NOMOVE	0		STUN,SLOW,CURSE,TERROR	0		2	0	0	0	0	0	0	120	3	1	0	0	10	4	100	100	0	2000	150	0	0	0	0	0	0	0	0	0	0	0	0	0	0	0	0	0	0	0	0	0	0	16764159	0	0	0	0	0							0	0	0	0	0
30005	Frugal Flame	KING	NPC	MELEE	1		NOMOVE	0		STUN,SLOW,CURSE,TERROR	0		2	0	0	0	0	0	0	120	3	1	0	0	10	4	100	100	0	2000	150	0	0	0	0	0	0	0	0	0	0	0	0	0	0	0	0	0	0	0	0	0	0	16764159	0	0	0	0	0							0	0	0	0	0
30006	Arms Dealer	KING	NPC	MELEE	1		NOMOVE	0		STUN,SLOW,CURSE,TERROR	0		2	0	0	0	0	0	0	120	3	1	0	0	10	4	100	100	0	2000	150	0	0	0	0	0	0	0	0	0	0	0	0	0	0	0	0	0	0	0	0	0	0	16764159	0	0	0	0	0							0	0	0	0	0
30007	Armour Dealership	KING	NPC	MELEE	1		NOMOVE	0		STUN,SLOW,CURSE,TERROR	0		2	0	0	0	0	0	0	120	3	1	0	0	10	4	100	100	0	2000	150	0	0	0	0	0	0	0	0	0	0	0	0	0	0	0	0	0	0	0	0	0	0	16764159	0	0	0	0	0							0	0	0	0	0
30008	Alchemist	KING	NPC	MELEE	1		NOMOVE	0		STUN,SLOW,CURSE,TERROR	0		2	0	0	0	0	0	0	120	3	1	0	0	10	4	100	100	0	2000	150	0	0	0	0	0	0	0	0	0	0	0	0	0	0	0	0	0	0	0	0	0	0	16764159	0	0	0	0	0							0	0	0	0	0